case_id	object_key	worker	wave	status	failures
box001_20231003_1_039_p1	box001	local-gpu0	remaining	pass	
box001_20231003_1_041_p1	box001	local-gpu0	remaining	pass	
box001_20231003_2_037_p1	box001	local-gpu0	remaining	pass	
box001_20231003_2_039_p1	box001	local-gpu0	remaining	pass	
box001_20231023_107_p2	box001	local-gpu0	remaining	pass	
box001_20231023_109_p2	box001	local-gpu0	remaining	pass	
box023_20231008_046_p1	box023	local-gpu0	remaining	pass	
box023_20231011_021_p1	box023	local-gpu0	remaining	pass	
box023_20231020_042_p1	box023	local-gpu0	remaining	pass	
