case_id	object_key	source_exp	retarget_variant_id	metric_standard_id	prg_qpos	prg_qpos_sha256	scene_xml	scene_xml_sha256	trajectory	trajectory_sha256	contact_mask	contact_mask_sha256	person_idx	input_status
box001_20231003_1_039_p1	box001	E173	omnirt_v1	core4d-e154-physics-contact-v1	/mnt/a0ccc676-9496-49f8-a861-f8a1797dec52/spider_workdirs/core4d/results/E173/s6_downstream/cem/full/E173_box001_20231003_1_039_p1_PRG_outdir_full/trajectory_mjwp_act.npz	90dd50afe3f4d15936bab2feaa61883f6c6c367b92af64a148082304595fe4db	example_datasets/processed/core4d/unitree_g1/humanoid_object/dcv3_omnirt_v1_ref_fk_box001_20231003_1_039_p1/scene_act_E173_rubberHull_PRG.xml	03547b71aa503d7a8c5e39e982d5e245e6ee62e4d5a262bf4dc733cb9ef7f73c	example_datasets/processed/core4d/unitree_g1/humanoid_object/dcv3_omnirt_v1_ref_fk_box001_20231003_1_039_p1/0/trajectory_kinematic.npz	e199d8f2f55179e98cef6cdbe52ebc954ba033d1ee4bd795756d850a309e94a0	/mnt/a0ccc676-9496-49f8-a861-f8a1797dec52/spider_workdirs/core4d/results/E173/s3_retarget/omnirt_v1/ref_fk/results/omnirt_v1_ref_fk/contact_masks/dcv3_omnirt_v1_ref_fk_box001_20231003_1_039_p1/raw_contact_mask_3cm.npz	a169c93200db65c7eb58970e3f06d8881d6eac16ba6cf327433b6abd83b4ba25	0	pass
box001_20231003_1_039_p2	box001	E173	omnirt_v1	core4d-e154-physics-contact-v1	/mnt/a0ccc676-9496-49f8-a861-f8a1797dec52/spider_workdirs/core4d/results/E173/s6_downstream/cem/full/E173_box001_20231003_1_039_p2_PRG_outdir_full/trajectory_mjwp_act.npz	04772112afcfa6c06f5cd1f12ab969c7bdc9f22b4a26d233ea1a08972b718d3a	example_datasets/processed/core4d/unitree_g1/humanoid_object/dcv3_omnirt_v1_ref_fk_box001_20231003_1_039_p2/scene_act_E173_rubberHull_PRG.xml	243a1c6018eec6030129fca40bc531c6f580b36e980de6888f7c791b127a26c0	example_datasets/processed/core4d/unitree_g1/humanoid_object/dcv3_omnirt_v1_ref_fk_box001_20231003_1_039_p2/0/trajectory_kinematic.npz	fd6166acff553e8b0b898adbd811c8207d6617061d0c6ab6f0505f7aace8b01b	/mnt/a0ccc676-9496-49f8-a861-f8a1797dec52/spider_workdirs/core4d/results/E173/s3_retarget/omnirt_v1/ref_fk/results/omnirt_v1_ref_fk/contact_masks/dcv3_omnirt_v1_ref_fk_box001_20231003_1_039_p2/raw_contact_mask_3cm.npz	3345d4941425ec7ef68ffee4aafd668ac19bada226bd44318f9baeb570d284ad	1	pass
box001_20231003_1_040_p1	box001	E173	omnirt_v1	core4d-e154-physics-contact-v1	/mnt/a0ccc676-9496-49f8-a861-f8a1797dec52/spider_workdirs/core4d/results/E173/s6_downstream/cem/full/E173_box001_20231003_1_040_p1_PRG_outdir_full/trajectory_mjwp_act.npz	f1711adf588e93521f2eed25618b4079b52d908d1fba7b8c70a6adb1a5642fbd	example_datasets/processed/core4d/unitree_g1/humanoid_object/dcv3_omnirt_v1_ref_fk_box001_20231003_1_040_p1/scene_act_E173_rubberHull_PRG.xml	2523ff319f9fe67b2e70591681e7fb20dba95c9e213ca301591fb64a15fce1d6	example_datasets/processed/core4d/unitree_g1/humanoid_object/dcv3_omnirt_v1_ref_fk_box001_20231003_1_040_p1/0/trajectory_kinematic.npz	d47c4c144c9b5f6282aa9a38ec243399626fe32ff7ad5b59a92d1c05bb85121a	/mnt/a0ccc676-9496-49f8-a861-f8a1797dec52/spider_workdirs/core4d/results/E173/s3_retarget/omnirt_v1/ref_fk/results/omnirt_v1_ref_fk/contact_masks/dcv3_omnirt_v1_ref_fk_box001_20231003_1_040_p1/raw_contact_mask_3cm.npz	71699f49a5edbe310775ea8d2f42bfa7935e8e0025e2c43381f9a53da06721da	0	pass
box001_20231003_1_040_p2	box001	E173	omnirt_v2	core4d-e154-physics-contact-v1	/mnt/a0ccc676-9496-49f8-a861-f8a1797dec52/spider_workdirs/core4d/results/E173/s6_downstream/cem/full/E173_box001_20231003_1_040_p2_PRG_outdir_full/trajectory_mjwp_act.npz	81285d222b350c39172bd0ad8813c786a00d040e267babfd04a730b3e31a052f	example_datasets/processed/core4d/unitree_g1/humanoid_object/dcv3_omnirt_v2_ref_fk_box001_20231003_1_040_p2/scene_act_E173_rubberHull_PRG.xml	39c7199d2895d43add9ebbce4c33dc151232f3f85516dad2a01a05f5fe0fc3f8	example_datasets/processed/core4d/unitree_g1/humanoid_object/dcv3_omnirt_v2_ref_fk_box001_20231003_1_040_p2/0/trajectory_kinematic.npz	0a50e9c5a1a5d5385089df7b9d6a3703a4707f2b415ef09d2be1cc50c45d4d39	/mnt/a0ccc676-9496-49f8-a861-f8a1797dec52/spider_workdirs/core4d/results/E173/s3_retarget/omnirt_v2/ref_fk/results/omnirt_v2_ref_fk/contact_masks/dcv3_omnirt_v2_ref_fk_box001_20231003_1_040_p2/raw_contact_mask_3cm.npz	ff6bc37767f4c306d07eab81dd8d62d3a89e0238ca717def83972ba8e1e5b949	1	pass
box001_20231003_1_041_p1	box001	E173	omnirt_v2	core4d-e154-physics-contact-v1	/mnt/a0ccc676-9496-49f8-a861-f8a1797dec52/spider_workdirs/core4d/results/E173/s6_downstream/cem/full/E173_box001_20231003_1_041_p1_PRG_outdir_full/trajectory_mjwp_act.npz	3f63570db24a69961a2e6791d3325f5f15edf810af57d98d5902bce3787b77e2	example_datasets/processed/core4d/unitree_g1/humanoid_object/dcv3_omnirt_v2_ref_fk_box001_20231003_1_041_p1/scene_act_E173_rubberHull_PRG.xml	ceb3ff107335f4bb07c820bd5d1c74d9e1135d2bd2fcf2aa76d79039bee0f943	example_datasets/processed/core4d/unitree_g1/humanoid_object/dcv3_omnirt_v2_ref_fk_box001_20231003_1_041_p1/0/trajectory_kinematic.npz	34765c4de314ed17edd53a2afab0aa18abd0315f6298cb459594aa75bf36f3b7	/mnt/a0ccc676-9496-49f8-a861-f8a1797dec52/spider_workdirs/core4d/results/E173/s3_retarget/omnirt_v2/ref_fk/results/omnirt_v2_ref_fk/contact_masks/dcv3_omnirt_v2_ref_fk_box001_20231003_1_041_p1/raw_contact_mask_3cm.npz	7bb8e148f043243a5519521fc70fbd5658141d15f86f7765ff6c97a2d339cf66	0	pass
box001_20231003_1_041_p2	box001	E173	omnirt_v1	core4d-e154-physics-contact-v1	/mnt/a0ccc676-9496-49f8-a861-f8a1797dec52/spider_workdirs/core4d/results/E173/s6_downstream/cem/full/E173_box001_20231003_1_041_p2_PRG_outdir_full/trajectory_mjwp_act.npz	deff98285ca1389630d417b138241d41e83e6fd6d6d199009650a994bc2fa71c	example_datasets/processed/core4d/unitree_g1/humanoid_object/dcv3_omnirt_v1_ref_fk_box001_20231003_1_041_p2/scene_act_E173_rubberHull_PRG.xml	d7a58ec4b22dfe390952ebe16d4fe8f58b624c57f801413acb26045af5362eba	example_datasets/processed/core4d/unitree_g1/humanoid_object/dcv3_omnirt_v1_ref_fk_box001_20231003_1_041_p2/0/trajectory_kinematic.npz	c5ab8d4d72aed89e944e0096b6afe17758b8f3a3127e85afdb320bd8a3f2bc40	/mnt/a0ccc676-9496-49f8-a861-f8a1797dec52/spider_workdirs/core4d/results/E173/s3_retarget/omnirt_v1/ref_fk/results/omnirt_v1_ref_fk/contact_masks/dcv3_omnirt_v1_ref_fk_box001_20231003_1_041_p2/raw_contact_mask_3cm.npz	7f96b83d4d7ef4079d90084eb09f8bdbc5f892c0065bd886317efcd03b22282a	1	pass
box001_20231003_1_042_p1	box001	E173	omnirt_v1	core4d-e154-physics-contact-v1	/mnt/a0ccc676-9496-49f8-a861-f8a1797dec52/spider_workdirs/core4d/results/E173/s6_downstream/cem/full/E173_box001_20231003_1_042_p1_PRG_outdir_full/trajectory_mjwp_act.npz	24ce8b943eaf9c4034a56175061ee8d94be4bf9ae43d0eed2edc9f324d5e3d04	example_datasets/processed/core4d/unitree_g1/humanoid_object/dcv3_omnirt_v1_ref_fk_box001_20231003_1_042_p1/scene_act_E173_rubberHull_PRG.xml	bedeeedeb65c96aed9bb55a89d0447e829517ded48094d44843d8d7c01654948	example_datasets/processed/core4d/unitree_g1/humanoid_object/dcv3_omnirt_v1_ref_fk_box001_20231003_1_042_p1/0/trajectory_kinematic.npz	693133944d7b8ca91547743b57c6df08b47318de6722f2728c8f47347f311e39	/mnt/a0ccc676-9496-49f8-a861-f8a1797dec52/spider_workdirs/core4d/results/E173/s3_retarget/omnirt_v1/ref_fk/results/omnirt_v1_ref_fk/contact_masks/dcv3_omnirt_v1_ref_fk_box001_20231003_1_042_p1/raw_contact_mask_3cm.npz	cb5d820da879141253160041b0cce9414cfe6fa4074d34f69bf4d069465215f2	0	pass
box001_20231003_1_042_p2	box001	E173	omnirt_v1	core4d-e154-physics-contact-v1	/mnt/a0ccc676-9496-49f8-a861-f8a1797dec52/spider_workdirs/core4d/results/E173/s6_downstream/cem/full/E173_box001_20231003_1_042_p2_PRG_outdir_full/trajectory_mjwp_act.npz	cc554f2899a06783bdff029733d7f70db89af871866445a86564f485e8861d55	example_datasets/processed/core4d/unitree_g1/humanoid_object/dcv3_omnirt_v1_ref_fk_box001_20231003_1_042_p2/scene_act_E173_rubberHull_PRG.xml	0bc7865d9c0e3aa812f9dfc4db35a3c1ff23454c1d7c70d3cbb9d4cda200ac29	example_datasets/processed/core4d/unitree_g1/humanoid_object/dcv3_omnirt_v1_ref_fk_box001_20231003_1_042_p2/0/trajectory_kinematic.npz	db6c4e6adb3d1688648041a9b597a2c2a27f7cb6a5af64cad923f0115e27170d	/mnt/a0ccc676-9496-49f8-a861-f8a1797dec52/spider_workdirs/core4d/results/E173/s3_retarget/omnirt_v1/ref_fk/results/omnirt_v1_ref_fk/contact_masks/dcv3_omnirt_v1_ref_fk_box001_20231003_1_042_p2/raw_contact_mask_3cm.npz	68e952cabeedd065baee229cb439f6568b580d384ff52ddfe138f5027ef371ad	1	pass
box001_20231003_1_043_p2	box001	E173	omnirt_v1	core4d-e154-physics-contact-v1	/mnt/a0ccc676-9496-49f8-a861-f8a1797dec52/spider_workdirs/core4d/results/E173/s6_downstream/cem/full/E173_box001_20231003_1_043_p2_PRG_outdir_full/trajectory_mjwp_act.npz	fdb0388569286c4277702a6cf7403e9e0f8a9b4c950f87430f25cdd86618a2bd	example_datasets/processed/core4d/unitree_g1/humanoid_object/dcv3_omnirt_v1_ref_fk_box001_20231003_1_043_p2/scene_act_E173_rubberHull_PRG.xml	8099d371762503bffa0e32f68cfb7d5c1e6e8ed4e736c467362e75d349f53eb4	example_datasets/processed/core4d/unitree_g1/humanoid_object/dcv3_omnirt_v1_ref_fk_box001_20231003_1_043_p2/0/trajectory_kinematic.npz	cc94cebfd0f8b91246f1af8da11a0e9073581aeec3d4118ece68c028ae13a762	/mnt/a0ccc676-9496-49f8-a861-f8a1797dec52/spider_workdirs/core4d/results/E173/s3_retarget/omnirt_v1/ref_fk/results/omnirt_v1_ref_fk/contact_masks/dcv3_omnirt_v1_ref_fk_box001_20231003_1_043_p2/raw_contact_mask_3cm.npz	34748680491e256f39f73a9acdf99ae8c8f07575199bb08c4dcd42302ef798a9	1	pass
box001_20231003_2_037_p1	box001	E173	omnirt_v1	core4d-e154-physics-contact-v1	/mnt/a0ccc676-9496-49f8-a861-f8a1797dec52/spider_workdirs/core4d/results/E173/s6_downstream/cem/full/E173_box001_20231003_2_037_p1_PRG_outdir_full/trajectory_mjwp_act.npz	d4682f5f2ced19488984a944d1457e41ef2225be7e747a29a638d1fd3528b101	example_datasets/processed/core4d/unitree_g1/humanoid_object/dcv3_omnirt_v1_ref_fk_box001_20231003_2_037_p1/scene_act_E173_rubberHull_PRG.xml	280a7a64984c689bbee036491a4c32955d4c1673a96e9dfe6c0dde4a586680f5	example_datasets/processed/core4d/unitree_g1/humanoid_object/dcv3_omnirt_v1_ref_fk_box001_20231003_2_037_p1/0/trajectory_kinematic.npz	4539ce4f62042ec1e56efe17073715ad01b7c3a1e9fa7c9f1581c5ddeca5bd0d	/mnt/a0ccc676-9496-49f8-a861-f8a1797dec52/spider_workdirs/core4d/results/E173/s3_retarget/omnirt_v1/ref_fk/results/omnirt_v1_ref_fk/contact_masks/dcv3_omnirt_v1_ref_fk_box001_20231003_2_037_p1/raw_contact_mask_3cm.npz	8bcd43b3255f0a6b263fff0207293a936e55f92a7175708bfd3d33d0d9d59c3c	0	pass
box001_20231003_2_037_p2	box001	E173	omnirt_v1	core4d-e154-physics-contact-v1	/mnt/a0ccc676-9496-49f8-a861-f8a1797dec52/spider_workdirs/core4d/results/E173/s6_downstream/cem/full/E173_box001_20231003_2_037_p2_PRG_outdir_full/trajectory_mjwp_act.npz	63f8b6d63e91dbbb64df3041a19f0259e172823979b76059da1655f32b69b702	example_datasets/processed/core4d/unitree_g1/humanoid_object/dcv3_omnirt_v1_ref_fk_box001_20231003_2_037_p2/scene_act_E173_rubberHull_PRG.xml	48685c47e31303e4976022fc0a9fd8cc4746f1aa7712815f5b76ceabd11f460f	example_datasets/processed/core4d/unitree_g1/humanoid_object/dcv3_omnirt_v1_ref_fk_box001_20231003_2_037_p2/0/trajectory_kinematic.npz	f2eb95976d4e8b2bbf9041288b32f3c2da697aba7cd971e7453e8f71fec6e4bb	/mnt/a0ccc676-9496-49f8-a861-f8a1797dec52/spider_workdirs/core4d/results/E173/s3_retarget/omnirt_v1/ref_fk/results/omnirt_v1_ref_fk/contact_masks/dcv3_omnirt_v1_ref_fk_box001_20231003_2_037_p2/raw_contact_mask_3cm.npz	426c70687f01458b6b1b659dc02d029a5d05001bdd766d60da228409a7b0f48e	1	pass
box001_20231003_2_038_p1	box001	E173	omnirt_v1	core4d-e154-physics-contact-v1	/mnt/a0ccc676-9496-49f8-a861-f8a1797dec52/spider_workdirs/core4d/results/E173/s6_downstream/cem/full/E173_box001_20231003_2_038_p1_PRG_outdir_full/trajectory_mjwp_act.npz	94653c7cfef37312191790c9e963687f6b8fb4b7b9870ac5805665b4b58b2d6a	example_datasets/processed/core4d/unitree_g1/humanoid_object/dcv3_omnirt_v1_ref_fk_box001_20231003_2_038_p1/scene_act_E173_rubberHull_PRG.xml	c0fb539e1c0ce3420e8f21c962ca3b06d401ab4c616eea3e85965217e88ee920	example_datasets/processed/core4d/unitree_g1/humanoid_object/dcv3_omnirt_v1_ref_fk_box001_20231003_2_038_p1/0/trajectory_kinematic.npz	2dbbd5c8a30589dee6f92754492532dbbebef8d28d5db8d1d453d112d8a9410b	/mnt/a0ccc676-9496-49f8-a861-f8a1797dec52/spider_workdirs/core4d/results/E173/s3_retarget/omnirt_v1/ref_fk/results/omnirt_v1_ref_fk/contact_masks/dcv3_omnirt_v1_ref_fk_box001_20231003_2_038_p1/raw_contact_mask_3cm.npz	63f85e8b2e41506a836340f010e15fbfda67b993ba6983b9413195227a37cc8a	0	pass
box001_20231003_2_038_p2	box001	E173	omnirt_v1	core4d-e154-physics-contact-v1	/mnt/a0ccc676-9496-49f8-a861-f8a1797dec52/spider_workdirs/core4d/results/E173/s6_downstream/cem/full/E173_box001_20231003_2_038_p2_PRG_outdir_full/trajectory_mjwp_act.npz	05f3c7a92351b3c6ecfe1ea9270507c3a0597764424de78f2f42d137e6d3db41	example_datasets/processed/core4d/unitree_g1/humanoid_object/dcv3_omnirt_v1_ref_fk_box001_20231003_2_038_p2/scene_act_E173_rubberHull_PRG.xml	ba3eb08d17c1db1c63ab43bde73f801aaf36c0ad899eb545bcbafbb983a990fc	example_datasets/processed/core4d/unitree_g1/humanoid_object/dcv3_omnirt_v1_ref_fk_box001_20231003_2_038_p2/0/trajectory_kinematic.npz	ff357c05836685b2b43d6ae63b4532475730dea6e8ea2b102d7a791bcf151986	/mnt/a0ccc676-9496-49f8-a861-f8a1797dec52/spider_workdirs/core4d/results/E173/s3_retarget/omnirt_v1/ref_fk/results/omnirt_v1_ref_fk/contact_masks/dcv3_omnirt_v1_ref_fk_box001_20231003_2_038_p2/raw_contact_mask_3cm.npz	d940121d14e7e53b1a43f838b8e7baefb975d1c29374a5863832435925128910	1	pass
box001_20231003_2_039_p1	box001	E173	omnirt_v2	core4d-e154-physics-contact-v1	/mnt/a0ccc676-9496-49f8-a861-f8a1797dec52/spider_workdirs/core4d/results/E173/s6_downstream/cem/full/E173_box001_20231003_2_039_p1_PRG_outdir_full/trajectory_mjwp_act.npz	36c6c564b66c8797b6e89e043eb64919aadf1adbf9ab9ffc2439b8b465caaeef	example_datasets/processed/core4d/unitree_g1/humanoid_object/dcv3_omnirt_v2_ref_fk_box001_20231003_2_039_p1/scene_act_E173_rubberHull_PRG.xml	2f1d72827030002930e25599e3b9df81f5056cddd07274881d0736454a6d87ff	example_datasets/processed/core4d/unitree_g1/humanoid_object/dcv3_omnirt_v2_ref_fk_box001_20231003_2_039_p1/0/trajectory_kinematic.npz	cc5a55ff79c38c04b222ef53f6191ef0425346977e29d65bdbedefea2df89a1f	/mnt/a0ccc676-9496-49f8-a861-f8a1797dec52/spider_workdirs/core4d/results/E173/s3_retarget/omnirt_v2/ref_fk/results/omnirt_v2_ref_fk/contact_masks/dcv3_omnirt_v2_ref_fk_box001_20231003_2_039_p1/raw_contact_mask_3cm.npz	17c76c33c09d283f4cf1fba40f5224340fcdcc9d12119495a105e2529ae81ce6	0	pass
box001_20231003_2_041_p1	box001	E173	omnirt_v1	core4d-e154-physics-contact-v1	/mnt/a0ccc676-9496-49f8-a861-f8a1797dec52/spider_workdirs/core4d/results/E173/s6_downstream/cem/full/E173_box001_20231003_2_041_p1_PRG_outdir_full/trajectory_mjwp_act.npz	abfd38575fa522cce303c3ca068df75fe89b12b3547f1c822a680ddc4c68629c	example_datasets/processed/core4d/unitree_g1/humanoid_object/dcv3_omnirt_v1_ref_fk_box001_20231003_2_041_p1/scene_act_E173_rubberHull_PRG.xml	942151d5e0eed8e2b80a439d1475a34e582058924aca91b1b1d51a953605e0bc	example_datasets/processed/core4d/unitree_g1/humanoid_object/dcv3_omnirt_v1_ref_fk_box001_20231003_2_041_p1/0/trajectory_kinematic.npz	bbb14f9d630e6ee1ab27ecb5d94c7b5db2b845e29e1ed5710f13a613c07df948	/mnt/a0ccc676-9496-49f8-a861-f8a1797dec52/spider_workdirs/core4d/results/E173/s3_retarget/omnirt_v1/ref_fk/results/omnirt_v1_ref_fk/contact_masks/dcv3_omnirt_v1_ref_fk_box001_20231003_2_041_p1/raw_contact_mask_3cm.npz	5b08eb55c2d3461997b223fae1ed57563fb14e2d7be3fa15be30a8430cb8b84b	0	pass
box001_20231020_010_p1	box001	E173	omnirt_v1	core4d-e154-physics-contact-v1	/mnt/a0ccc676-9496-49f8-a861-f8a1797dec52/spider_workdirs/core4d/results/E173/s6_downstream/cem/full/E173_box001_20231020_010_p1_PRG_outdir_full/trajectory_mjwp_act.npz	e465232dc0b6c4400ebc8936f6839d5f9739f801a9ee20b6ace8e56f15c087fa	example_datasets/processed/core4d/unitree_g1/humanoid_object/dcv3_omnirt_v1_ref_fk_box001_20231020_010_p1/scene_act_E173_rubberHull_PRG.xml	9ecc94900f8ca2760360977c3f9da614bb42fc20ad359197c7920c5c552a9d72	example_datasets/processed/core4d/unitree_g1/humanoid_object/dcv3_omnirt_v1_ref_fk_box001_20231020_010_p1/0/trajectory_kinematic.npz	f33bba81c28909ddb1f9f0636c930fd92d04d12d0f9f01d4f87f41bf99fc148a	/mnt/a0ccc676-9496-49f8-a861-f8a1797dec52/spider_workdirs/core4d/results/E173/s3_retarget/omnirt_v1/ref_fk/results/omnirt_v1_ref_fk/contact_masks/dcv3_omnirt_v1_ref_fk_box001_20231020_010_p1/raw_contact_mask_3cm.npz	a4d621ef2902537a01c9caac69bee9fa09c1c0f0b6975827a2c6bb33817da722	0	pass
box001_20231020_011_p1	box001	E173	omnirt_v1	core4d-e154-physics-contact-v1	/mnt/a0ccc676-9496-49f8-a861-f8a1797dec52/spider_workdirs/core4d/results/E173/s6_downstream/cem/full/E173_box001_20231020_011_p1_PRG_outdir_full/trajectory_mjwp_act.npz	22c3c1e0deb2c7835902efcca583b88c28f76941d15d1841a063bfa340943c71	example_datasets/processed/core4d/unitree_g1/humanoid_object/dcv3_omnirt_v1_ref_fk_box001_20231020_011_p1/scene_act_E173_rubberHull_PRG.xml	4d6b5979bebea9957a00f950d289879faacddb99b0f78a00b1cee4dbb010d4d8	example_datasets/processed/core4d/unitree_g1/humanoid_object/dcv3_omnirt_v1_ref_fk_box001_20231020_011_p1/0/trajectory_kinematic.npz	7cd6a8f1a0b7aef9da7f506e52c768072f0f9d739de2bfd84ab9d42ab900fd88	/mnt/a0ccc676-9496-49f8-a861-f8a1797dec52/spider_workdirs/core4d/results/E173/s3_retarget/omnirt_v1/ref_fk/results/omnirt_v1_ref_fk/contact_masks/dcv3_omnirt_v1_ref_fk_box001_20231020_011_p1/raw_contact_mask_3cm.npz	2a8cc5ca6352e10dd3b0d61cd90b1b8dfafef3f19da8bc52585fdb3bc47e5040	0	pass
box001_20231020_011_p2	box001	E173	omnirt_v1	core4d-e154-physics-contact-v1	/mnt/a0ccc676-9496-49f8-a861-f8a1797dec52/spider_workdirs/core4d/results/E173/s6_downstream/cem/full/E173_box001_20231020_011_p2_PRG_outdir_full/trajectory_mjwp_act.npz	d2761ec078b6bf2663cf33094ddcf4c433c855be604c3e1dac5f7c4db0fe5f9d	example_datasets/processed/core4d/unitree_g1/humanoid_object/dcv3_omnirt_v1_ref_fk_box001_20231020_011_p2/scene_act_E173_rubberHull_PRG.xml	16d15ef2f71f14d790a5b9a3f41cdab24563b967be3fd34bc2e08f2458b02382	example_datasets/processed/core4d/unitree_g1/humanoid_object/dcv3_omnirt_v1_ref_fk_box001_20231020_011_p2/0/trajectory_kinematic.npz	e3811343f87157a34602ad902667bd49fef2758f57772780cf5556ec12c426c3	/mnt/a0ccc676-9496-49f8-a861-f8a1797dec52/spider_workdirs/core4d/results/E173/s3_retarget/omnirt_v1/ref_fk/results/omnirt_v1_ref_fk/contact_masks/dcv3_omnirt_v1_ref_fk_box001_20231020_011_p2/raw_contact_mask_3cm.npz	344c265749db4ce24c173b1ef00300f71ac9ffdd6631d1b7cb6304ce49291c70	1	pass
box001_20231020_014_p1	box001	E173	omnirt_v1	core4d-e154-physics-contact-v1	/mnt/a0ccc676-9496-49f8-a861-f8a1797dec52/spider_workdirs/core4d/results/E173/s6_downstream/cem/full/E173_box001_20231020_014_p1_PRG_outdir_full/trajectory_mjwp_act.npz	df6f87436e3cfb3b0a132e4bafbe741f5aedd78e7a0260ce05801a0b1dee1621	example_datasets/processed/core4d/unitree_g1/humanoid_object/dcv3_omnirt_v1_ref_fk_box001_20231020_014_p1/scene_act_E173_rubberHull_PRG.xml	8b57a28d53a47918ec6251131cea047ec6efaa66740f8e2b4f14ef61b33a3c3a	example_datasets/processed/core4d/unitree_g1/humanoid_object/dcv3_omnirt_v1_ref_fk_box001_20231020_014_p1/0/trajectory_kinematic.npz	099510bd23ada050943351a06cedbb787687b786f4589b688425b057ad7cd0a9	/mnt/a0ccc676-9496-49f8-a861-f8a1797dec52/spider_workdirs/core4d/results/E173/s3_retarget/omnirt_v1/ref_fk/results/omnirt_v1_ref_fk/contact_masks/dcv3_omnirt_v1_ref_fk_box001_20231020_014_p1/raw_contact_mask_3cm.npz	1a185578e6defac185981322314b395ee358837c71a5a219bd0c4a1abd286050	0	pass
box001_20231020_014_p2	box001	E173	omnirt_v2	core4d-e154-physics-contact-v1	/mnt/a0ccc676-9496-49f8-a861-f8a1797dec52/spider_workdirs/core4d/results/E173/s6_downstream/cem/full/E173_box001_20231020_014_p2_PRG_outdir_full/trajectory_mjwp_act.npz	6466d73d55edea1e780f48160d2c760e9927e615bf37c79641fef2bbc319d41d	example_datasets/processed/core4d/unitree_g1/humanoid_object/dcv3_omnirt_v2_ref_fk_box001_20231020_014_p2/scene_act_E173_rubberHull_PRG.xml	d1d91954d6d0d600863ec4f1a8ecf04e79b4864425286b2700d67c14d33829b7	example_datasets/processed/core4d/unitree_g1/humanoid_object/dcv3_omnirt_v2_ref_fk_box001_20231020_014_p2/0/trajectory_kinematic.npz	b6dbdca5fdb928bea47a2ff944ece7ec9ac1cb5d03aeeadae16fbcae0f8e2c7e	/mnt/a0ccc676-9496-49f8-a861-f8a1797dec52/spider_workdirs/core4d/results/E173/s3_retarget/omnirt_v2/ref_fk/results/omnirt_v2_ref_fk/contact_masks/dcv3_omnirt_v2_ref_fk_box001_20231020_014_p2/raw_contact_mask_3cm.npz	f6f2bf32ce062dc091369a2b23ecce79b18417683c48635a64228fe79161c2b3	1	pass
box001_20231023_107_p1	box001	E173	omnirt_v1	core4d-e154-physics-contact-v1	/mnt/a0ccc676-9496-49f8-a861-f8a1797dec52/spider_workdirs/core4d/results/E173/s6_downstream/cem/full/E173_box001_20231023_107_p1_PRG_outdir_full/trajectory_mjwp_act.npz	0c1187a09afd72590cd4b93ba9f01d2b648cfaab96190ad6e0555d7e26353d67	example_datasets/processed/core4d/unitree_g1/humanoid_object/dcv3_omnirt_v1_ref_fk_box001_20231023_107_p1/scene_act_E173_rubberHull_PRG.xml	f9bf545f88d3394114e2e0864f3a8f4b0ed3484cbda9c202012db4eba7f7b47c	example_datasets/processed/core4d/unitree_g1/humanoid_object/dcv3_omnirt_v1_ref_fk_box001_20231023_107_p1/0/trajectory_kinematic.npz	e79541695982c573766a5ab2a832447e7478ad4df78630c4e984cd642ef451e8	/mnt/a0ccc676-9496-49f8-a861-f8a1797dec52/spider_workdirs/core4d/results/E173/s3_retarget/omnirt_v1/ref_fk/results/omnirt_v1_ref_fk/contact_masks/dcv3_omnirt_v1_ref_fk_box001_20231023_107_p1/raw_contact_mask_3cm.npz	86b3bc31a08a9d6e2b5f14992a923bcb0aa54696cd900201412be1de8e5098a8	0	pass
box001_20231023_107_p2	box001	E173	omnirt_v1	core4d-e154-physics-contact-v1	/mnt/a0ccc676-9496-49f8-a861-f8a1797dec52/spider_workdirs/core4d/results/E173/s6_downstream/cem/full/E173_box001_20231023_107_p2_PRG_outdir_full/trajectory_mjwp_act.npz	a037d2cadc2bdfbf0bb84cde0cba13a618c994cae22de2f4fc6d84cb74c919bc	example_datasets/processed/core4d/unitree_g1/humanoid_object/dcv3_omnirt_v1_ref_fk_box001_20231023_107_p2/scene_act_E173_rubberHull_PRG.xml	83650ef1a583b82a76e45b51c27ddee668f496922acb6a5f3c5d7099e870d16b	example_datasets/processed/core4d/unitree_g1/humanoid_object/dcv3_omnirt_v1_ref_fk_box001_20231023_107_p2/0/trajectory_kinematic.npz	f75cd1a3eb31859c35c942be45fc05e87f6d8237330546b7c2092a2a12166376	/mnt/a0ccc676-9496-49f8-a861-f8a1797dec52/spider_workdirs/core4d/results/E173/s3_retarget/omnirt_v1/ref_fk/results/omnirt_v1_ref_fk/contact_masks/dcv3_omnirt_v1_ref_fk_box001_20231023_107_p2/raw_contact_mask_3cm.npz	a7382d783f94314e9243fb12c081414b4652edb0ff98c61278946d74add0b706	1	pass
box001_20231023_108_p1	box001	E173	omnirt_v2	core4d-e154-physics-contact-v1	/mnt/a0ccc676-9496-49f8-a861-f8a1797dec52/spider_workdirs/core4d/results/E173/s6_downstream/cem/full/E173_box001_20231023_108_p1_PRG_outdir_full/trajectory_mjwp_act.npz	6530073618a5d546a696c136e055e3dbd0fb35d121a3451aff424047b1eece46	example_datasets/processed/core4d/unitree_g1/humanoid_object/dcv3_omnirt_v2_ref_fk_box001_20231023_108_p1/scene_act_E173_rubberHull_PRG.xml	67fc978ed550e63887b5a5d185310b2ca3e5dd3c4858f21d1ff2b681df5fada2	example_datasets/processed/core4d/unitree_g1/humanoid_object/dcv3_omnirt_v2_ref_fk_box001_20231023_108_p1/0/trajectory_kinematic.npz	bb132b3428c37005a5948d3277ae3d4f420eccbd32a606d48a7de6608bdf907d	/mnt/a0ccc676-9496-49f8-a861-f8a1797dec52/spider_workdirs/core4d/results/E173/s3_retarget/omnirt_v2/ref_fk/results/omnirt_v2_ref_fk/contact_masks/dcv3_omnirt_v2_ref_fk_box001_20231023_108_p1/raw_contact_mask_3cm.npz	551baf6097cba5632e675c6cb19ac42e05a2989337674e9917deef3bcc41e3fb	0	pass
box001_20231023_108_p2	box001	E173	omnirt_v1	core4d-e154-physics-contact-v1	/mnt/a0ccc676-9496-49f8-a861-f8a1797dec52/spider_workdirs/core4d/results/E173/s6_downstream/cem/full/E173_box001_20231023_108_p2_PRG_outdir_full/trajectory_mjwp_act.npz	be593cddcb78ec26b65d431117fe7d45891662490722738da12b4283d4ed98b3	example_datasets/processed/core4d/unitree_g1/humanoid_object/dcv3_omnirt_v1_ref_fk_box001_20231023_108_p2/scene_act_E173_rubberHull_PRG.xml	5dd0d2a5078d20ff970b6bf24755cce2c0789aabbba71dce9eb5315816214c96	example_datasets/processed/core4d/unitree_g1/humanoid_object/dcv3_omnirt_v1_ref_fk_box001_20231023_108_p2/0/trajectory_kinematic.npz	2321c3e30adb91503595fde994915716e395404b2c937b37c2b23f70d403b34a	/mnt/a0ccc676-9496-49f8-a861-f8a1797dec52/spider_workdirs/core4d/results/E173/s3_retarget/omnirt_v1/ref_fk/results/omnirt_v1_ref_fk/contact_masks/dcv3_omnirt_v1_ref_fk_box001_20231023_108_p2/raw_contact_mask_3cm.npz	ea684f7d17007d19a25148e034b9ca09603816411b1caf6303d85531be8bde1f	1	pass
box001_20231023_109_p1	box001	E173	omnirt_v2	core4d-e154-physics-contact-v1	/mnt/a0ccc676-9496-49f8-a861-f8a1797dec52/spider_workdirs/core4d/results/E173/s6_downstream/cem/full/E173_box001_20231023_109_p1_PRG_outdir_full/trajectory_mjwp_act.npz	399db8bde290b5bbd1eebbd3a7aff58bc072cf16c18871e845765508bda8c77f	example_datasets/processed/core4d/unitree_g1/humanoid_object/dcv3_omnirt_v2_ref_fk_box001_20231023_109_p1/scene_act_E173_rubberHull_PRG.xml	b5bdd659be476874407586a88846679df070948cc98e249796cff3ac125ce932	example_datasets/processed/core4d/unitree_g1/humanoid_object/dcv3_omnirt_v2_ref_fk_box001_20231023_109_p1/0/trajectory_kinematic.npz	9847dd8a6b9352316af8e5684bc9e98a37b5ee997934deec8b7ee9edcdbc7db4	/mnt/a0ccc676-9496-49f8-a861-f8a1797dec52/spider_workdirs/core4d/results/E173/s3_retarget/omnirt_v2/ref_fk/results/omnirt_v2_ref_fk/contact_masks/dcv3_omnirt_v2_ref_fk_box001_20231023_109_p1/raw_contact_mask_3cm.npz	3159e08757fbc07f86c0a54fb745d870bf204e0768e19793eb75782c831e3f20	0	pass
box001_20231023_109_p2	box001	E173	omnirt_v1	core4d-e154-physics-contact-v1	/mnt/a0ccc676-9496-49f8-a861-f8a1797dec52/spider_workdirs/core4d/results/E173/s6_downstream/cem/full/E173_box001_20231023_109_p2_PRG_outdir_full/trajectory_mjwp_act.npz	dce849b9b73aa8a31f39521956b51884b28417b395e2f924a9f2138f78c75558	example_datasets/processed/core4d/unitree_g1/humanoid_object/dcv3_omnirt_v1_ref_fk_box001_20231023_109_p2/scene_act_E173_rubberHull_PRG.xml	376bd18ff436123a0b423b1529479437bc9fbf427de8f465f6352259e1ad7a9c	example_datasets/processed/core4d/unitree_g1/humanoid_object/dcv3_omnirt_v1_ref_fk_box001_20231023_109_p2/0/trajectory_kinematic.npz	64b913737ea733d1079c976d507cf9f7f1ea4731a0362cae7a6e51ed699102f1	/mnt/a0ccc676-9496-49f8-a861-f8a1797dec52/spider_workdirs/core4d/results/E173/s3_retarget/omnirt_v1/ref_fk/results/omnirt_v1_ref_fk/contact_masks/dcv3_omnirt_v1_ref_fk_box001_20231023_109_p2/raw_contact_mask_3cm.npz	3159e08757fbc07f86c0a54fb745d870bf204e0768e19793eb75782c831e3f20	1	pass
box001_20231023_110_p1	box001	E173	omnirt_v2	core4d-e154-physics-contact-v1	/mnt/a0ccc676-9496-49f8-a861-f8a1797dec52/spider_workdirs/core4d/results/E173/s6_downstream/cem/full/E173_box001_20231023_110_p1_PRG_outdir_full/trajectory_mjwp_act.npz	131db7d6229911969f1727015167f7e9d0a5a50cfdffe6b03d7f346e98fcc239	example_datasets/processed/core4d/unitree_g1/humanoid_object/dcv3_omnirt_v2_ref_fk_box001_20231023_110_p1/scene_act_E173_rubberHull_PRG.xml	f74c43527e00e99d94929401ce9ee2739971165cfb6e0ffccf2ccb37acfc59b7	example_datasets/processed/core4d/unitree_g1/humanoid_object/dcv3_omnirt_v2_ref_fk_box001_20231023_110_p1/0/trajectory_kinematic.npz	a6489404f7027e5ad00b2015ff15dd554e3a3b7c44bfffc7a1458c85bf7f7e37	/mnt/a0ccc676-9496-49f8-a861-f8a1797dec52/spider_workdirs/core4d/results/E173/s3_retarget/omnirt_v2/ref_fk/results/omnirt_v2_ref_fk/contact_masks/dcv3_omnirt_v2_ref_fk_box001_20231023_110_p1/raw_contact_mask_3cm.npz	1f110268c3af5a29f8b2ee2e8d4ee7efde4e5982116cef75476b33774d528928	0	pass
box001_20231023_110_p2	box001	E173	omnirt_v1	core4d-e154-physics-contact-v1	/mnt/a0ccc676-9496-49f8-a861-f8a1797dec52/spider_workdirs/core4d/results/E173/s6_downstream/cem/full/E173_box001_20231023_110_p2_PRG_outdir_full/trajectory_mjwp_act.npz	45a96436487c02522a4f9594a30d471e0725ebec8cba2586dbe01d7ce6ee89a9	example_datasets/processed/core4d/unitree_g1/humanoid_object/dcv3_omnirt_v1_ref_fk_box001_20231023_110_p2/scene_act_E173_rubberHull_PRG.xml	81fde064a2d7c3f66f7cfc9521d430395724ce50c4fbb6bbee4f64e8c07e672e	example_datasets/processed/core4d/unitree_g1/humanoid_object/dcv3_omnirt_v1_ref_fk_box001_20231023_110_p2/0/trajectory_kinematic.npz	8599ad9e257c8f161271d94f1acc02205efa8ef9a34a88ecd051eb758df01a93	/mnt/a0ccc676-9496-49f8-a861-f8a1797dec52/spider_workdirs/core4d/results/E173/s3_retarget/omnirt_v1/ref_fk/results/omnirt_v1_ref_fk/contact_masks/dcv3_omnirt_v1_ref_fk_box001_20231023_110_p2/raw_contact_mask_3cm.npz	45a9c1f4ad60a0a7e1797882400827fb11525c8c91ce112fec449cf8e6a54e45	1	pass
box004_20231003_2_082_p1	box004	E172	omnirt_v1	core4d-e154-physics-contact-v1	/mnt/a0ccc676-9496-49f8-a861-f8a1797dec52/spider_workdirs/core4d/results/E172/s6_downstream/cem/full/E172_box004_20231003_2_082_p1_PRG_outdir_full/trajectory_mjwp_act.npz	d4baac3d8d25072deef8d840c1d5f3bd5b5bb39aebdaad8254a207ba986f1cb9	example_datasets/processed/core4d/unitree_g1/humanoid_object/dcv3_omnirt_v1_ref_fk_box004_20231003_2_082_p1/scene_act_E172_rubberHull_PRG.xml	c91644ced0bb403f5f57104815787229c97037de6e1fee9181bf078b3cfd2b2b	example_datasets/processed/core4d/unitree_g1/humanoid_object/dcv3_omnirt_v1_ref_fk_box004_20231003_2_082_p1/0/trajectory_kinematic.npz	8bf91d135985ab03fbbc73c100c058b332d3ca6226f8fe0c3afb5bb4037705ac	/mnt/a0ccc676-9496-49f8-a861-f8a1797dec52/spider_workdirs/core4d/results/E172/s3_retarget/omnirt_v1/ref_fk/results/omnirt_v1_ref_fk/contact_masks/dcv3_omnirt_v1_ref_fk_box004_20231003_2_082_p1/raw_contact_mask_3cm.npz	c20f95917dd290e091f6de9b565f93a74eadc9d643b1ec4f9ccc147f190c2a87	0	pass
box004_20231003_2_082_p2	box004	E172	omnirt_v2	core4d-e154-physics-contact-v1	/mnt/a0ccc676-9496-49f8-a861-f8a1797dec52/spider_workdirs/core4d/results/E172/s6_downstream/cem/full/E172_box004_20231003_2_082_p2_PRG_outdir_full/trajectory_mjwp_act.npz	8d066ca85e2c0ff070ab1a0685eedefcc1266de6b6eb9ff82b926ce00cf767b3	example_datasets/processed/core4d/unitree_g1/humanoid_object/dcv3_omnirt_v2_ref_fk_box004_20231003_2_082_p2/scene_act_E172_rubberHull_PRG.xml	522203d08649b0e9d8cf17a04fdb07c08399f5e85a495aae37a1e57ca9f960d4	example_datasets/processed/core4d/unitree_g1/humanoid_object/dcv3_omnirt_v2_ref_fk_box004_20231003_2_082_p2/0/trajectory_kinematic.npz	9989c545ee7d14b9a2675f433bba1ec7d8207f81c27c6ec24fc8def5fedb201e	/mnt/a0ccc676-9496-49f8-a861-f8a1797dec52/spider_workdirs/core4d/results/E172/s3_retarget/omnirt_v2/ref_fk/results/omnirt_v2_ref_fk/contact_masks/dcv3_omnirt_v2_ref_fk_box004_20231003_2_082_p2/raw_contact_mask_3cm.npz	e6a0463fc2648141a984c33bd5e0e73bcc588bd0216dbc7dc027a03ed849e51d	1	pass
box004_20231003_2_083_p1	box004	E172	omnirt_v1	core4d-e154-physics-contact-v1	/mnt/a0ccc676-9496-49f8-a861-f8a1797dec52/spider_workdirs/core4d/results/E172/s6_downstream/cem/full/E172_box004_20231003_2_083_p1_PRG_outdir_full/trajectory_mjwp_act.npz	2187c6eba84f5b9e692beadc327fc475cc0c4816e05712b325e5c754ee9478a6	example_datasets/processed/core4d/unitree_g1/humanoid_object/dcv3_omnirt_v1_ref_fk_box004_20231003_2_083_p1/scene_act_E172_rubberHull_PRG.xml	8040b6bc4dfe11fadc913905a7032c2feaa8874b77f713e10a887899966fb5b6	example_datasets/processed/core4d/unitree_g1/humanoid_object/dcv3_omnirt_v1_ref_fk_box004_20231003_2_083_p1/0/trajectory_kinematic.npz	fc9b914074d87c7f7077a7853a7382a193425184b8068bd39014e09f394b2055	/mnt/a0ccc676-9496-49f8-a861-f8a1797dec52/spider_workdirs/core4d/results/E172/s3_retarget/omnirt_v1/ref_fk/results/omnirt_v1_ref_fk/contact_masks/dcv3_omnirt_v1_ref_fk_box004_20231003_2_083_p1/raw_contact_mask_3cm.npz	e70e9f2f56aab9964cf965ee16699e7f7e7c8602e6ce65792b4676d36ad17037	0	pass
box004_20231003_2_083_p2	box004	E172	omnirt_v1	core4d-e154-physics-contact-v1	/mnt/a0ccc676-9496-49f8-a861-f8a1797dec52/spider_workdirs/core4d/results/E172/s6_downstream/cem/full/E172_box004_20231003_2_083_p2_PRG_outdir_full/trajectory_mjwp_act.npz	90b21d2bbe4be5fd88e94d1798b37776b5435ebcb454768f9c49c88958a341b1	example_datasets/processed/core4d/unitree_g1/humanoid_object/dcv3_omnirt_v1_ref_fk_box004_20231003_2_083_p2/scene_act_E172_rubberHull_PRG.xml	9ee79de0c06499e75dadf28077d3fec4292f0f99ff479d089d0416348c38fa86	example_datasets/processed/core4d/unitree_g1/humanoid_object/dcv3_omnirt_v1_ref_fk_box004_20231003_2_083_p2/0/trajectory_kinematic.npz	f9a94d6243079223678d91ae21311a45d4dad3e4337d1029370819d44c29f0e6	/mnt/a0ccc676-9496-49f8-a861-f8a1797dec52/spider_workdirs/core4d/results/E172/s3_retarget/omnirt_v1/ref_fk/results/omnirt_v1_ref_fk/contact_masks/dcv3_omnirt_v1_ref_fk_box004_20231003_2_083_p2/raw_contact_mask_3cm.npz	8e125c94b81b77a709b352defb4d6fce9dcbe2b52b634a15adbfb5d5d6e30b4d	1	pass
box004_20231003_2_086_p1	box004	E172	omnirt_v1	core4d-e154-physics-contact-v1	/mnt/a0ccc676-9496-49f8-a861-f8a1797dec52/spider_workdirs/core4d/results/E172/s6_downstream/cem/full/E172_box004_20231003_2_086_p1_PRG_outdir_full/trajectory_mjwp_act.npz	e9aa483c3f62389df69adb388c5d45c5b5d96ea0196f5720a7eaac8465724cb2	example_datasets/processed/core4d/unitree_g1/humanoid_object/dcv3_omnirt_v1_ref_fk_box004_20231003_2_086_p1/scene_act_E172_rubberHull_PRG.xml	65e7c251e6bc680435176f137867d3afe4e70766f09a2eee344b3780437b711a	example_datasets/processed/core4d/unitree_g1/humanoid_object/dcv3_omnirt_v1_ref_fk_box004_20231003_2_086_p1/0/trajectory_kinematic.npz	cfb7be93952b9e08631e9deea9b9745559814e660d8267450a5ff65ac1e98dd1	/mnt/a0ccc676-9496-49f8-a861-f8a1797dec52/spider_workdirs/core4d/results/E172/s3_retarget/omnirt_v1/ref_fk/results/omnirt_v1_ref_fk/contact_masks/dcv3_omnirt_v1_ref_fk_box004_20231003_2_086_p1/raw_contact_mask_3cm.npz	d3962206892ff6a1817f31a1d699adc1dd20465bcdeece5061b1990fbeaa8677	0	pass
box004_20231003_2_086_p2	box004	E172	omnirt_v1	core4d-e154-physics-contact-v1	/mnt/a0ccc676-9496-49f8-a861-f8a1797dec52/spider_workdirs/core4d/results/E172/s6_downstream/cem/full/E172_box004_20231003_2_086_p2_PRG_outdir_full/trajectory_mjwp_act.npz	d934bb57ce3de4a528d67289e667ef62addc1e275e83c8d7b8a3422599199aca	example_datasets/processed/core4d/unitree_g1/humanoid_object/dcv3_omnirt_v1_ref_fk_box004_20231003_2_086_p2/scene_act_E172_rubberHull_PRG.xml	0434c7df4571ddf92c5ceed6197a4aa7838d328e02e2d8003ed738a670d43c67	example_datasets/processed/core4d/unitree_g1/humanoid_object/dcv3_omnirt_v1_ref_fk_box004_20231003_2_086_p2/0/trajectory_kinematic.npz	36893ef494173055e47a6e5b62f6a7828b72db254f801904bff5266f79b8079d	/mnt/a0ccc676-9496-49f8-a861-f8a1797dec52/spider_workdirs/core4d/results/E172/s3_retarget/omnirt_v1/ref_fk/results/omnirt_v1_ref_fk/contact_masks/dcv3_omnirt_v1_ref_fk_box004_20231003_2_086_p2/raw_contact_mask_3cm.npz	3bcee8114aef858b0ba1e85a90850925c414c89109493aee15a1b1e9f8d89591	1	pass
box021_20231011_034_p1	box021	E170	omnirt_v1	core4d-e154-physics-contact-v1	/mnt/a0ccc676-9496-49f8-a861-f8a1797dec52/spider_workdirs/core4d/results/E170/s6_downstream/cem/full/E170_box021_20231011_034_p1_PRG_outdir_full/trajectory_mjwp_act.npz	1184fa9adc3967af07a11f19c203fec988935119594e63b465568d6d6d486149	example_datasets/processed/core4d/unitree_g1/humanoid_object/dcv3_omnirt_v1_ref_fk_box021_20231011_034_p1/scene_act_E170_lowerbody_physics.xml	4d08757815892ab6af56be3c8c4ed1e2eed6f9ccd76d036ba4a479127ee1cc5c	example_datasets/processed/core4d/unitree_g1/humanoid_object/dcv3_omnirt_v1_ref_fk_box021_20231011_034_p1/0/trajectory_kinematic.npz	f7af11815acc9728d394eadad59194d9e01ae06eaa7fe693b28b0c2c87ae1bec	/mnt/a0ccc676-9496-49f8-a861-f8a1797dec52/spider_workdirs/core4d/results/E168/s3_retarget/omnirt_v1/ref_fk/results/omnirt_v1_ref_fk/contact_masks/dcv3_omnirt_v1_ref_fk_box021_20231011_034_p1/raw_contact_mask_3cm.npz	3ef03a7233cd30ad49d9524f30032c7458a3d90ec2b986fc29796d5a025a518d	0	pass
box021_20231011_034_p2	box021	E170	omnirt_v2	core4d-e154-physics-contact-v1	/mnt/a0ccc676-9496-49f8-a861-f8a1797dec52/spider_workdirs/core4d/results/E170/s6_downstream/cem/full/E170_box021_20231011_034_p2_PRG_outdir_full/trajectory_mjwp_act.npz	806da9a2286374d00abb01249e8981948a69766fc7e2ff071c0ae5a7f579e1de	example_datasets/processed/core4d/unitree_g1/humanoid_object/dcv3_omnirt_v2_ref_fk_box021_20231011_034_p2/scene_act_E170_lowerbody_physics.xml	3c1a453ab30029b9eb7667c784eded507c8f3e87aa8cfd1d8e585d5f653f1ada	example_datasets/processed/core4d/unitree_g1/humanoid_object/dcv3_omnirt_v2_ref_fk_box021_20231011_034_p2/0/trajectory_kinematic.npz	6a79573eea925184e3539eae63e5347bc865003038516db0c9932012e9c94c9b	/mnt/a0ccc676-9496-49f8-a861-f8a1797dec52/spider_workdirs/core4d/results/E168/s3_retarget/omnirt_v2/ref_fk/results/omnirt_v2_ref_fk/contact_masks/dcv3_omnirt_v2_ref_fk_box021_20231011_034_p2/raw_contact_mask_3cm.npz	0c423f3ceed20d071c2ffba099cf72b38b4286095b5b4565fca79e6b4ba937ae	1	pass
box021_20231011_036_p1	box021	E170	omnirt_v1	core4d-e154-physics-contact-v1	/mnt/a0ccc676-9496-49f8-a861-f8a1797dec52/spider_workdirs/core4d/results/E170/s6_downstream/cem/full/E170_box021_20231011_036_p1_PRG_outdir_full/trajectory_mjwp_act.npz	51083af544415322039580096f497e00a657d7e1062c156d34544897ca43f2d3	example_datasets/processed/core4d/unitree_g1/humanoid_object/dcv3_omnirt_v1_ref_fk_box021_20231011_036_p1/scene_act_E170_lowerbody_physics.xml	3c83ac7fc54357431108053f48159d03139fc3d4964ae4fb479093a37559959b	example_datasets/processed/core4d/unitree_g1/humanoid_object/dcv3_omnirt_v1_ref_fk_box021_20231011_036_p1/0/trajectory_kinematic.npz	1634cdc2c617240bc620b6e5ae797daf6c03879e9b5542623d94c396037062f1	/mnt/a0ccc676-9496-49f8-a861-f8a1797dec52/spider_workdirs/core4d/results/E168/s3_retarget/omnirt_v1/ref_fk/results/omnirt_v1_ref_fk/contact_masks/dcv3_omnirt_v1_ref_fk_box021_20231011_036_p1/raw_contact_mask_3cm.npz	03b327b46795c95de11e1222ab94eeb151037481e4b75389c9122a6515fd0559	0	pass
box021_20231011_036_p2	box021	E170	omnirt_v1	core4d-e154-physics-contact-v1	/mnt/a0ccc676-9496-49f8-a861-f8a1797dec52/spider_workdirs/core4d/results/E170/s6_downstream/cem/full/E170_box021_20231011_036_p2_PRG_outdir_full/trajectory_mjwp_act.npz	c78ba32452f6c4c50dc8f1b07684b81c2445e5c49862fe517780e81d917ec4af	example_datasets/processed/core4d/unitree_g1/humanoid_object/dcv3_omnirt_v1_ref_fk_box021_20231011_036_p2/scene_act_E170_lowerbody_physics.xml	c6805d8b566e074ff3b7a13e72b6b6deac7c6beb6e12ed91cff879f6d41dc404	example_datasets/processed/core4d/unitree_g1/humanoid_object/dcv3_omnirt_v1_ref_fk_box021_20231011_036_p2/0/trajectory_kinematic.npz	13f3c689d985aed19017fdcaff5cd3290e4bb9434a2ff06e5a1c9120e7a7de9d	/mnt/a0ccc676-9496-49f8-a861-f8a1797dec52/spider_workdirs/core4d/results/E168/s3_retarget/omnirt_v1/ref_fk/results/omnirt_v1_ref_fk/contact_masks/dcv3_omnirt_v1_ref_fk_box021_20231011_036_p2/raw_contact_mask_3cm.npz	137ab880db7f3b37a4e3fd14d46397176792b9b0d6219b14b30605787be9e603	1	pass
box021_20231011_037_p1	box021	E170	omnirt_v1	core4d-e154-physics-contact-v1	/mnt/a0ccc676-9496-49f8-a861-f8a1797dec52/spider_workdirs/core4d/results/E170/s6_downstream/cem/full/E170_box021_20231011_037_p1_PRG_outdir_full/trajectory_mjwp_act.npz	14672432a3cba71dfcf26e44aff4ef7b81d5bb609b65d5d3e8ede46c3b4dec7d	example_datasets/processed/core4d/unitree_g1/humanoid_object/dcv3_omnirt_v1_ref_fk_box021_20231011_037_p1/scene_act_E170_lowerbody_physics.xml	95ec77ccb28dd9594b22f76b923a0bdaea9580cbb7f680e673d676ecfdfebae6	example_datasets/processed/core4d/unitree_g1/humanoid_object/dcv3_omnirt_v1_ref_fk_box021_20231011_037_p1/0/trajectory_kinematic.npz	5f2dd88f687dfb8c66527adbbc7e9e14c0d1fc0dcef2bdd57bc56f1831467376	/mnt/a0ccc676-9496-49f8-a861-f8a1797dec52/spider_workdirs/core4d/results/E168/s3_retarget/omnirt_v1/ref_fk/results/omnirt_v1_ref_fk/contact_masks/dcv3_omnirt_v1_ref_fk_box021_20231011_037_p1/raw_contact_mask_3cm.npz	3e463c7f02e31f9ef2e203b1c16142f124d868bc22db7262d4b0c02dfcdf7d03	0	pass
box021_20231011_037_p2	box021	E170	omnirt_v1	core4d-e154-physics-contact-v1	/mnt/a0ccc676-9496-49f8-a861-f8a1797dec52/spider_workdirs/core4d/results/E170/s6_downstream/cem/full/E170_box021_20231011_037_p2_PRG_outdir_full/trajectory_mjwp_act.npz	e76ff70d8d82a68073c993eb8781c8fa562e13110af24bcd4951d8288c0f13da	example_datasets/processed/core4d/unitree_g1/humanoid_object/dcv3_omnirt_v1_ref_fk_box021_20231011_037_p2/scene_act_E170_lowerbody_physics.xml	a87ae88e8347debcd0093b94905daf437d442aacd1d5f3049cf31fdb4d3c1f28	example_datasets/processed/core4d/unitree_g1/humanoid_object/dcv3_omnirt_v1_ref_fk_box021_20231011_037_p2/0/trajectory_kinematic.npz	f243dfe650630469f0f154867dfb9a9973f40653e874aec951049d18fdb2ae5c	/mnt/a0ccc676-9496-49f8-a861-f8a1797dec52/spider_workdirs/core4d/results/E168/s3_retarget/omnirt_v1/ref_fk/results/omnirt_v1_ref_fk/contact_masks/dcv3_omnirt_v1_ref_fk_box021_20231011_037_p2/raw_contact_mask_3cm.npz	cfc4363ae54860fa342940db0cf185645c8788e379cee2546d7950708369c2bb	1	pass
box021_20231011_038_p1	box021	E170	omnirt_v1	core4d-e154-physics-contact-v1	/mnt/a0ccc676-9496-49f8-a861-f8a1797dec52/spider_workdirs/core4d/results/E170/s6_downstream/cem/full/E170_box021_20231011_038_p1_PRG_outdir_full/trajectory_mjwp_act.npz	ae744fd73e4ed29f456f5d8759d1bc514658581e44238abbd3847d5024b1f91b	example_datasets/processed/core4d/unitree_g1/humanoid_object/dcv3_omnirt_v1_ref_fk_box021_20231011_038_p1/scene_act_E170_lowerbody_physics.xml	1e613f39c8d5d0409f29bd20d7715722d8964fbe72ff763851600d0c4fa1d6ce	example_datasets/processed/core4d/unitree_g1/humanoid_object/dcv3_omnirt_v1_ref_fk_box021_20231011_038_p1/0/trajectory_kinematic.npz	94e170e0f34c4c0c92505fbfe688fbef97189cd0de9c420c7ce0dd494e692c3d	/mnt/a0ccc676-9496-49f8-a861-f8a1797dec52/spider_workdirs/core4d/results/E168/s3_retarget/omnirt_v1/ref_fk/results/omnirt_v1_ref_fk/contact_masks/dcv3_omnirt_v1_ref_fk_box021_20231011_038_p1/raw_contact_mask_3cm.npz	514e9be5bd34071648b3cc6c007e41da2697b1af1689f1c3300fd85198ec2808	0	pass
box021_20231011_038_p2	box021	E170	omnirt_v1	core4d-e154-physics-contact-v1	/mnt/a0ccc676-9496-49f8-a861-f8a1797dec52/spider_workdirs/core4d/results/E170/s6_downstream/cem/full/E170_box021_20231011_038_p2_PRG_outdir_full/trajectory_mjwp_act.npz	54136df1ea2dfef8f4b4d38310d137cfb2d697128251c448faf7600412bf864d	example_datasets/processed/core4d/unitree_g1/humanoid_object/dcv3_omnirt_v1_ref_fk_box021_20231011_038_p2/scene_act_E170_lowerbody_physics.xml	e11fdd04bade7e8ce54120bcc7e2a38135587d7321200d25484d1860cee58258	example_datasets/processed/core4d/unitree_g1/humanoid_object/dcv3_omnirt_v1_ref_fk_box021_20231011_038_p2/0/trajectory_kinematic.npz	2a8296f1815c50cf16900479840bed4a9fce0b404f119817ea0c5c9f3f0b0cd6	/mnt/a0ccc676-9496-49f8-a861-f8a1797dec52/spider_workdirs/core4d/results/E168/s3_retarget/omnirt_v1/ref_fk/results/omnirt_v1_ref_fk/contact_masks/dcv3_omnirt_v1_ref_fk_box021_20231011_038_p2/raw_contact_mask_3cm.npz	e0efd2312e8b27629d9295b222b409e643080d5585b0ce4d44d356ffcabd379c	1	pass
box021_20231018_028_p1	box021	E170	omnirt_v2	core4d-e154-physics-contact-v1	/mnt/a0ccc676-9496-49f8-a861-f8a1797dec52/spider_workdirs/core4d/results/E170/s6_downstream/cem/full/E170_box021_20231018_028_p1_PRG_outdir_full/trajectory_mjwp_act.npz	1b742bf93189ef604ba1892cffba8bcb7dee12ae365764edb32f1ac4d417ae27	example_datasets/processed/core4d/unitree_g1/humanoid_object/dcv3_omnirt_v2_ref_fk_box021_20231018_028_p1/scene_act_E170_lowerbody_physics.xml	b4e50ace1c2fda61330315efee733e849010f4e5979d8c3f4e5daf2c796e622f	example_datasets/processed/core4d/unitree_g1/humanoid_object/dcv3_omnirt_v2_ref_fk_box021_20231018_028_p1/0/trajectory_kinematic.npz	a871119983e8a4f70ccab9c1caf543c52a927edc94d6b1abcce63a00a40f36ad	/mnt/a0ccc676-9496-49f8-a861-f8a1797dec52/spider_workdirs/core4d/results/E168/s3_retarget/omnirt_v2/ref_fk/results/omnirt_v2_ref_fk/contact_masks/dcv3_omnirt_v2_ref_fk_box021_20231018_028_p1/raw_contact_mask_3cm.npz	8142dc8c17c6d65c704e043f9462b109dfa8c6ee1437c4df90b0ea14eef301cf	0	pass
box021_20231018_028_p2	box021	E170	omnirt_v1	core4d-e154-physics-contact-v1	/mnt/a0ccc676-9496-49f8-a861-f8a1797dec52/spider_workdirs/core4d/results/E170/s6_downstream/cem/full/E170_box021_20231018_028_p2_PRG_outdir_full/trajectory_mjwp_act.npz	d9dbffe580b85d19fc1ad6f97722ac11d2bf28da3f24f3d9bd4d79052d892449	example_datasets/processed/core4d/unitree_g1/humanoid_object/dcv3_omnirt_v1_ref_fk_box021_20231018_028_p2/scene_act_E170_lowerbody_physics.xml	8292c79c1750085375df5a5ad8ff467951c38dbf85bee828225a2d1a885fe858	example_datasets/processed/core4d/unitree_g1/humanoid_object/dcv3_omnirt_v1_ref_fk_box021_20231018_028_p2/0/trajectory_kinematic.npz	96fff16ec0b9709e3cc7c71799533f3f1e6795809239cbf8cf3d3d89396015cc	/mnt/a0ccc676-9496-49f8-a861-f8a1797dec52/spider_workdirs/core4d/results/E168/s3_retarget/omnirt_v1/ref_fk/results/omnirt_v1_ref_fk/contact_masks/dcv3_omnirt_v1_ref_fk_box021_20231018_028_p2/raw_contact_mask_3cm.npz	7644436cc1ee55201965cf4d5487d1a4a281f8ded9ed0ef3c60d3c109dafe84c	1	pass
box021_20231018_029_p1	box021	E170	omnirt_v1	core4d-e154-physics-contact-v1	/mnt/a0ccc676-9496-49f8-a861-f8a1797dec52/spider_workdirs/core4d/results/E170/s6_downstream/cem/full/E170_box021_20231018_029_p1_PRG_outdir_full/trajectory_mjwp_act.npz	c6dc2223293d8eecc8f77cea3dec5bb3383b5ea2385a4e661336cd582bf7cf8b	example_datasets/processed/core4d/unitree_g1/humanoid_object/dcv3_omnirt_v1_ref_fk_box021_20231018_029_p1/scene_act_E170_lowerbody_physics.xml	27a964aca85be0a164b818eaf70e0bdc081e680cc919efd5ff79f3b342c39875	example_datasets/processed/core4d/unitree_g1/humanoid_object/dcv3_omnirt_v1_ref_fk_box021_20231018_029_p1/0/trajectory_kinematic.npz	ae68be8611581f84a02833dac93991ee2dd638cb545a9f1c96fb8d8932a44ad9	/mnt/a0ccc676-9496-49f8-a861-f8a1797dec52/spider_workdirs/core4d/results/E168/s3_retarget/omnirt_v1/ref_fk/results/omnirt_v1_ref_fk/contact_masks/dcv3_omnirt_v1_ref_fk_box021_20231018_029_p1/raw_contact_mask_3cm.npz	42e8a2e149ec04b5ce34e0b4b63fb907ca86a0d549ae823c768a136b60010b8d	0	pass
box021_20231018_030_p1	box021	E170	omnirt_v1	core4d-e154-physics-contact-v1	/mnt/a0ccc676-9496-49f8-a861-f8a1797dec52/spider_workdirs/core4d/results/E170/s6_downstream/cem/full/E170_box021_20231018_030_p1_PRG_outdir_full/trajectory_mjwp_act.npz	588a42504b774656c98c84bfb30123a0969b357c16b1b67b699ed0c840a7635d	example_datasets/processed/core4d/unitree_g1/humanoid_object/dcv3_omnirt_v1_ref_fk_box021_20231018_030_p1/scene_act_E170_lowerbody_physics.xml	e2a9f9e43b4fd865b341d6187e317ff264407fd60361fce8e25dfaa953964f0c	example_datasets/processed/core4d/unitree_g1/humanoid_object/dcv3_omnirt_v1_ref_fk_box021_20231018_030_p1/0/trajectory_kinematic.npz	d23961955c3405e1010ac024cff2e92adf36a9d2cffa4a966541661b22c1ea28	/mnt/a0ccc676-9496-49f8-a861-f8a1797dec52/spider_workdirs/core4d/results/E168/s3_retarget/omnirt_v1/ref_fk/results/omnirt_v1_ref_fk/contact_masks/dcv3_omnirt_v1_ref_fk_box021_20231018_030_p1/raw_contact_mask_3cm.npz	b18182ea96e2eaf852b3abbfa9b72cc1eac35bb277a865e99876416116e655af	0	pass
box021_20231018_030_p2	box021	E170	omnirt_v1	core4d-e154-physics-contact-v1	/mnt/a0ccc676-9496-49f8-a861-f8a1797dec52/spider_workdirs/core4d/results/E170/s6_downstream/cem/full/E170_box021_20231018_030_p2_PRG_outdir_full/trajectory_mjwp_act.npz	88f0c691918df30dd2d70b600cff79a9d2e86b15fbda00d0d14311d36ae04571	example_datasets/processed/core4d/unitree_g1/humanoid_object/dcv3_omnirt_v1_ref_fk_box021_20231018_030_p2/scene_act_E170_lowerbody_physics.xml	1ff12cf7386b384331a271c091d8a1f12a498f965fe786c49a4b5da9dbd505b7	example_datasets/processed/core4d/unitree_g1/humanoid_object/dcv3_omnirt_v1_ref_fk_box021_20231018_030_p2/0/trajectory_kinematic.npz	f6bcad957383a6bdf17b968dd57a96da3cf60db8cda356ed7f9efdbbc953accc	/mnt/a0ccc676-9496-49f8-a861-f8a1797dec52/spider_workdirs/core4d/results/E168/s3_retarget/omnirt_v1/ref_fk/results/omnirt_v1_ref_fk/contact_masks/dcv3_omnirt_v1_ref_fk_box021_20231018_030_p2/raw_contact_mask_3cm.npz	b18182ea96e2eaf852b3abbfa9b72cc1eac35bb277a865e99876416116e655af	1	pass
box021_20231018_031_p2	box021	E170	omnirt_v1	core4d-e154-physics-contact-v1	/mnt/a0ccc676-9496-49f8-a861-f8a1797dec52/spider_workdirs/core4d/results/E170/s6_downstream/cem/full/E170_box021_20231018_031_p2_PRG_outdir_full/trajectory_mjwp_act.npz	966a9bf4ce448715be66afa98b883736925a9b42ee9c234a5c94765a68b6106e	example_datasets/processed/core4d/unitree_g1/humanoid_object/dcv3_omnirt_v1_ref_fk_box021_20231018_031_p2/scene_act_E170_lowerbody_physics.xml	a8efc2b536af0b493fbb2a5aa59c9e6491f90d0894dcdf234dbc617f186baded	example_datasets/processed/core4d/unitree_g1/humanoid_object/dcv3_omnirt_v1_ref_fk_box021_20231018_031_p2/0/trajectory_kinematic.npz	83bcc1ebaff0f4a04bd5706adeb7e204bfa9e289e9b00d9084e909765176a151	/mnt/a0ccc676-9496-49f8-a861-f8a1797dec52/spider_workdirs/core4d/results/E168/s3_retarget/omnirt_v1/ref_fk/results/omnirt_v1_ref_fk/contact_masks/dcv3_omnirt_v1_ref_fk_box021_20231018_031_p2/raw_contact_mask_3cm.npz	3dac5655687286904124a1a779f0e9b973f5feef5ce9935a7d4cd89c0fa8f88e	1	pass
box021_20231018_032_p1	box021	E170	omnirt_v1	core4d-e154-physics-contact-v1	/mnt/a0ccc676-9496-49f8-a861-f8a1797dec52/spider_workdirs/core4d/results/E169/cem/full/E169_box021_20231018_032_p1_PRG_outdir_full/trajectory_mjwp_act.npz	9382fef0b6cc446eeb0f7ae022b3d70af3017a51a88a0385a6cda8a88ae0144d	example_datasets/processed/core4d/unitree_g1/humanoid_object/dcv3_omnirt_v1_ref_fk_box021_20231018_032_p1/scene_act_E169_lowerbody_physics.xml	5188fa0f2a3d3d781df3babbf0cd8a1d68edfb0375c7bdd22090e5ca567ced5f	example_datasets/processed/core4d/unitree_g1/humanoid_object/dcv3_omnirt_v1_ref_fk_box021_20231018_032_p1/0/trajectory_kinematic.npz	9884275b1c6f75fad6bfd2a10b638bdc6bcbd5ded39687d7ea181cb55918cffc	/mnt/a0ccc676-9496-49f8-a861-f8a1797dec52/spider_workdirs/core4d/results/E168/s3_retarget/omnirt_v1/ref_fk/results/omnirt_v1_ref_fk/contact_masks/dcv3_omnirt_v1_ref_fk_box021_20231018_032_p1/raw_contact_mask_3cm.npz	f4b3aeb46a1680eb7d7624c7719386d4682cd161c463d8d9d2520fa6a763eb3a	0	pass
box021_20231018_032_p2	box021	E170	omnirt_v1	core4d-e154-physics-contact-v1	/mnt/a0ccc676-9496-49f8-a861-f8a1797dec52/spider_workdirs/core4d/results/E170/s6_downstream/cem/full/E170_box021_20231018_032_p2_PRG_outdir_full/trajectory_mjwp_act.npz	cb52c58ad3c0ad9a7533ce6a3b09035f17ce5788d2768df2fae692c76fa5c11d	example_datasets/processed/core4d/unitree_g1/humanoid_object/dcv3_omnirt_v1_ref_fk_box021_20231018_032_p2/scene_act_E170_lowerbody_physics.xml	8af68ba00e241f51c7983fe7894ac05875f094fcf00446330dd6224e47b4a6d3	example_datasets/processed/core4d/unitree_g1/humanoid_object/dcv3_omnirt_v1_ref_fk_box021_20231018_032_p2/0/trajectory_kinematic.npz	89e38a93d8158facc495ea882ca709b6e97e390a28a0167861d755b50178fda2	/mnt/a0ccc676-9496-49f8-a861-f8a1797dec52/spider_workdirs/core4d/results/E168/s3_retarget/omnirt_v1/ref_fk/results/omnirt_v1_ref_fk/contact_masks/dcv3_omnirt_v1_ref_fk_box021_20231018_032_p2/raw_contact_mask_3cm.npz	b2222855b35985879065ac9278530a2b75325088d2b7b2c44919c1ba4a6cfba2	1	pass
box021_20231018_033_p1	box021	E170	omnirt_v1	core4d-e154-physics-contact-v1	/mnt/a0ccc676-9496-49f8-a861-f8a1797dec52/spider_workdirs/core4d/results/E169/cem/full/E169_box021_20231018_033_p1_PRG_outdir_full/trajectory_mjwp_act.npz	aa060d2b1731a88e54f90d279b25d9bf21925d405b0426cae53a47922220eb96	example_datasets/processed/core4d/unitree_g1/humanoid_object/dcv3_omnirt_v1_ref_fk_box021_20231018_033_p1/scene_act_E169_lowerbody_physics.xml	bd653cdf2cda7c5f1577a628c213150ed9edba1ba301f99996a7ae4348535358	example_datasets/processed/core4d/unitree_g1/humanoid_object/dcv3_omnirt_v1_ref_fk_box021_20231018_033_p1/0/trajectory_kinematic.npz	9152bdf8ea7ae0d2b12265dead9b310ef95f44535343e7e609d892c1f176b9ae	/mnt/a0ccc676-9496-49f8-a861-f8a1797dec52/spider_workdirs/core4d/results/E168/s3_retarget/omnirt_v1/ref_fk/results/omnirt_v1_ref_fk/contact_masks/dcv3_omnirt_v1_ref_fk_box021_20231018_033_p1/raw_contact_mask_3cm.npz	78c0862495ae0caf8cc9f33f9e308669d20d267ef881d7cda592b94d96bb874f	0	pass
box021_20231018_033_p2	box021	E170	omnirt_v1	core4d-e154-physics-contact-v1	/mnt/a0ccc676-9496-49f8-a861-f8a1797dec52/spider_workdirs/core4d/results/E170/s6_downstream/cem/full/E170_box021_20231018_033_p2_PRG_outdir_full/trajectory_mjwp_act.npz	75bde18a2a127e483c3077b7c9b248314bc05683243e13b439a38f146325120b	example_datasets/processed/core4d/unitree_g1/humanoid_object/dcv3_omnirt_v1_ref_fk_box021_20231018_033_p2/scene_act_E170_lowerbody_physics.xml	33fa428a907b013d425aa7432f759aad2c6c81e5d877e4b17f87c2569a0c20bc	example_datasets/processed/core4d/unitree_g1/humanoid_object/dcv3_omnirt_v1_ref_fk_box021_20231018_033_p2/0/trajectory_kinematic.npz	d1a22832d4a64f1a8b7e64191401942e0759992fdbff4652723a9393f06ded52	/mnt/a0ccc676-9496-49f8-a861-f8a1797dec52/spider_workdirs/core4d/results/E168/s3_retarget/omnirt_v1/ref_fk/results/omnirt_v1_ref_fk/contact_masks/dcv3_omnirt_v1_ref_fk_box021_20231018_033_p2/raw_contact_mask_3cm.npz	2fbe790b925ed7cd8c977136addce237075669f185d97d00d847e818dbdd800c	1	pass
box021_20231018_034_p2	box021	E170	omnirt_v1	core4d-e154-physics-contact-v1	/mnt/a0ccc676-9496-49f8-a861-f8a1797dec52/spider_workdirs/core4d/results/E170/s6_downstream/cem/full/E170_box021_20231018_034_p2_PRG_outdir_full/trajectory_mjwp_act.npz	2678ebe4ed02fe9f7734fab8a02300176ed7a91ba794fca5cee8d54bbfb51c66	example_datasets/processed/core4d/unitree_g1/humanoid_object/dcv3_omnirt_v1_ref_fk_box021_20231018_034_p2/scene_act_E170_lowerbody_physics.xml	a07d4d2406ce39513161f97a058092c4e63857f7abe5bcae5268934f07edf4d5	example_datasets/processed/core4d/unitree_g1/humanoid_object/dcv3_omnirt_v1_ref_fk_box021_20231018_034_p2/0/trajectory_kinematic.npz	b75f033c8fd845b69cb2a0e0f74c718c09a5391ff8c31906358f7cc142669ba3	/mnt/a0ccc676-9496-49f8-a861-f8a1797dec52/spider_workdirs/core4d/results/E168/s3_retarget/omnirt_v1/ref_fk/results/omnirt_v1_ref_fk/contact_masks/dcv3_omnirt_v1_ref_fk_box021_20231018_034_p2/raw_contact_mask_3cm.npz	8c09a5f45912264cdb597a28eaa52f2b2562d02bbadc68329f9c51e918f68582	1	pass
box021_20231018_035_p2	box021	E170	omnirt_v1	core4d-e154-physics-contact-v1	/mnt/a0ccc676-9496-49f8-a861-f8a1797dec52/spider_workdirs/core4d/results/E170/s6_downstream/cem/full/E170_box021_20231018_035_p2_PRG_outdir_full/trajectory_mjwp_act.npz	0d7eb211e631e3f6747cda1817cd20f5acfc7acdc4273068a9f4b08533258a90	example_datasets/processed/core4d/unitree_g1/humanoid_object/dcv3_omnirt_v1_ref_fk_box021_20231018_035_p2/scene_act_E170_lowerbody_physics.xml	bcfffae779aefbe97faefebdf4ee8a67b4f491b25a6745ac2911bb989190ee4e	example_datasets/processed/core4d/unitree_g1/humanoid_object/dcv3_omnirt_v1_ref_fk_box021_20231018_035_p2/0/trajectory_kinematic.npz	b21c90df8c6524dd42becabfa8c80497bf8f89eb393572969e64300308ffacb8	/mnt/a0ccc676-9496-49f8-a861-f8a1797dec52/spider_workdirs/core4d/results/E168/s3_retarget/omnirt_v1/ref_fk/results/omnirt_v1_ref_fk/contact_masks/dcv3_omnirt_v1_ref_fk_box021_20231018_035_p2/raw_contact_mask_3cm.npz	13701b199089658fe70a34ab590245562879f00b27b6be01e2aa266817191960	1	pass
box021_20231020_019_p1	box021	E170	omnirt_v2	core4d-e154-physics-contact-v1	/mnt/a0ccc676-9496-49f8-a861-f8a1797dec52/spider_workdirs/core4d/results/E170/s6_downstream/cem/full/E170_box021_20231020_019_p1_PRG_outdir_full/trajectory_mjwp_act.npz	a099e95a3f82010ce20a2f7f4d2f48e9fbd157c6ef0a2d56acc7e660d8070cba	example_datasets/processed/core4d/unitree_g1/humanoid_object/dcv3_omnirt_v2_ref_fk_box021_20231020_019_p1/scene_act_E170_lowerbody_physics.xml	22986e6b24654d80433d57aa2f033cf3715f8fe05f9ab28eb70f3ae7edd3ff1f	example_datasets/processed/core4d/unitree_g1/humanoid_object/dcv3_omnirt_v2_ref_fk_box021_20231020_019_p1/0/trajectory_kinematic.npz	9faf95a8db661557e5e864df56ed50e9c10f4081f206619b150aee68ac10dc3e	/mnt/a0ccc676-9496-49f8-a861-f8a1797dec52/spider_workdirs/core4d/results/E168/s3_retarget/omnirt_v2/ref_fk/results/omnirt_v2_ref_fk/contact_masks/dcv3_omnirt_v2_ref_fk_box021_20231020_019_p1/raw_contact_mask_3cm.npz	7f04b0f2ffbf1e384bc7d723b0c7474d5c923a7242763a97064b3c9d882b2763	0	pass
box021_20231020_019_p2	box021	E170	omnirt_v1	core4d-e154-physics-contact-v1	/mnt/a0ccc676-9496-49f8-a861-f8a1797dec52/spider_workdirs/core4d/results/E170/s6_downstream/cem/full/E170_box021_20231020_019_p2_PRG_outdir_full/trajectory_mjwp_act.npz	02018afb2be7dfa0cf0758055fe62c4409569189e660452b4c95b594f02aeb31	example_datasets/processed/core4d/unitree_g1/humanoid_object/dcv3_omnirt_v1_ref_fk_box021_20231020_019_p2/scene_act_E170_lowerbody_physics.xml	bce477e5ef46e5e8f9f3663be244530acb7c4141a97d19ee32bbc1cc27b3579e	example_datasets/processed/core4d/unitree_g1/humanoid_object/dcv3_omnirt_v1_ref_fk_box021_20231020_019_p2/0/trajectory_kinematic.npz	6f89afd7492ce25bdc0cf84be7384b2fd0ed6f541aa15f5be6305e94ad75169d	/mnt/a0ccc676-9496-49f8-a861-f8a1797dec52/spider_workdirs/core4d/results/E168/s3_retarget/omnirt_v1/ref_fk/results/omnirt_v1_ref_fk/contact_masks/dcv3_omnirt_v1_ref_fk_box021_20231020_019_p2/raw_contact_mask_3cm.npz	d7ea5d1ff49191adf9a9ecce39cf8803c810036d7e283338430173f1be677341	1	pass
box021_20231020_020_p1	box021	E170	omnirt_v1	core4d-e154-physics-contact-v1	/mnt/a0ccc676-9496-49f8-a861-f8a1797dec52/spider_workdirs/core4d/results/E170/s6_downstream/cem/full/E170_box021_20231020_020_p1_PRG_outdir_full/trajectory_mjwp_act.npz	0e8193c83927f4db5f6f1b62bb38ca3ee8aef0ec7a131f229acbfce1240100b1	example_datasets/processed/core4d/unitree_g1/humanoid_object/dcv3_omnirt_v1_ref_fk_box021_20231020_020_p1/scene_act_E170_lowerbody_physics.xml	4968d937474d7282eaec13f2a314224e1ea9ead58a1c01b4564d80444c49158c	example_datasets/processed/core4d/unitree_g1/humanoid_object/dcv3_omnirt_v1_ref_fk_box021_20231020_020_p1/0/trajectory_kinematic.npz	806a1ea9298f1173d9ccfe8274504f28c403087f3c027438ecaf60165d8b3d55	/mnt/a0ccc676-9496-49f8-a861-f8a1797dec52/spider_workdirs/core4d/results/E168/s3_retarget/omnirt_v1/ref_fk/results/omnirt_v1_ref_fk/contact_masks/dcv3_omnirt_v1_ref_fk_box021_20231020_020_p1/raw_contact_mask_3cm.npz	8b821ea42a31cce0c3f73ed28a4e7e737b6a64547f4932955b8e8943aac72247	0	pass
box021_20231020_020_p2	box021	E170	omnirt_v1	core4d-e154-physics-contact-v1	/mnt/a0ccc676-9496-49f8-a861-f8a1797dec52/spider_workdirs/core4d/results/E169/cem/full/E169_box021_20231020_020_p2_PRG_outdir_full/trajectory_mjwp_act.npz	15ba7afd7ae98a92121acfa98ef77e62aacc20f8e0bfa3417af10d14ac93d31d	example_datasets/processed/core4d/unitree_g1/humanoid_object/dcv3_omnirt_v1_ref_fk_box021_20231020_020_p2/scene_act_E169_lowerbody_physics.xml	7d5fd92c0e86459a4a0a15b849bea49ccd7770c51845f38d28180fed98415ba8	example_datasets/processed/core4d/unitree_g1/humanoid_object/dcv3_omnirt_v1_ref_fk_box021_20231020_020_p2/0/trajectory_kinematic.npz	f7ae72827983b7909c2cd7d33307c3057c4d900673fc23ff39443751b02e6064	/mnt/a0ccc676-9496-49f8-a861-f8a1797dec52/spider_workdirs/core4d/results/E168/s3_retarget/omnirt_v1/ref_fk/results/omnirt_v1_ref_fk/contact_masks/dcv3_omnirt_v1_ref_fk_box021_20231020_020_p2/raw_contact_mask_3cm.npz	8b821ea42a31cce0c3f73ed28a4e7e737b6a64547f4932955b8e8943aac72247	1	pass
box021_20231020_022_p1	box021	E170	omnirt_v1	core4d-e154-physics-contact-v1	/mnt/a0ccc676-9496-49f8-a861-f8a1797dec52/spider_workdirs/core4d/results/E170/s6_downstream/cem/full/E170_box021_20231020_022_p1_PRG_outdir_full/trajectory_mjwp_act.npz	621782323cb4ebac091232a5d9961c76697a40b9028a3e26e5647bf687aefdb4	example_datasets/processed/core4d/unitree_g1/humanoid_object/dcv3_omnirt_v1_ref_fk_box021_20231020_022_p1/scene_act_E170_lowerbody_physics.xml	a73c8d078ecc5d1afa8adab003e33ca6c0ba39bdb1c2edcc7b4feaba84213ad4	example_datasets/processed/core4d/unitree_g1/humanoid_object/dcv3_omnirt_v1_ref_fk_box021_20231020_022_p1/0/trajectory_kinematic.npz	97bdcfaccc95b78702a8785cf6b82347bf90ffda34a078444c86c156ab01843f	/mnt/a0ccc676-9496-49f8-a861-f8a1797dec52/spider_workdirs/core4d/results/E168/s3_retarget/omnirt_v1/ref_fk/results/omnirt_v1_ref_fk/contact_masks/dcv3_omnirt_v1_ref_fk_box021_20231020_022_p1/raw_contact_mask_3cm.npz	566ac4aa2a9d1b174068a8941669f8d0b36bd41d63f3f3a606de840483b27b35	0	pass
box021_20231020_022_p2	box021	E170	omnirt_v1	core4d-e154-physics-contact-v1	/mnt/a0ccc676-9496-49f8-a861-f8a1797dec52/spider_workdirs/core4d/results/E170/s6_downstream/cem/full/E170_box021_20231020_022_p2_PRG_outdir_full/trajectory_mjwp_act.npz	5a17830bc176aa1700dcf060a153313abe11173f337834014536e48ec6de20ea	example_datasets/processed/core4d/unitree_g1/humanoid_object/dcv3_omnirt_v1_ref_fk_box021_20231020_022_p2/scene_act_E170_lowerbody_physics.xml	1f7c30ec5c0dec524be6108cc9c2825bc34c9ed2d727f6f8ab17dccd1f2a33ed	example_datasets/processed/core4d/unitree_g1/humanoid_object/dcv3_omnirt_v1_ref_fk_box021_20231020_022_p2/0/trajectory_kinematic.npz	00280a65f4ac7f14fb3d54e6a744d6c1de0a9d53a35136c399f57a4b97aec0cb	/mnt/a0ccc676-9496-49f8-a861-f8a1797dec52/spider_workdirs/core4d/results/E168/s3_retarget/omnirt_v1/ref_fk/results/omnirt_v1_ref_fk/contact_masks/dcv3_omnirt_v1_ref_fk_box021_20231020_022_p2/raw_contact_mask_3cm.npz	edc618e447fc0dc42f5902889052626db6d1db9283383b545d64e8bff1036ad4	1	pass
box021_20231020_023_p1	box021	E170	omnirt_v1	core4d-e154-physics-contact-v1	/mnt/a0ccc676-9496-49f8-a861-f8a1797dec52/spider_workdirs/core4d/results/E170/s6_downstream/cem/full/E170_box021_20231020_023_p1_PRG_outdir_full/trajectory_mjwp_act.npz	9137b84ba6bc04caa650f1274cf4ee00f1b8dc6bc5587eee4d91f9d0ceb4031f	example_datasets/processed/core4d/unitree_g1/humanoid_object/dcv3_omnirt_v1_ref_fk_box021_20231020_023_p1/scene_act_E170_lowerbody_physics.xml	20207067808681f11f9813e464e985e9e33b05db375fa0bca904df5a350fda4f	example_datasets/processed/core4d/unitree_g1/humanoid_object/dcv3_omnirt_v1_ref_fk_box021_20231020_023_p1/0/trajectory_kinematic.npz	c4253d782205a9cdd814267e7dce8df920e0f29aca5f00e3e1c71e51e7a7d073	/mnt/a0ccc676-9496-49f8-a861-f8a1797dec52/spider_workdirs/core4d/results/E168/s3_retarget/omnirt_v1/ref_fk/results/omnirt_v1_ref_fk/contact_masks/dcv3_omnirt_v1_ref_fk_box021_20231020_023_p1/raw_contact_mask_3cm.npz	ba15dcddfd006b37e777ff0294ac7f88f370ff55f9dbeeefc9c95b7a3cf9da57	0	pass
box021_20231020_023_p2	box021	E170	omnirt_v1	core4d-e154-physics-contact-v1	/mnt/a0ccc676-9496-49f8-a861-f8a1797dec52/spider_workdirs/core4d/results/E169/cem/full/E169_box021_20231020_023_p2_PRG_outdir_full/trajectory_mjwp_act.npz	6c2e79a39786393aee34354eee6d69e092e3340ae627a218aa1cbe4cb131f30d	example_datasets/processed/core4d/unitree_g1/humanoid_object/dcv3_omnirt_v1_ref_fk_box021_20231020_023_p2/scene_act_E169_lowerbody_physics.xml	5957f121388cd081de84ee73928044a862ba99c27a2070d6f222a70ed03f2e69	example_datasets/processed/core4d/unitree_g1/humanoid_object/dcv3_omnirt_v1_ref_fk_box021_20231020_023_p2/0/trajectory_kinematic.npz	4ce9ad4e496cd1073468eef2be0bfce58749d816729156245438a21405954643	/mnt/a0ccc676-9496-49f8-a861-f8a1797dec52/spider_workdirs/core4d/results/E168/s3_retarget/omnirt_v1/ref_fk/results/omnirt_v1_ref_fk/contact_masks/dcv3_omnirt_v1_ref_fk_box021_20231020_023_p2/raw_contact_mask_3cm.npz	ba1798cb84128ecc4796510d0efedc414a307c63f6c33d78ffac8bb06fb78ab5	1	pass
box023_20231008_045_p1	box023	E173	omnirt_v1	core4d-e154-physics-contact-v1	/mnt/a0ccc676-9496-49f8-a861-f8a1797dec52/spider_workdirs/core4d/results/E173/s6_downstream/cem/full/E173_box023_20231008_045_p1_PRG_outdir_full/trajectory_mjwp_act.npz	3260948b0b0a4eb949323bfaf97c6186486dcd6af04d88294a28c5163da010c1	example_datasets/processed/core4d/unitree_g1/humanoid_object/dcv3_omnirt_v1_ref_fk_box023_20231008_045_p1/scene_act_E173_rubberHull_PRG.xml	cdecb6b16dccfa0e19270b819b349c7b82973ed0f7bedbc147f6705cfc5b4b56	example_datasets/processed/core4d/unitree_g1/humanoid_object/dcv3_omnirt_v1_ref_fk_box023_20231008_045_p1/0/trajectory_kinematic.npz	cd9889270be1d95d754edf5451dd9b0029cbc58139db8694576369f769833111	/mnt/a0ccc676-9496-49f8-a861-f8a1797dec52/spider_workdirs/core4d/results/E173/s3_retarget/omnirt_v1/ref_fk/results/omnirt_v1_ref_fk/contact_masks/dcv3_omnirt_v1_ref_fk_box023_20231008_045_p1/raw_contact_mask_3cm.npz	4d4b7a14cb9155a9bf8b8b48332d569d3019203b7dfb02943672f198dadce6be	0	pass
box023_20231008_045_p2	box023	E173	omnirt_v1	core4d-e154-physics-contact-v1	/mnt/a0ccc676-9496-49f8-a861-f8a1797dec52/spider_workdirs/core4d/results/E173/s6_downstream/cem/full/E173_box023_20231008_045_p2_PRG_outdir_full/trajectory_mjwp_act.npz	11d2a25c610888f9ced3b4868cdeeedf8b8c9c54f5c2032488fb07f3d1554a9e	example_datasets/processed/core4d/unitree_g1/humanoid_object/dcv3_omnirt_v1_ref_fk_box023_20231008_045_p2/scene_act_E173_rubberHull_PRG.xml	d3ac266a876cd3d6271fd3af68cbb6be1868a2504287c9ecdc8f3500e94ac468	example_datasets/processed/core4d/unitree_g1/humanoid_object/dcv3_omnirt_v1_ref_fk_box023_20231008_045_p2/0/trajectory_kinematic.npz	e7f7ca255a15490cc676bb86930b1948bb4d9bbf0ad3f13d57206be0c9d9675b	/mnt/a0ccc676-9496-49f8-a861-f8a1797dec52/spider_workdirs/core4d/results/E173/s3_retarget/omnirt_v1/ref_fk/results/omnirt_v1_ref_fk/contact_masks/dcv3_omnirt_v1_ref_fk_box023_20231008_045_p2/raw_contact_mask_3cm.npz	4d4b7a14cb9155a9bf8b8b48332d569d3019203b7dfb02943672f198dadce6be	1	pass
box023_20231008_046_p1	box023	E173	omnirt_v1	core4d-e154-physics-contact-v1	/mnt/a0ccc676-9496-49f8-a861-f8a1797dec52/spider_workdirs/core4d/results/E173/s6_downstream/cem/full/E173_box023_20231008_046_p1_PRG_outdir_full/trajectory_mjwp_act.npz	e9846785433f94f17b738fecaccd6854b00a7741c1bd31d79eefc4f0159d314f	example_datasets/processed/core4d/unitree_g1/humanoid_object/dcv3_omnirt_v1_ref_fk_box023_20231008_046_p1/scene_act_E173_rubberHull_PRG.xml	412f332eb22336aa0bf5961150a2915e3e097161aad54501dc600e056e51fb90	example_datasets/processed/core4d/unitree_g1/humanoid_object/dcv3_omnirt_v1_ref_fk_box023_20231008_046_p1/0/trajectory_kinematic.npz	bb7458209babbecef7fb1083068cf3c11921222426a0e31080e17861a548ee12	/mnt/a0ccc676-9496-49f8-a861-f8a1797dec52/spider_workdirs/core4d/results/E173/s3_retarget/omnirt_v1/ref_fk/results/omnirt_v1_ref_fk/contact_masks/dcv3_omnirt_v1_ref_fk_box023_20231008_046_p1/raw_contact_mask_3cm.npz	d5af8ac26d64f166e0297eb4ce4ba7972288ebfdd559f410fee782133a742439	0	pass
box023_20231008_046_p2	box023	E173	omnirt_v1	core4d-e154-physics-contact-v1	/mnt/a0ccc676-9496-49f8-a861-f8a1797dec52/spider_workdirs/core4d/results/E173/s6_downstream/cem/full/E173_box023_20231008_046_p2_PRG_outdir_full/trajectory_mjwp_act.npz	ca1452dd3e85a1dd080f4adfd7c79495e8d052e37bc9ba051527f586e2519fc4	example_datasets/processed/core4d/unitree_g1/humanoid_object/dcv3_omnirt_v1_ref_fk_box023_20231008_046_p2/scene_act_E173_rubberHull_PRG.xml	c049f62e2496987fa5b6e3ac91865d4cedbb958fbfc4eae5033389f7af1ef7a1	example_datasets/processed/core4d/unitree_g1/humanoid_object/dcv3_omnirt_v1_ref_fk_box023_20231008_046_p2/0/trajectory_kinematic.npz	19e0079dd8f6f0030ee8dbc282cb01592bd5f919cc9198f0740556f2e367dd8c	/mnt/a0ccc676-9496-49f8-a861-f8a1797dec52/spider_workdirs/core4d/results/E173/s3_retarget/omnirt_v1/ref_fk/results/omnirt_v1_ref_fk/contact_masks/dcv3_omnirt_v1_ref_fk_box023_20231008_046_p2/raw_contact_mask_3cm.npz	0ec8c6055aa0813a028b6abbb33fa6ea78a94394af77ca105f44f6adf3ee0057	1	pass
box023_20231011_018_p1	box023	E173	omnirt_v1	core4d-e154-physics-contact-v1	/mnt/a0ccc676-9496-49f8-a861-f8a1797dec52/spider_workdirs/core4d/results/E173/s6_downstream/cem/full/E173_box023_20231011_018_p1_PRG_outdir_full/trajectory_mjwp_act.npz	4a757b1e27ebef7b5279c2c743ab58b50a3c4f79e28945da665b473c11fbfd93	example_datasets/processed/core4d/unitree_g1/humanoid_object/dcv3_omnirt_v1_ref_fk_box023_20231011_018_p1/scene_act_E173_rubberHull_PRG.xml	96900a8f330fb1c8f7af2b697d23ea0dea554cdcb4543ba4cca71ec33762b572	example_datasets/processed/core4d/unitree_g1/humanoid_object/dcv3_omnirt_v1_ref_fk_box023_20231011_018_p1/0/trajectory_kinematic.npz	3dc8a57b8d5147f4cfd9d5f3971b2854d970c4efad167245cfe34e1991794b9c	/mnt/a0ccc676-9496-49f8-a861-f8a1797dec52/spider_workdirs/core4d/results/E173/s3_retarget/omnirt_v1/ref_fk/results/omnirt_v1_ref_fk/contact_masks/dcv3_omnirt_v1_ref_fk_box023_20231011_018_p1/raw_contact_mask_3cm.npz	fd82f9f5b4fb1caf6655289523b33bc15c1ec21c286f53af066c608a0ffc2192	0	pass
box023_20231011_018_p2	box023	E173	omnirt_v2	core4d-e154-physics-contact-v1	/mnt/a0ccc676-9496-49f8-a861-f8a1797dec52/spider_workdirs/core4d/results/E173/s6_downstream/cem/full/E173_box023_20231011_018_p2_PRG_outdir_full/trajectory_mjwp_act.npz	058b198d99cba9de780511319996d548dbbc47718dbce71affdd06716691b0a2	example_datasets/processed/core4d/unitree_g1/humanoid_object/dcv3_omnirt_v2_ref_fk_box023_20231011_018_p2/scene_act_E173_rubberHull_PRG.xml	abda207ee287853bd1ef75c242aef64dcaf6df3bb73ba38d31afb6e9614af2a8	example_datasets/processed/core4d/unitree_g1/humanoid_object/dcv3_omnirt_v2_ref_fk_box023_20231011_018_p2/0/trajectory_kinematic.npz	be3fd1d5f6eaf1fd043f61c061ed42dc5320bf2bbab16c9ae8bff2aa0f081008	/mnt/a0ccc676-9496-49f8-a861-f8a1797dec52/spider_workdirs/core4d/results/E173/s3_retarget/omnirt_v2/ref_fk/results/omnirt_v2_ref_fk/contact_masks/dcv3_omnirt_v2_ref_fk_box023_20231011_018_p2/raw_contact_mask_3cm.npz	f055754b1689363e8e088b665950eabce02cbf7c58850760d973f6dd6426343f	1	pass
box023_20231011_019_p2	box023	E173	omnirt_v1	core4d-e154-physics-contact-v1	/mnt/a0ccc676-9496-49f8-a861-f8a1797dec52/spider_workdirs/core4d/results/E173/s6_downstream/cem/full/E173_box023_20231011_019_p2_PRG_outdir_full/trajectory_mjwp_act.npz	5a2361f57f8f3ae46600c06dfcefd20ea6266d89aa2cef529aa17bf7cf8a5b3a	example_datasets/processed/core4d/unitree_g1/humanoid_object/dcv3_omnirt_v1_ref_fk_box023_20231011_019_p2/scene_act_E173_rubberHull_PRG.xml	47374352a3029213024925be7b8ecfe50e3f00e7aece0152588394c9b97374a0	example_datasets/processed/core4d/unitree_g1/humanoid_object/dcv3_omnirt_v1_ref_fk_box023_20231011_019_p2/0/trajectory_kinematic.npz	17307c0c031401a45a6b0c72bc65ceb42b7cfd6d418f0670b7849d820a2e1861	/mnt/a0ccc676-9496-49f8-a861-f8a1797dec52/spider_workdirs/core4d/results/E173/s3_retarget/omnirt_v1/ref_fk/results/omnirt_v1_ref_fk/contact_masks/dcv3_omnirt_v1_ref_fk_box023_20231011_019_p2/raw_contact_mask_3cm.npz	76234e08ab743ca4f13de0a809647259fc3b88a6ca2d71285f573ed672a5eeb4	1	pass
box023_20231011_021_p1	box023	E173	omnirt_v1	core4d-e154-physics-contact-v1	/mnt/a0ccc676-9496-49f8-a861-f8a1797dec52/spider_workdirs/core4d/results/E173/s6_downstream/cem/full/E173_box023_20231011_021_p1_PRG_outdir_full/trajectory_mjwp_act.npz	860b1c19ecba4fa6cc07b26c762c9dd3e6959ba19fa4167ef04058d67d2b4b9e	example_datasets/processed/core4d/unitree_g1/humanoid_object/dcv3_omnirt_v1_ref_fk_box023_20231011_021_p1/scene_act_E173_rubberHull_PRG.xml	ea59708b4e0d4d2a523d736fe75b840b28eb4417d1e6e1cb7acda32ccc83e7a3	example_datasets/processed/core4d/unitree_g1/humanoid_object/dcv3_omnirt_v1_ref_fk_box023_20231011_021_p1/0/trajectory_kinematic.npz	269aa1e354e819b134ab5a5c4d9d3b3104ab222e6075c67a45cc4e8fa19ebc19	/mnt/a0ccc676-9496-49f8-a861-f8a1797dec52/spider_workdirs/core4d/results/E173/s3_retarget/omnirt_v1/ref_fk/results/omnirt_v1_ref_fk/contact_masks/dcv3_omnirt_v1_ref_fk_box023_20231011_021_p1/raw_contact_mask_3cm.npz	490e8f57f2c48a0f164b11f92c4b1727161a25f6f9a8e7ce885b2e44e7530ea6	0	pass
box023_20231011_021_p2	box023	E173	omnirt_v1	core4d-e154-physics-contact-v1	/mnt/a0ccc676-9496-49f8-a861-f8a1797dec52/spider_workdirs/core4d/results/E173/s6_downstream/cem/full/E173_box023_20231011_021_p2_PRG_outdir_full/trajectory_mjwp_act.npz	b5a200a860e9be178233fc4610bec839d10c0e0aac135e6a1cfeca7b8fc7a98a	example_datasets/processed/core4d/unitree_g1/humanoid_object/dcv3_omnirt_v1_ref_fk_box023_20231011_021_p2/scene_act_E173_rubberHull_PRG.xml	306ff7942e8b31b8dc5492a8d779aeebc5dd1435fed3e836af0618d49a22a2d9	example_datasets/processed/core4d/unitree_g1/humanoid_object/dcv3_omnirt_v1_ref_fk_box023_20231011_021_p2/0/trajectory_kinematic.npz	d996a2c21c5ff2ff1731e435a28aa51e014378e5f5b9ffcf6f12871bbe1525f8	/mnt/a0ccc676-9496-49f8-a861-f8a1797dec52/spider_workdirs/core4d/results/E173/s3_retarget/omnirt_v1/ref_fk/results/omnirt_v1_ref_fk/contact_masks/dcv3_omnirt_v1_ref_fk_box023_20231011_021_p2/raw_contact_mask_3cm.npz	9d7ace38da787965915ab4ccfdadd7fb4faa64f2f1cee7bcc9ebe3fb25272520	1	pass
box023_20231020_039_p2	box023	E173	omnirt_v1	core4d-e154-physics-contact-v1	/mnt/a0ccc676-9496-49f8-a861-f8a1797dec52/spider_workdirs/core4d/results/E173/s6_downstream/cem/full/E173_box023_20231020_039_p2_PRG_outdir_full/trajectory_mjwp_act.npz	d30d486079742de942e6997b6d9e316f2bd0cf08f241a79b169826c7290d37f0	example_datasets/processed/core4d/unitree_g1/humanoid_object/dcv3_omnirt_v1_ref_fk_box023_20231020_039_p2/scene_act_E173_rubberHull_PRG.xml	797f5acc9da556c57cea53f10e83f8ebeb0fb6ac65894f37c19c48eec9fdcc65	example_datasets/processed/core4d/unitree_g1/humanoid_object/dcv3_omnirt_v1_ref_fk_box023_20231020_039_p2/0/trajectory_kinematic.npz	c76afcb25ab5c9f6ebfc4d7710cc922db0b0fa7891666b2cc818be6ef251d9cc	/mnt/a0ccc676-9496-49f8-a861-f8a1797dec52/spider_workdirs/core4d/results/E173/s3_retarget/omnirt_v1/ref_fk/results/omnirt_v1_ref_fk/contact_masks/dcv3_omnirt_v1_ref_fk_box023_20231020_039_p2/raw_contact_mask_3cm.npz	5c1e31f77748a70c4f984251b5c0b3ba5a31d3cf5d56711dab3d413e58adfd27	1	pass
box023_20231020_040_p1	box023	E173	omnirt_v1	core4d-e154-physics-contact-v1	/mnt/a0ccc676-9496-49f8-a861-f8a1797dec52/spider_workdirs/core4d/results/E173/s6_downstream/cem/full/E173_box023_20231020_040_p1_PRG_outdir_full/trajectory_mjwp_act.npz	6d46ead3fa7152f16676df93cc77e7f1f879de1152017bd48304672b1e34fdce	example_datasets/processed/core4d/unitree_g1/humanoid_object/dcv3_omnirt_v1_ref_fk_box023_20231020_040_p1/scene_act_E173_rubberHull_PRG.xml	b4af8eb101effe273141491f3d8fbd2c566f0803bd922e82d74bc6afcf637a41	example_datasets/processed/core4d/unitree_g1/humanoid_object/dcv3_omnirt_v1_ref_fk_box023_20231020_040_p1/0/trajectory_kinematic.npz	046e7c094c4b7b5edc0e81502c662a60f2bfaf34eb20700c619664a63c13c548	/mnt/a0ccc676-9496-49f8-a861-f8a1797dec52/spider_workdirs/core4d/results/E173/s3_retarget/omnirt_v1/ref_fk/results/omnirt_v1_ref_fk/contact_masks/dcv3_omnirt_v1_ref_fk_box023_20231020_040_p1/raw_contact_mask_3cm.npz	38beca33fd0e91f625adb5ebc2623ba9edc9fa0134508b50bdcdc9af43929f79	0	pass
box023_20231020_040_p2	box023	E173	omnirt_v1	core4d-e154-physics-contact-v1	/mnt/a0ccc676-9496-49f8-a861-f8a1797dec52/spider_workdirs/core4d/results/E173/s6_downstream/cem/full/E173_box023_20231020_040_p2_PRG_outdir_full/trajectory_mjwp_act.npz	d055381cfb3ef00d70404e2e69b3308fbb03292d8cc34c6276caa57c360d5544	example_datasets/processed/core4d/unitree_g1/humanoid_object/dcv3_omnirt_v1_ref_fk_box023_20231020_040_p2/scene_act_E173_rubberHull_PRG.xml	5e3b2126b49412dc460b6a0a291958f875ed62e389bdb68b5d07aa4d8e2cd7e8	example_datasets/processed/core4d/unitree_g1/humanoid_object/dcv3_omnirt_v1_ref_fk_box023_20231020_040_p2/0/trajectory_kinematic.npz	357a1c0be080c1eee65bc79fa7792f8fa66ebf90c2d3c52a25d916c6c537b2cf	/mnt/a0ccc676-9496-49f8-a861-f8a1797dec52/spider_workdirs/core4d/results/E173/s3_retarget/omnirt_v1/ref_fk/results/omnirt_v1_ref_fk/contact_masks/dcv3_omnirt_v1_ref_fk_box023_20231020_040_p2/raw_contact_mask_3cm.npz	1dd4798abdd5e8b5d7ea6ef75c94be4b07d2688e7a61b884deec9f899f1fda4a	1	pass
box023_20231020_041_p1	box023	E173	omnirt_v1	core4d-e154-physics-contact-v1	/mnt/a0ccc676-9496-49f8-a861-f8a1797dec52/spider_workdirs/core4d/results/E173/s6_downstream/cem/full/E173_box023_20231020_041_p1_PRG_outdir_full/trajectory_mjwp_act.npz	02c7a1d7c6bcf735487eb203c8e6a22eb8f188e151729f345689dd0fd275b7de	example_datasets/processed/core4d/unitree_g1/humanoid_object/dcv3_omnirt_v1_ref_fk_box023_20231020_041_p1/scene_act_E173_rubberHull_PRG.xml	0fb9110ae73c6a5e2f5bbc48d8da3ca42a5516e99473d8162344c0be366a5255	example_datasets/processed/core4d/unitree_g1/humanoid_object/dcv3_omnirt_v1_ref_fk_box023_20231020_041_p1/0/trajectory_kinematic.npz	e9d80a2145823f268314615d6b58372b75e63485c67974593aac0a4c582399a8	/mnt/a0ccc676-9496-49f8-a861-f8a1797dec52/spider_workdirs/core4d/results/E173/s3_retarget/omnirt_v1/ref_fk/results/omnirt_v1_ref_fk/contact_masks/dcv3_omnirt_v1_ref_fk_box023_20231020_041_p1/raw_contact_mask_3cm.npz	bf7f93f85fa031bf5da86f47d610d0879652618e28068620395348e61615a54c	0	pass
box023_20231020_041_p2	box023	E173	omnirt_v1	core4d-e154-physics-contact-v1	/mnt/a0ccc676-9496-49f8-a861-f8a1797dec52/spider_workdirs/core4d/results/E173/s6_downstream/cem/full/E173_box023_20231020_041_p2_PRG_outdir_full/trajectory_mjwp_act.npz	7b6fe68ceeebd2a2a95d9d8ed89968d9ed9b6dfa4072db29747d5441b4a2668f	example_datasets/processed/core4d/unitree_g1/humanoid_object/dcv3_omnirt_v1_ref_fk_box023_20231020_041_p2/scene_act_E173_rubberHull_PRG.xml	cf9bce818ecbff90632a5289736332d4281535c75be796b4de1b5dd5fcf1e12f	example_datasets/processed/core4d/unitree_g1/humanoid_object/dcv3_omnirt_v1_ref_fk_box023_20231020_041_p2/0/trajectory_kinematic.npz	70ba6c587052923514d7803214de96a7ac2254bf7a3efee35424f9cacbaad590	/mnt/a0ccc676-9496-49f8-a861-f8a1797dec52/spider_workdirs/core4d/results/E173/s3_retarget/omnirt_v1/ref_fk/results/omnirt_v1_ref_fk/contact_masks/dcv3_omnirt_v1_ref_fk_box023_20231020_041_p2/raw_contact_mask_3cm.npz	df9f09670598ebbf87225ca60379000f81d9943fd90955c7731201983d83457f	1	pass
box023_20231020_042_p1	box023	E173	omnirt_v1	core4d-e154-physics-contact-v1	/mnt/a0ccc676-9496-49f8-a861-f8a1797dec52/spider_workdirs/core4d/results/E173/s6_downstream/cem/full/E173_box023_20231020_042_p1_PRG_outdir_full/trajectory_mjwp_act.npz	48331836691de8d9bb2caadf76666f2775d67640c78ed0d4a9822c0fe5887af2	example_datasets/processed/core4d/unitree_g1/humanoid_object/dcv3_omnirt_v1_ref_fk_box023_20231020_042_p1/scene_act_E173_rubberHull_PRG.xml	99555d71366e268e17fa119c36f203a76ca9a373a1377efce23fe70c472a8d7c	example_datasets/processed/core4d/unitree_g1/humanoid_object/dcv3_omnirt_v1_ref_fk_box023_20231020_042_p1/0/trajectory_kinematic.npz	4dba4fa6032e060ca34dac5fe211108d7712c5605fbe62057eabb499b9b43c8f	/mnt/a0ccc676-9496-49f8-a861-f8a1797dec52/spider_workdirs/core4d/results/E173/s3_retarget/omnirt_v1/ref_fk/results/omnirt_v1_ref_fk/contact_masks/dcv3_omnirt_v1_ref_fk_box023_20231020_042_p1/raw_contact_mask_3cm.npz	6763168a0a71f5777efac919c336ba1dfd979b42b954c5108c7ad0fa4e84cfa9	0	pass
box023_20231020_042_p2	box023	E173	omnirt_v1	core4d-e154-physics-contact-v1	/mnt/a0ccc676-9496-49f8-a861-f8a1797dec52/spider_workdirs/core4d/results/E173/s6_downstream/cem/full/E173_box023_20231020_042_p2_PRG_outdir_full/trajectory_mjwp_act.npz	3815579f49fc15194a70aa46fdfe1cf90c7bf44bdf931718ea18032f4f281627	example_datasets/processed/core4d/unitree_g1/humanoid_object/dcv3_omnirt_v1_ref_fk_box023_20231020_042_p2/scene_act_E173_rubberHull_PRG.xml	5abe75caa843b3b5a3c1b3bb3f6017949aca859ec5aaec0b170f3f8a856f2b8f	example_datasets/processed/core4d/unitree_g1/humanoid_object/dcv3_omnirt_v1_ref_fk_box023_20231020_042_p2/0/trajectory_kinematic.npz	98319da08dccffa00dc4e0e36fc602aa8aaf7a5b7bffcd944c94afd9043b61e2	/mnt/a0ccc676-9496-49f8-a861-f8a1797dec52/spider_workdirs/core4d/results/E173/s3_retarget/omnirt_v1/ref_fk/results/omnirt_v1_ref_fk/contact_masks/dcv3_omnirt_v1_ref_fk_box023_20231020_042_p2/raw_contact_mask_3cm.npz	3e90235cd86bb5a5781568f5e00702fef7eb72a244e703babcbc75742b3e0bf4	1	pass
box024_20231011_026_p1	box024	E173	omnirt_v1	core4d-e154-physics-contact-v1	/mnt/a0ccc676-9496-49f8-a861-f8a1797dec52/spider_workdirs/core4d/results/E173/s6_downstream/cem/full/E173_box024_20231011_026_p1_PRG_outdir_full/trajectory_mjwp_act.npz	acb629a8d04f6d5a055b82c3c3da9c29a4b7ed5d38d573520bc4bfe2924dad5c	example_datasets/processed/core4d/unitree_g1/humanoid_object/dcv3_omnirt_v1_ref_fk_box024_20231011_026_p1/scene_act_E173_rubberHull_PRG.xml	f9209857798d4d5651cb76f55ef9a8d210f7e7c2e1fc676bbf046110282a4361	example_datasets/processed/core4d/unitree_g1/humanoid_object/dcv3_omnirt_v1_ref_fk_box024_20231011_026_p1/0/trajectory_kinematic.npz	67cdfebd79f770f0192d4b3323568c439a0edcd4cd216a579ac0206775542f73	/mnt/a0ccc676-9496-49f8-a861-f8a1797dec52/spider_workdirs/core4d/results/E173/s3_retarget/omnirt_v1/ref_fk/results/omnirt_v1_ref_fk/contact_masks/dcv3_omnirt_v1_ref_fk_box024_20231011_026_p1/raw_contact_mask_3cm.npz	4561bf66622871336bf1753fe9e0335d70b695ff1a161dd3e1a16e0a67c762fe	0	pass
box024_20231011_026_p2	box024	E173	omnirt_v2	core4d-e154-physics-contact-v1	/mnt/a0ccc676-9496-49f8-a861-f8a1797dec52/spider_workdirs/core4d/results/E173/s6_downstream/cem/full/E173_box024_20231011_026_p2_PRG_outdir_full/trajectory_mjwp_act.npz	c030439c13d0c4f6a2eacdbb114a8692d21bb28131822dd775d3737d9ec4f12a	example_datasets/processed/core4d/unitree_g1/humanoid_object/dcv3_omnirt_v2_ref_fk_box024_20231011_026_p2/scene_act_E173_rubberHull_PRG.xml	aa26d4627c9505f0d95868bb188b66b17f3d8a922a935b21b38b307532c5c738	example_datasets/processed/core4d/unitree_g1/humanoid_object/dcv3_omnirt_v2_ref_fk_box024_20231011_026_p2/0/trajectory_kinematic.npz	cfd12ac9dfd52c6e829a8021a23c62bef72e5201f6a292729c0e9a79122c7d2d	/mnt/a0ccc676-9496-49f8-a861-f8a1797dec52/spider_workdirs/core4d/results/E173/s3_retarget/omnirt_v2/ref_fk/results/omnirt_v2_ref_fk/contact_masks/dcv3_omnirt_v2_ref_fk_box024_20231011_026_p2/raw_contact_mask_3cm.npz	11976e2059be41d7dd647011e12c124403a5bcbf1be026575b976aa590e6c9af	1	pass
box024_20231011_027_p1	box024	E173	omnirt_v2	core4d-e154-physics-contact-v1	/mnt/a0ccc676-9496-49f8-a861-f8a1797dec52/spider_workdirs/core4d/results/E173/s6_downstream/cem/full/E173_box024_20231011_027_p1_PRG_outdir_full/trajectory_mjwp_act.npz	fa1b13da8a902c42c5227e8df3f725c997b5d2d954c85d7a411c17c97ada5dd8	example_datasets/processed/core4d/unitree_g1/humanoid_object/dcv3_omnirt_v2_ref_fk_box024_20231011_027_p1/scene_act_E173_rubberHull_PRG.xml	0406cb8e7848ad02a9ed5a91accba32daa361d99960cdef06f569b6da26e2c6f	example_datasets/processed/core4d/unitree_g1/humanoid_object/dcv3_omnirt_v2_ref_fk_box024_20231011_027_p1/0/trajectory_kinematic.npz	656768953528b860d637fbb81d15b6b56e1da1f67c6787f6c86e340a6bb048c6	/mnt/a0ccc676-9496-49f8-a861-f8a1797dec52/spider_workdirs/core4d/results/E173/s3_retarget/omnirt_v2/ref_fk/results/omnirt_v2_ref_fk/contact_masks/dcv3_omnirt_v2_ref_fk_box024_20231011_027_p1/raw_contact_mask_3cm.npz	0719df49b968d3aaf1b70e0d0967d1aec7a540691bfa04e38118438192d21f21	0	pass
box024_20231011_027_p2	box024	E173	omnirt_v2	core4d-e154-physics-contact-v1	/mnt/a0ccc676-9496-49f8-a861-f8a1797dec52/spider_workdirs/core4d/results/E173/s6_downstream/cem/full/E173_box024_20231011_027_p2_PRG_outdir_full/trajectory_mjwp_act.npz	5043b0288e1634929a1046b10eac9d8dfd85aef9dddb12325e8def432ecfe29e	example_datasets/processed/core4d/unitree_g1/humanoid_object/dcv3_omnirt_v2_ref_fk_box024_20231011_027_p2/scene_act_E173_rubberHull_PRG.xml	501be12342bc043d949e5b283977e28b17f746eaec4b6b81d71876914f5f114f	example_datasets/processed/core4d/unitree_g1/humanoid_object/dcv3_omnirt_v2_ref_fk_box024_20231011_027_p2/0/trajectory_kinematic.npz	801993885c5cd2b8849b41eaed17e4fd48cb6882ff94ba89645d41430cb050d1	/mnt/a0ccc676-9496-49f8-a861-f8a1797dec52/spider_workdirs/core4d/results/E173/s3_retarget/omnirt_v2/ref_fk/results/omnirt_v2_ref_fk/contact_masks/dcv3_omnirt_v2_ref_fk_box024_20231011_027_p2/raw_contact_mask_3cm.npz	36b1fb5db9e0055dd7a5b3cc7eb4aa14645e204c8035ceab17850af987ff040e	1	pass
box024_20231011_028_p1	box024	E173	omnirt_v1	core4d-e154-physics-contact-v1	/mnt/a0ccc676-9496-49f8-a861-f8a1797dec52/spider_workdirs/core4d/results/E173/s6_downstream/cem/full/E173_box024_20231011_028_p1_PRG_outdir_full/trajectory_mjwp_act.npz	42fbd1e6d168327ae6cec10f4ca42409b2e36aaf6351e4dd2f02c8e57502d1b1	example_datasets/processed/core4d/unitree_g1/humanoid_object/dcv3_omnirt_v1_ref_fk_box024_20231011_028_p1/scene_act_E173_rubberHull_PRG.xml	922b09b5001cb0cb18068f2013eb8a619b1201a2504456de63e24d9c5b3f5540	example_datasets/processed/core4d/unitree_g1/humanoid_object/dcv3_omnirt_v1_ref_fk_box024_20231011_028_p1/0/trajectory_kinematic.npz	5e28035c75e30d0e5bc290a3451400e396e1293ab564436c75697bd3b5a2db38	/mnt/a0ccc676-9496-49f8-a861-f8a1797dec52/spider_workdirs/core4d/results/E173/s3_retarget/omnirt_v1/ref_fk/results/omnirt_v1_ref_fk/contact_masks/dcv3_omnirt_v1_ref_fk_box024_20231011_028_p1/raw_contact_mask_3cm.npz	60b881b8cd27734fcf04ae4afa3242ac51385b6b93a2cdc724921c1cd3baa6d4	0	pass
box024_20231011_028_p2	box024	E173	omnirt_v1	core4d-e154-physics-contact-v1	/mnt/a0ccc676-9496-49f8-a861-f8a1797dec52/spider_workdirs/core4d/results/E173/s6_downstream/cem/full/E173_box024_20231011_028_p2_PRG_outdir_full/trajectory_mjwp_act.npz	c0eedcbf10775c2154f134929bde30e543f4df5b682539c95d682fea439e5d00	example_datasets/processed/core4d/unitree_g1/humanoid_object/dcv3_omnirt_v1_ref_fk_box024_20231011_028_p2/scene_act_E173_rubberHull_PRG.xml	64d585200e408bae4a16577ca56b362c24cc2f6d813e78d32e1963fb05e87d17	example_datasets/processed/core4d/unitree_g1/humanoid_object/dcv3_omnirt_v1_ref_fk_box024_20231011_028_p2/0/trajectory_kinematic.npz	f19fd1f2f21523efd8182adbbb6f8f025e46e669b652e6db2f0665ab8d4a3391	/mnt/a0ccc676-9496-49f8-a861-f8a1797dec52/spider_workdirs/core4d/results/E173/s3_retarget/omnirt_v1/ref_fk/results/omnirt_v1_ref_fk/contact_masks/dcv3_omnirt_v1_ref_fk_box024_20231011_028_p2/raw_contact_mask_3cm.npz	f9f56ab97a952419a3ae2ba82d747b346c372e4e035cb80ba172f5ee249c9122	1	pass
box024_20231011_030_p1	box024	E173	omnirt_v1	core4d-e154-physics-contact-v1	/mnt/a0ccc676-9496-49f8-a861-f8a1797dec52/spider_workdirs/core4d/results/E173/s6_downstream/cem/full/E173_box024_20231011_030_p1_PRG_outdir_full/trajectory_mjwp_act.npz	c0eb97a72b4c9e6a5c7f79f21a14cc4bcdcfdef4f485a459fa0f269a83176a94	example_datasets/processed/core4d/unitree_g1/humanoid_object/dcv3_omnirt_v1_ref_fk_box024_20231011_030_p1/scene_act_E173_rubberHull_PRG.xml	c52eebeab0dee0651b5c15df0d4e3003914a052a31e36a1219a5c5456cafa802	example_datasets/processed/core4d/unitree_g1/humanoid_object/dcv3_omnirt_v1_ref_fk_box024_20231011_030_p1/0/trajectory_kinematic.npz	91dbafafa49af431ce5175671ff0f4ec2ce1581b5fc2615a0e7c2213330c880f	/mnt/a0ccc676-9496-49f8-a861-f8a1797dec52/spider_workdirs/core4d/results/E173/s3_retarget/omnirt_v1/ref_fk/results/omnirt_v1_ref_fk/contact_masks/dcv3_omnirt_v1_ref_fk_box024_20231011_030_p1/raw_contact_mask_3cm.npz	f9bfcb3108bbd27545921ed40b6bbd7f93b7ab84f5308e1a142aa02277ecc1eb	0	pass
box024_20231011_031_p1	box024	E173	omnirt_v2	core4d-e154-physics-contact-v1	/mnt/a0ccc676-9496-49f8-a861-f8a1797dec52/spider_workdirs/core4d/results/E173/s6_downstream/cem/full/E173_box024_20231011_031_p1_PRG_outdir_full/trajectory_mjwp_act.npz	8b2ff7bec0a3abf4408b2fc1f1e2a5e4145d3f2523ba5b285b0ede988aac2922	example_datasets/processed/core4d/unitree_g1/humanoid_object/dcv3_omnirt_v2_ref_fk_box024_20231011_031_p1/scene_act_E173_rubberHull_PRG.xml	0572eaf573d86f8e3da25ad3239d1e0d3d47db7692b5ad5234e633c1f7211b91	example_datasets/processed/core4d/unitree_g1/humanoid_object/dcv3_omnirt_v2_ref_fk_box024_20231011_031_p1/0/trajectory_kinematic.npz	75ac30f5d70ab41788b4e9afa24b0ffa00d748f5db4ec18d2576d847052b2fbe	/mnt/a0ccc676-9496-49f8-a861-f8a1797dec52/spider_workdirs/core4d/results/E173/s3_retarget/omnirt_v2/ref_fk/results/omnirt_v2_ref_fk/contact_masks/dcv3_omnirt_v2_ref_fk_box024_20231011_031_p1/raw_contact_mask_3cm.npz	48a573f8cc31045d6a3a17d9c2115ef31c3b9019105faa5ea791c9f78da2be6b	0	pass
box024_20231011_031_p2	box024	E173	omnirt_v1	core4d-e154-physics-contact-v1	/mnt/a0ccc676-9496-49f8-a861-f8a1797dec52/spider_workdirs/core4d/results/E173/s6_downstream/cem/full/E173_box024_20231011_031_p2_PRG_outdir_full/trajectory_mjwp_act.npz	e72934c9e8caf4c36e8a0aa8b235a3c3aadc62c3cc57841e31617a434c1ed838	example_datasets/processed/core4d/unitree_g1/humanoid_object/dcv3_omnirt_v1_ref_fk_box024_20231011_031_p2/scene_act_E173_rubberHull_PRG.xml	280c8314252a61126f3bc1eaf1ddac8e0ead01cdf19180397b3c4f3e2148dc37	example_datasets/processed/core4d/unitree_g1/humanoid_object/dcv3_omnirt_v1_ref_fk_box024_20231011_031_p2/0/trajectory_kinematic.npz	65a3b4d42b8a9b88de9cd96eab6734059835ddfa78e4b972931c09f1d0f6233a	/mnt/a0ccc676-9496-49f8-a861-f8a1797dec52/spider_workdirs/core4d/results/E173/s3_retarget/omnirt_v1/ref_fk/results/omnirt_v1_ref_fk/contact_masks/dcv3_omnirt_v1_ref_fk_box024_20231011_031_p2/raw_contact_mask_3cm.npz	4a4a217b89c58d7dc25c28926f8f258c6c99d117fdda09afeb33abceb51054c2	1	pass
