variant,kind,frame,eval_time_s,leg_box_sdf_min_m,leg_box_sdf_arg,hand_box_sdf_min_m,hand_box_sdf_arg,leg_object_contact_count,hand_object_contact_count,object_floor_contact_count,leg_object_contact_min_dist_m,hand_object_contact_min_dist_m,object_bottom_proxy_m,object_z_m
E081_box023_p2_legobj,sim,0,0.0,0.17918168454397346,rf2,0.2901151045648022,rh,0,0,4,,,-0.029862683420157132,0.14673731657984287
E081_box023_p2_legobj,sim,1,0.02,0.17911977763261502,rf2,0.28776665963561315,rh,0,0,4,,,-0.027216157774677036,0.14938384222532297
E081_box023_p2_legobj,sim,2,0.04,0.17922207877137544,rf2,0.285930785489917,rh,0,0,4,,,-0.02522288213249249,0.15137711786750752
E081_box023_p2_legobj,sim,3,0.06,0.17949039451688928,rf2,0.2846311709060538,rh,0,0,4,,,-0.023761381623131433,0.15283861837686857
E081_box023_p2_legobj,sim,4,0.08,0.17984586643055914,rf2,0.2838181985454486,rh,0,0,4,,,-0.02270121503595432,0.1538987849640457
E081_box023_p2_legobj,sim,5,0.1,0.18026507706551534,rf2,0.2833256334791053,rh,0,0,4,,,-0.021935469030026133,0.15466453096997387
E081_box023_p2_legobj,sim,6,0.12,0.18068576499572717,rf2,0.28303118558574675,rh,0,0,4,,,-0.021383283379405704,0.1552167166205943
E081_box023_p2_legobj,sim,7,0.14,0.18104614902033342,rf2,0.28286621638127973,rh,0,0,4,,,-0.020985319560871546,0.15561468043912846
E081_box023_p2_legobj,sim,8,0.16,0.18092125823817087,right_thigh_collision,0.2826959039452105,rh,0,0,4,,,-0.02069852805765396,0.15590147194234605
E081_box023_p2_legobj,sim,9,0.18,0.18088978764565694,right_thigh_collision,0.28270332413076504,rh,0,0,4,,,-0.020493912036549294,0.1561060879634507
E081_box023_p2_legobj,sim,10,0.2,0.18085010807449176,right_thigh_collision,0.28258321898828104,rh,0,0,4,,,-0.02035547493384471,0.1562445250661553
E081_box023_p2_legobj,sim,11,0.22,0.1809927146309732,right_thigh_collision,0.28246134474324736,rh,0,0,4,,,-0.020265067385035695,0.1563349326149643
E081_box023_p2_legobj,sim,12,0.24,0.18184338797026814,right_thigh_collision,0.28159591401049805,rh,0,0,4,,,-0.020201465511681033,0.15639853448831897
E081_box023_p2_legobj,sim,13,0.26,0.183063512100499,rf2,0.2802211617314305,rh,0,0,4,,,-0.02015883489355258,0.15644116510644743
E081_box023_p2_legobj,sim,14,0.28,0.18382133647585389,rf2,0.277786447623247,rh,0,0,4,,,-0.02013122926983646,0.15646877073016355
E081_box023_p2_legobj,sim,15,0.3,0.1847025899980336,rf2,0.27488351936020466,rh,0,0,4,,,-0.020114067748153802,0.1564859322518462
E081_box023_p2_legobj,sim,16,0.32,0.18548133194704833,rf2,0.27098123675395747,rh,0,0,4,,,-0.020103829429500814,0.1564961705704992
E081_box023_p2_legobj,sim,17,0.34,0.1861027889848569,rf2,0.26632568178347105,rh,0,0,4,,,-0.02009786072104039,0.15650213927895962
E081_box023_p2_legobj,sim,18,0.36,0.18640873737495176,rf2,0.2604675393054631,rh,0,0,4,,,-0.02009438907307981,0.1565056109269202
E081_box023_p2_legobj,sim,19,0.38,0.18675142928479624,rf2,0.25381684070860927,rh,0,0,4,,,-0.020092318808205722,0.15650768119179428
E081_box023_p2_legobj,sim,20,0.4,0.18702978901113812,rf2,0.24618209377584227,rh,0,0,4,,,-0.020091021107621954,0.15650897889237805
E081_box023_p2_legobj,sim,21,0.42,0.18720976180704382,rf2,0.23760885879246763,rh,0,0,4,,,-0.02009019081522634,0.15650980918477367
E081_box023_p2_legobj,sim,22,0.44,0.18713514345553342,rf2,0.22782816650954674,rh,0,0,4,,,-0.02008965065264373,0.15651034934735628
E081_box023_p2_legobj,sim,23,0.46,0.18671531746064493,rf2,0.2168187506758602,rh,0,0,4,,,-0.020089302864067488,0.15651069713593252
E081_box023_p2_legobj,sim,24,0.48,0.185973097963174,rf2,0.20419981381408853,rh,0,0,4,,,-0.020089093651169593,0.15651090634883041
E081_box023_p2_legobj,sim,25,0.5,0.1850393673595546,rf2,0.19012019783360345,rh,0,0,4,,,-0.020088965064436193,0.15651103493556381
E081_box023_p2_legobj,sim,26,0.52,0.18398208796419133,rf2,0.17413635058470267,rh,0,0,4,,,-0.020088875987469806,0.1565111240125302
E081_box023_p2_legobj,sim,27,0.54,0.18290679617136293,rf2,0.1565955003113667,rh,0,0,4,,,-0.0200888158796724,0.1565111841203276
E081_box023_p2_legobj,sim,28,0.56,0.18189356413830962,rf2,0.13783297757023472,rh,0,0,4,,,-0.020088783354538176,0.15651121664546183
E081_box023_p2_legobj,sim,29,0.58,0.1809056872411731,rf2,0.11818148026533505,rh,0,0,4,,,-0.020088753096387996,0.156511246903612
E081_box023_p2_legobj,sim,30,0.6,0.17998069863720037,rf2,0.0979167975232348,rh,0,0,4,,,-0.02008872192697314,0.15651127807302687
E081_box023_p2_legobj,sim,31,0.62,0.17913769136568472,rf2,0.0779613535936884,rh,0,0,4,,,-0.0200887072044052,0.1565112927955948
E081_box023_p2_legobj,sim,32,0.64,0.1783711275371078,rf2,0.05896516610488592,rh,0,0,4,,,-0.0200887061002204,0.1565112938997796
E081_box023_p2_legobj,sim,33,0.66,0.17771636178534986,rf2,0.04263272257265735,rh,0,0,4,,,-0.02008880940199126,0.15651119059800875
E081_box023_p2_legobj,sim,34,0.68,0.17727956291382105,rf2,0.02935335383522604,rh,0,0,4,,,-0.020089027981898877,0.15651097201810113
E081_box023_p2_legobj,sim,35,0.7,0.17696537553164868,rf2,0.015284375534168768,rh,0,0,4,,,-0.020089160938336764,0.15651083906166324
E081_box023_p2_legobj,sim,36,0.72,0.17692210019439372,rf2,0.00046203029300449783,rh,0,0,4,,,-0.02008916043118833,0.15651083956881168
E081_box023_p2_legobj,sim,37,0.74,0.17697880204198171,rf2,-0.016021514113178245,rh,0,1,4,,-0.016021514113178245,-0.020089114291034882,0.15651088570896513
E081_box023_p2_legobj,sim,38,0.76,0.17955171262343325,rf2,-0.023252467614956154,rh,0,1,1,,-0.023252467614956154,-0.01945921526708891,0.1571407847329111
E081_box023_p2_legobj,sim,39,0.78,0.18360247430231005,rf2,-0.025693911723393234,rh,0,1,2,,-0.025693911723393234,-0.0198951680472004,0.1567048319527996
E081_box023_p2_legobj,sim,40,0.8,0.18974675363937507,rf2,-0.024317671714533293,rh,0,1,4,,-0.024317671714533293,-0.0209599905494344,0.1556400094505656
E081_box023_p2_legobj,sim,41,0.82,0.19353193136990007,rf2,-0.022423418056106106,rh,0,1,2,,-0.022423418056106106,-0.019979426206121947,0.15662057379387806
E081_box023_p2_legobj,sim,42,0.84,0.1962741681405745,rf2,-0.019569003209911548,rh,0,1,2,,-0.019569003209911548,-0.019131047299423887,0.15746895270057612
E081_box023_p2_legobj,sim,43,0.86,0.19806661647020088,rf2,-0.016651828407219946,rh,0,1,1,,-0.016651828407219946,-0.01883152908298516,0.15776847091701485
E081_box023_p2_legobj,sim,44,0.88,0.1942040155710444,lf3,-0.014026389328407066,rh,0,1,2,,-0.014026389328407093,-0.019751507216100528,0.15684849278389948
E081_box023_p2_legobj,sim,45,0.9,0.18578673708262408,lf3,-0.011545244324909568,rh,0,1,2,,-0.011545244324909568,-0.020249330189280185,0.15635066981071982
E081_box023_p2_legobj,sim,46,0.92,0.17640925863365173,lf3,-0.009521613783303337,rh,0,1,3,,-0.009521613783303337,-0.020710829414180593,0.15588917058581941
E081_box023_p2_legobj,sim,47,0.94,0.1656035545673681,lf3,-0.008690431255931767,rh,0,1,3,,-0.00869043125593174,-0.0207293876705828,0.1558706123294172
E081_box023_p2_legobj,sim,48,0.96,0.1542605291064885,lf3,-0.009157991280584872,rh,0,1,3,,-0.0091579912805849,-0.020629678902096132,0.15597032109790387
E081_box023_p2_legobj,sim,49,0.98,0.14365535403153132,lf3,-0.009996352861593352,rh,0,1,4,,-0.009996352861593352,-0.020482179574920073,0.15611782042507993
E081_box023_p2_legobj,sim,50,1.0,0.13517209042027004,lf3,-0.010538028898864446,rh,0,1,1,,-0.010538028898864439,-0.01913756617916962,0.1574624338208304
E081_box023_p2_legobj,sim,51,1.02,0.12898530977002307,lf3,-0.010813282304024396,rh,0,1,0,,-0.010813282304024396,-0.01660707901142039,0.15999292098857962
E081_box023_p2_legobj,sim,52,1.04,0.124754879005639,lf3,-0.010841970063171474,rh,0,1,0,,-0.010841970063171474,-0.01396006106970421,0.1626399389302958
E081_box023_p2_legobj,sim,53,1.06,0.12254197082871773,lf3,-0.010120263610130964,rh,0,1,0,,-0.010120263610130957,-0.010251879236586242,0.16634812076341376
E081_box023_p2_legobj,sim,54,1.08,0.1225378622586639,lf3,-0.008868124030515907,rh,0,1,0,,-0.008868124030515907,-0.005119530517448623,0.17148046948255138
E081_box023_p2_legobj,sim,55,1.1,0.12577225669107162,lf3,-0.007001512593645141,rh,0,1,0,,-0.007001512593645121,0.0017397037385176173,0.17833970373851762
E081_box023_p2_legobj,sim,56,1.12,0.12865206667291965,lf3,-0.005102867252637415,rh,0,1,0,,-0.005102867252637415,0.010519018365417493,0.1871190183654175
E081_box023_p2_legobj,sim,57,1.14,0.132947795824169,lf3,-0.00344179731498645,rh,0,1,0,,-0.003441797314986429,0.021229854685510724,0.19782985468551073
E081_box023_p2_legobj,sim,58,1.16,0.1408945451286452,lf3,-0.0015414782445740335,rh,0,1,0,,-0.0015414782445740335,0.03343042972883237,0.21003042972883237
E081_box023_p2_legobj,sim,59,1.18,0.1485284017027879,lf3,-0.0009657654798997453,rh,0,1,0,,-0.000965765479899787,0.0468206635967299,0.2234206635967299
E081_box023_p2_legobj,sim,60,1.2,0.15737804942698166,lf3,-0.0003317620591951759,rh,0,1,0,,-0.0003317620591951759,0.06093800550550632,0.23753800550550633
E081_box023_p2_legobj,sim,61,1.22,0.1669195499584742,lf3,-0.00026698813298211416,rh,0,1,0,,-0.00026698813298211416,0.07514186981625362,0.2517418698162536
E081_box023_p2_legobj,sim,62,1.24,0.17817848026949262,lf3,-0.0009500508880391431,rh,0,1,0,,-0.0009500508880391501,0.0889093870832198,0.2655093870832198
E081_box023_p2_legobj,sim,63,1.26,0.18943196058127298,lf3,-0.0007342479599223156,rh,0,1,0,,-0.0007342479599223156,0.10292772798705654,0.27952772798705655
E081_box023_p2_legobj,sim,64,1.28,0.20154193616028213,lf3,-0.0002455004362048735,rh,0,1,0,,-0.0002455004362048527,0.1173474576794998,0.2939474576794998
E081_box023_p2_legobj,sim,65,1.3,0.21396523608783652,lf3,-0.0007023032108154359,rh,0,1,0,,-0.000702303210815422,0.13169051060772416,0.30829051060772417
E081_box023_p2_legobj,sim,66,1.32,0.22536393862596216,left_shin_collision,-0.0006903226062648371,rh,0,1,0,,-0.0006903226062648371,0.14597457257550803,0.32257457257550803
E081_box023_p2_legobj,sim,67,1.34,0.22374676427231227,left_shin_collision,-0.00015666840879658556,rh,0,1,0,,-0.00015666840879658556,0.1598640201428018,0.3364640201428018
E081_box023_p2_legobj,sim,68,1.36,0.2211735410600163,left_shin_collision,0.0036117928503450747,rh,0,0,0,,,0.17301330630984854,0.34961330630984855
E081_box023_p2_legobj,sim,69,1.38,0.21786919169880142,left_shin_collision,0.00413536050173801,rh,0,0,0,,,0.18482233022124953,0.36142233022124953
E081_box023_p2_legobj,sim,70,1.4,0.21305535727318792,left_shin_collision,0.0036522596228266077,rh,0,0,0,,,0.19537592883655283,0.37197592883655284
E081_box023_p2_legobj,sim,71,1.42,0.20695537011938553,left_shin_collision,0.0029638762436918,rh,0,0,0,,,0.20497023156450125,0.38157023156450126
E081_box023_p2_legobj,sim,72,1.44,0.19908064900718703,left_shin_collision,0.0046332566584926516,rh,0,0,0,,,0.21367072826797298,0.390270728267973
E081_box023_p2_legobj,sim,73,1.46,0.19040541813696232,left_shin_collision,0.0066724095896572855,rh,0,0,0,,,0.22169161700355997,0.39829161700356
E081_box023_p2_legobj,sim,74,1.48,0.18140169488842534,left_shin_collision,0.00896813621413782,rh,0,0,0,,,0.22920323507924797,0.405803235079248
E081_box023_p2_legobj,sim,75,1.5,0.17248712799550198,left_shin_collision,0.009502672868808945,rh,0,0,0,,,0.2363103991271678,0.4129103991271678
E081_box023_p2_legobj,sim,76,1.52,0.16540413325846925,left_shin_collision,0.007475894476294084,rh,0,0,0,,,0.24308739549655198,0.419687395496552
E081_box023_p2_legobj,sim,77,1.54,0.16090382087905875,left_shin_collision,0.0033422751796043718,rh,0,0,0,,,0.24959850437645018,0.4261985043764502
E081_box023_p2_legobj,sim,78,1.56,0.15987626329280535,left_shin_collision,-0.0013474745893629625,rh,0,1,0,,-0.0013474745893629694,0.25589807360212513,0.43249807360212517
E081_box023_p2_legobj,sim,79,1.58,0.1579964597514038,right_thigh_collision,-0.0024045571709350663,rh,0,1,0,,-0.0024045571709350663,0.2609806426284811,0.43758064262848106
E081_box023_p2_legobj,sim,80,1.6,0.1471350409986807,right_thigh_collision,-0.002152280454054724,rh,0,1,0,,-0.002152280454054724,0.26572526958103926,0.4423252695810393
E081_box023_p2_legobj,sim,81,1.62,0.13590312448569197,right_thigh_collision,-0.0014792857351417915,rh,0,1,0,,-0.0014792857351418193,0.2704548054231738,0.44705480542317383
E081_box023_p2_legobj,sim,82,1.64,0.12471113143789822,right_thigh_collision,-0.0005189277722518412,rh,0,1,0,,-0.0005189277722518412,0.2753379434670572,0.45193794346705723
E081_box023_p2_legobj,sim,83,1.66,0.11345809335677809,right_thigh_collision,0.00016618349222474738,rh,0,0,0,,,0.28017662572553237,0.45677662572553235
E081_box023_p2_legobj,sim,84,1.68,0.1024208182836962,right_thigh_collision,0.00039779569709804535,rh,0,0,0,,,0.28497333191600915,0.46157333191600913
E081_box023_p2_legobj,sim,85,1.7,0.09199045892336369,right_thigh_collision,-0.00013935233026345778,rh,0,1,0,,-0.0001393523302634786,0.28968666679491184,0.4662866667949118
E081_box023_p2_legobj,sim,86,1.72,0.08256325314754898,right_thigh_collision,0.0007027837902147047,rh,0,0,0,,,0.2939929751566357,0.4705929751566357
E081_box023_p2_legobj,sim,87,1.74,0.07423275435460983,right_thigh_collision,0.001198795934654738,rh,0,0,0,,,0.298258854185663,0.474858854185663
E081_box023_p2_legobj,sim,88,1.76,0.06686268308602461,right_thigh_collision,0.0012506081479335546,rh,0,0,0,,,0.302455564810833,0.47905556481083306
E081_box023_p2_legobj,sim,89,1.78,0.060296577073565734,right_thigh_collision,0.0007235317684073095,rh,0,0,0,,,0.3065710663925003,0.4831710663925003
E081_box023_p2_legobj,sim,90,1.8,0.05400840900095103,right_thigh_collision,0.0003301883819198381,rh,0,0,0,,,0.3106018630315205,0.48720186303152047
E081_box023_p2_legobj,sim,91,1.82,0.048355485762054985,right_thigh_collision,-0.0003604780081844505,rh,0,1,0,,-0.00036047800818442277,0.31453535519554066,0.4911353551955407
E081_box023_p2_legobj,sim,92,1.84,0.04445726331476304,right_thigh_collision,0.0003569453291029506,rh,0,0,0,,,0.31816718892460527,0.49476718892460525
E081_box023_p2_legobj,sim,93,1.86,0.039897797009129064,right_thigh_collision,-0.0033405904604713182,lh,0,1,0,,-0.003340590460471325,0.32171625779511615,0.4983162577951161
E081_box023_p2_legobj,sim,94,1.88,0.035743430195257365,right_thigh_collision,-0.004891262057738814,lh,0,2,0,,-0.004891262057738814,0.32617848410445494,0.5027784841044549
E081_box023_p2_legobj,sim,95,1.9,0.03201268362983143,right_thigh_collision,-0.004865913572780253,lh,0,2,0,,-0.004865913572780253,0.33146337325438624,0.5080633732543862
E081_box023_p2_legobj,sim,96,1.92,0.02969938394502051,right_thigh_collision,-0.006001701926560632,lh,0,1,0,,-0.006001701926560632,0.3375729702437563,0.5141729702437563
E081_box023_p2_legobj,sim,97,1.94,0.025277250703823716,right_thigh_collision,-0.0053155398222727995,lh,0,1,0,,-0.0053155398222727995,0.3443417298535715,0.5209417298535715
E081_box023_p2_legobj,sim,98,1.96,0.01867490493076312,right_thigh_collision,-0.004116862294537359,lh,0,1,0,,-0.004116862294537359,0.35120268805331634,0.5278026880533163
E081_box023_p2_legobj,sim,99,1.98,0.011585786343645689,right_thigh_collision,-0.002662234368457937,lh,0,1,0,,-0.002662234368457972,0.35791407825557997,0.53451407825558
E081_box023_p2_legobj,sim,100,2.0,0.006635713066159003,right_thigh_collision,-0.0013574564506088557,lh,0,1,0,,-0.0013574564506088557,0.36409006989000126,0.5406900698900012
E081_box023_p2_legobj,sim,101,2.02,0.0062245550111389575,right_thigh_collision,-0.00032304933145749226,lh,0,1,0,,-0.0003230493314574645,0.36952390015379377,0.5461239001537938
E081_box023_p2_legobj,sim,102,2.04,0.010645228376060863,right_thigh_collision,0.00022853622388827044,lh,0,0,0,,,0.37379312001973475,0.5503931200197347
E081_box023_p2_legobj,sim,103,2.06,0.014738578976514295,right_thigh_collision,-0.0011242693390301067,lh,0,2,0,,-0.0011242693390301067,0.37627374466814656,0.5528737446681465
E081_box023_p2_legobj,sim,104,2.08,0.017956152331242835,right_thigh_collision,-0.0017955006182928945,lh,0,2,0,,-0.0017955006182929015,0.37725138488249477,0.5538513848824947
E081_box023_p2_legobj,sim,105,2.1,0.02091250823111753,right_thigh_collision,-0.0020607332002926734,lh,0,1,0,,-0.0020607332002926734,0.3765933753430294,0.5531933753430294
E081_box023_p2_legobj,sim,106,2.12,0.014343439241144777,right_thigh_collision,-0.007317943789896607,lh,0,1,0,,-0.007317943789896607,0.3747162375628764,0.5513162375628764
E081_box023_p2_legobj,sim,107,2.14,0.011459484351046427,right_thigh_collision,-0.007572607655440607,lh,0,1,0,,-0.007572607655440607,0.37147622198659536,0.5480762219865953
E081_box023_p2_legobj,sim,108,2.16,0.010845998354944784,right_thigh_collision,-0.006139589785103719,lh,0,1,0,,-0.006139589785103747,0.36712568400386636,0.5437256840038663
E081_box023_p2_legobj,sim,109,2.18,0.009933283275873471,right_thigh_collision,-0.003589050774170155,lh,0,1,0,,-0.003589050774170155,0.3621563540713222,0.5387563540713222
E081_box023_p2_legobj,sim,110,2.2,0.009176760867255766,right_thigh_collision,-0.00032054079379634226,lh,0,1,0,,-0.00032054079379634226,0.35694090754530705,0.533540907545307
E081_box023_p2_legobj,sim,111,2.22,0.007793994958580651,right_thigh_collision,0.0028458692403507055,lh,0,0,0,,,0.35177102570825036,0.5283710257082503
E081_box023_p2_legobj,sim,112,2.24,0.00570431707310954,right_thigh_collision,0.0030314837020482405,rh,0,0,0,,,0.346828403232431,0.523428403232431
E081_box023_p2_legobj,sim,113,2.26,0.0026093503789125227,right_thigh_collision,0.0005169281211717253,rh,0,0,0,,,0.3420821058284129,0.5186821058284129
E081_box023_p2_legobj,sim,114,2.28,-0.004611860385745577,right_thigh_collision,-0.002896019323423135,rh,1,1,0,-0.00473931671123843,-0.002896019323423163,0.3374983132276558,0.5140983132276558
E081_box023_p2_legobj,sim,115,2.3,-0.007489364364173065,right_thigh_collision,-0.004004049783452243,rh,1,1,0,-0.0074910421141541755,-0.004004049783452243,0.33517922914582765,0.5117792291458276
E081_box023_p2_legobj,sim,116,2.32,-0.0060900713497023876,right_thigh_collision,-0.0038447954213066543,rh,2,1,0,-0.0061962960304032255,-0.0038447954213066543,0.3335582253137146,0.5101582253137146
E081_box023_p2_legobj,sim,117,2.34,-0.0016807256661532516,right_thigh_collision,-0.0032268206726818946,rh,1,1,0,-0.001991275970100251,-0.0032268206726818946,0.33175950871216353,0.5083595087121635
E081_box023_p2_legobj,sim,118,2.36,0.004093480289659911,right_thigh_collision,-0.0025063640976344115,rh,0,1,0,,-0.0025063640976344115,0.3296375362398909,0.5062375362398909
E081_box023_p2_legobj,sim,119,2.38,0.007415487883888787,right_thigh_collision,-0.0008218022203271003,rh,0,1,0,,-0.0008218022203271003,0.3268014978219975,0.5034014978219975
E081_box023_p2_legobj,sim,120,2.4,0.010351335451502679,right_thigh_collision,0.0005586707069060171,rh,0,0,0,,,0.32318824983930916,0.4997882498393092
E081_box023_p2_legobj,sim,121,2.42,0.01380451304425575,right_thigh_collision,-0.0005840415841606508,rh,0,1,0,,-0.0005840415841606439,0.3185473235152303,0.49514732351523033
E081_box023_p2_legobj,sim,122,2.44,0.019210962354587045,right_thigh_collision,-0.0015684838011640959,rh,0,1,0,,-0.0015684838011640959,0.3129849995525714,0.48958499955257145
E081_box023_p2_legobj,sim,123,2.46,0.025698176395065865,right_thigh_collision,-0.00235028869486429,rh,0,1,0,,-0.00235028869486429,0.306440834075592,0.48304083407559195
E081_box023_p2_legobj,sim,124,2.48,0.03352065724152529,right_thigh_collision,-0.002666355157630758,rh,0,1,0,,-0.002666355157630758,0.2989082532311925,0.4755082532311925
E081_box023_p2_legobj,sim,125,2.5,0.04231276267302413,right_thigh_collision,-0.002955649780037095,rh,0,1,0,,-0.002955649780037095,0.29029827410628195,0.466898274106282
E081_box023_p2_legobj,sim,126,2.52,0.05335188822664228,right_thigh_collision,-0.002200715198834788,rh,0,1,0,,-0.002200715198834781,0.2813440736192184,0.45794407361921846
E081_box023_p2_legobj,sim,127,2.54,0.06522933143448792,right_thigh_collision,-0.001790247515348356,rh,0,1,0,,-0.001790247515348356,0.2722411650782871,0.4488411650782871
E081_box023_p2_legobj,sim,128,2.56,0.07793921848979873,right_thigh_collision,-0.0016439368641816068,rh,0,1,0,,-0.0016439368641816068,0.26301870883389533,0.43961870883389537
E081_box023_p2_legobj,sim,129,2.58,0.09116799822782107,right_thigh_collision,-0.0013168279182907555,rh,0,1,0,,-0.0013168279182907555,0.25356637944715255,0.4301663794471525
E081_box023_p2_legobj,sim,130,2.6,0.10452709526594803,right_thigh_collision,-0.0002889882898930163,rh,0,1,0,,-0.00028898828989300934,0.24368612582188984,0.42028612582188984
E081_box023_p2_legobj,sim,131,2.62,0.11582456327967225,right_thigh_collision,-1.6290817066770547e-05,rh,0,1,0,,-1.6290817066770547e-05,0.2331540784127911,0.4097540784127911
E081_box023_p2_legobj,sim,132,2.64,0.12620710635347165,right_thigh_collision,-2.1471420563627663e-05,rh,0,1,0,,-2.1471420563627663e-05,0.22173145840226086,0.39833145840226086
E081_box023_p2_legobj,sim,133,2.66,0.138952551118364,right_thigh_collision,0.0005308521647756706,rh,0,0,0,,,0.20998761680287745,0.38658761680287745
E081_box023_p2_legobj,sim,134,2.68,0.149460772313575,right_thigh_collision,-0.0026856145181278768,rh,0,1,0,,-0.0026856145181278768,0.1977831663914509,0.3743831663914509
E081_box023_p2_legobj,sim,135,2.7,0.1609461162855609,right_thigh_collision,-0.004031261380505927,rh,0,2,0,,-0.004031261380505927,0.18482212421697822,0.3614221242169782
E081_box023_p2_legobj,sim,136,2.72,0.1735135100654427,right_thigh_collision,-0.004368309563754329,rh,0,2,0,,-0.004368309563754336,0.17080474069337512,0.3474047406933751
E081_box023_p2_legobj,sim,137,2.74,0.18741501933297972,right_thigh_collision,-0.005230523399079284,lh,0,2,0,,-0.005230523399079277,0.15602035535987244,0.33262035535987244
E081_box023_p2_legobj,sim,138,2.76,0.20251169319211393,right_thigh_collision,-0.005342837084448236,lh,0,2,0,,-0.005342837084448236,0.14040283977185,0.31700283977185
E081_box023_p2_legobj,sim,139,2.78,0.21857800424288842,right_thigh_collision,-0.005460742645595325,lh,0,2,0,,-0.005460742645595318,0.12422974676585649,0.3008297467658565
E081_box023_p2_legobj,sim,140,2.8,0.23559301771952895,right_thigh_collision,-0.005219625144125786,lh,0,2,0,,-0.005219625144125786,0.1079692356233278,0.2845692356233278
E081_box023_p2_legobj,sim,141,2.82,0.2467721888259481,rf2,-0.004420522533207676,lh,0,1,0,,-0.004420522533207676,0.09223817764444778,0.2688381776444478
E081_box023_p2_legobj,sim,142,2.84,0.25457915846757107,rf2,-0.0033673069448861975,lh,0,2,0,,-0.0033673069448861975,0.07700551699808769,0.2536055169980877
E081_box023_p2_legobj,sim,143,2.86,0.2670532429302718,rf2,-0.003510609231996191,rh,0,2,0,,-0.003510609231996191,0.062185690681465206,0.2387856906814652
E081_box023_p2_legobj,sim,144,2.88,0.281513983823883,lf3,-0.002875246197460428,rh,0,2,0,,-0.002875246197460428,0.04806975630515373,0.22466975630515373
E081_box023_p2_legobj,sim,145,2.9,0.2760608092448689,lf3,-0.0021936649348099566,lh,0,2,0,,-0.0021936649348099566,0.035037057083396966,0.21163705708339697
E081_box023_p2_legobj,sim,146,2.92,0.27245032308548833,lf3,-0.002763595307541722,lh,0,2,0,,-0.002763595307541722,0.023025015311921054,0.19962501531192106
E081_box023_p2_legobj,sim,147,2.94,0.2699423919795074,lf3,-0.003732513735717674,lh,0,1,2,,-0.003732513735717674,0.01210688959809475,0.18870688959809476
E081_box023_p2_legobj,sim,148,2.96,0.2671979156675215,lf3,-0.005341269937129134,lh,0,2,2,,-0.005341269937129134,0.007811864839929683,0.1844118648399297
E081_box023_p2_legobj,sim,149,2.98,0.2653026340366722,lf3,-0.007521795117411446,lh,0,2,2,,-0.007521795117411446,0.006288219722458993,0.182888219722459
E081_box023_p2_legobj,sim,150,3.0,0.26377388367377946,lf3,-0.008728356203994883,lh,0,2,2,,-0.008728356203994855,0.005733423900584095,0.1823334239005841
E081_box023_p2_legobj,sim,151,3.02,0.26256514178953005,lf3,-0.009248477326673665,lh,0,2,2,,-0.009248477326673665,0.0054756507397182574,0.18207565073971826
E081_box023_p2_legobj,sim,152,3.04,0.2620448384107557,lf3,-0.009638749538419485,lh,0,2,2,,-0.009638749538419464,0.005846010756413,0.182446010756413
E081_box023_p2_legobj,sim,153,3.06,0.26187558769655617,lf3,-0.009704128074480518,lh,0,2,1,,-0.009704128074480511,0.00648309750095688,0.1830830975009569
E081_box023_p2_legobj,sim,154,3.08,0.26167169815669716,lf3,-0.009928621301470417,lh,0,2,0,,-0.009928621301470417,0.00761823172478826,0.18421823172478827
E081_box023_p2_legobj,sim,155,3.1,0.2592794132725982,lf3,-0.01048635143249739,lh,0,2,0,,-0.01048635143249739,0.007507325963510447,0.18410732596351045
E081_box023_p2_legobj,sim,156,3.12,0.2557752051756858,lf3,-0.009899187596404131,lh,0,2,1,,-0.00989918759640411,0.0068270220930723435,0.18342702209307235
E081_box023_p2_legobj,sim,157,3.14,0.25317343796094105,lf3,-0.0097558176666203,rh,0,2,1,,-0.0097558176666203,0.006760025185215457,0.18336002518521546
E081_box023_p2_legobj,sim,158,3.16,0.2509009186905585,lf3,-0.010636686554909736,rh,0,2,1,,-0.010636686554909743,0.006450438620028809,0.18305043862002882
E081_box023_p2_legobj,sim,159,3.18,0.248932706482409,lf3,-0.010494003406298545,rh,0,1,1,,-0.010494003406298545,0.005607758432479293,0.1822077584324793
E081_box023_p2_legobj,sim,160,3.2,0.24654743116528288,lf3,-0.006606341974470256,rh,0,1,1,,-0.006606341974470256,0.0033252362084291998,0.1799252362084292
E081_box023_p2_legobj,sim,161,3.22,0.24406768232460763,lf3,0.000978113679131129,rh,0,0,2,,,0.0003305062703046202,0.17693050627030463
E081_box023_p2_legobj,sim,162,3.24,0.24061480841139446,lf3,0.0061837684146024835,rh,0,0,2,,,-0.0020871872018825566,0.17451281279811745
E081_box023_p2_legobj,sim,163,3.26,0.23737332668349612,lf3,0.0123508042532312,rh,0,0,2,,,-0.0041866933872961865,0.17241330661270382
E081_box023_p2_legobj,sim,164,3.28,0.23466591987738744,lf3,0.02413747624486097,rh,0,0,2,,,-0.006014964342802992,0.17058503565719702
E081_box023_p2_legobj,sim,165,3.3,0.2325161757757207,lf3,0.04137154257405985,rh,0,0,2,,,-0.007662994009291824,0.16893700599070818
E081_box023_p2_legobj,sim,166,3.32,0.23059047201023672,lf3,0.06199934492396149,rh,0,0,1,,,-0.009228223578780642,0.16737177642121936
E081_box023_p2_legobj,sim,167,3.34,0.22865187444077992,lf3,0.08531443376957874,rh,0,0,2,,,-0.011125790484546066,0.16547420951545394
E081_box023_p2_legobj,sim,168,3.36,0.2159824430150235,rf2,0.10963523939380566,rh,0,0,2,,,-0.012871411017309209,0.1637285889826908
E081_box023_p2_legobj,sim,169,3.38,0.1991296267542812,rf2,0.1347426592200467,rh,0,0,2,,,-0.014516670290293882,0.16208332970970613
E081_box023_p2_legobj,sim,170,3.4,0.18200152054056415,rf2,0.16146702012310965,rh,0,0,2,,,-0.016104639226431433,0.16049536077356857
E081_box023_p2_legobj,sim,171,3.42,0.1653922249857274,rf2,0.18916327896694152,rh,0,0,2,,,-0.017664489756334112,0.1589355102436659
E081_box023_p2_legobj,sim,172,3.44,0.14992888317666905,rf2,0.21652923252261447,rh,0,0,2,,,-0.019213760366516314,0.1573862396334837
E081_box023_p2_legobj,sim,173,3.46,0.13646632113132331,rf2,0.24247900361640312,rh,0,0,3,,,-0.02076514822580597,0.15583485177419404
E081_box023_p2_legobj,sim,174,3.48,0.12634156044684394,rf2,0.2653135979181212,rh,0,0,2,,,-0.021013164612101315,0.1555868353878987
E081_box023_p2_legobj,sim,175,3.5,0.11967280704121006,rf2,0.2859098676396475,rh,0,0,3,,,-0.0215556781182987,0.1550443218817013
E081_box023_p2_legobj,sim,176,3.52,0.11580681537095015,rf2,0.3030288497701888,rh,0,0,3,,,-0.02141908913151533,0.15518091086848468
E081_box023_p2_legobj,sim,177,3.54,0.11587490998923217,rf2,0.3177949463057802,rh,0,0,3,,,-0.021145295317324453,0.15545470468267555
E081_box023_p2_legobj,sim,178,3.56,0.11795489065636877,rf2,0.3305756131824637,rh,0,0,3,,,-0.020890609296679102,0.1557093907033209
E081_box023_p2_legobj,sim,179,3.58,0.12183009657345462,rf2,0.3420277786295002,rh,0,0,3,,,-0.020689331338980405,0.1559106686610196
E081_box023_p2_legobj,sim,180,3.6,0.12660456361674488,rf2,0.3535739126157934,rh,0,0,4,,,-0.020539836907692677,0.15606016309230733
E081_box023_p2_legobj,sim,181,3.62,0.1323311221202864,rf2,0.36522594315048956,rh,0,0,4,,,-0.02040336886962571,0.1561966311303743
E081_box023_p2_legobj,sim,182,3.64,0.13884932584259485,rf2,0.37737737089152895,rh,0,0,4,,,-0.02029709951612091,0.1563029004838791
E081_box023_p2_legobj,sim,183,3.66,0.14674859373430582,rf2,0.3896653554295966,rh,0,0,4,,,-0.020223674497721528,0.15637632550227848
E081_box023_p2_legobj,sim,184,3.68,0.15679157654368245,rf2,0.4014969364052595,rh,0,0,4,,,-0.020178720969419056,0.15642127903058095
E081_box023_p2_legobj,sim,185,3.7,0.16843710383719407,rf2,0.4120142242718828,rh,0,0,4,,,-0.020151490400558802,0.1564485095994412
E081_box023_p2_legobj,sim,186,3.72,0.18024906061508703,rf2,0.4201834132703138,rh,0,0,4,,,-0.02013423651964827,0.15646576348035174
E081_box023_p2_legobj,sim,187,3.74,0.1921292480450524,rf2,0.42544170586000907,rh,0,0,4,,,-0.020123020814867415,0.1564769791851326
E081_box023_p2_legobj,sim,188,3.76,0.2038494006258153,rf2,0.4271136567636286,rh,0,0,4,,,-0.02011585022881543,0.15648414977118458
E081_box023_p2_legobj,sim,189,3.78,0.2153736394863668,rf2,0.4260853475772782,rh,0,0,4,,,-0.02011155630709288,0.15648844369290713
E081_box023_p2_legobj,sim,190,3.8,0.22656355483736748,rf2,0.4232493544275129,rh,0,0,4,,,-0.020109214333220854,0.15649078566677915
E081_box023_p2_legobj,sim,191,3.82,0.23724694474774247,rf2,0.41958939613614776,rh,0,0,4,,,-0.0201080085928807,0.1564919914071193
E081_box023_p2_legobj,sim,192,3.84,0.24049155871969724,rf2,0.418422631856523,rh,0,0,4,,,-0.020107274233523986,0.15649272576647602
E081_box023_p2_legobj,sim,193,3.86,0.24085688179606662,rf2,0.4199277043780548,rh,0,0,4,,,-0.02010657035299404,0.15649342964700597
E081_box023_p2_legobj,sim,194,3.88,0.2417762687513275,rf2,0.4230324381076757,rh,0,0,4,,,-0.020105804195775262,0.15649419580422474
E081_box023_p2_legobj,sim,195,3.9,0.24339818542639147,rf2,0.42749449414620716,rh,0,0,4,,,-0.02010503202673622,0.1564949679732638
E081_box023_p2_legobj,sim,196,3.92,0.24512709814608818,rf2,0.4327411024999015,rh,0,0,4,,,-0.020104470502452176,0.15649552949754783
E081_box023_p2_legobj,sim,197,3.94,0.2469763070108359,rf2,0.43760230577165204,rh,0,0,4,,,-0.020103970419563327,0.15649602958043668
E081_box023_p2_legobj,sim,198,3.96,0.24824953108785147,rf2,0.44130371440496075,rh,0,0,4,,,-0.020103669469548197,0.1564963305304518
E081_box023_p2_legobj,sim,199,3.98,0.2491664738785757,rf2,0.44274986777459746,rh,0,0,4,,,-0.020103560189285774,0.15649643981071423
E081_box023_p2_legobj,sim,200,4.0,0.2497413389358895,rf2,0.4413753272426795,rh,0,0,4,,,-0.020103611244203956,0.15649638875579605
E081_box023_p2_legobj,sim,201,4.02,0.24973115522968958,rf2,0.43707398192966224,rh,0,0,4,,,-0.020103788901160158,0.15649621109883985
E081_box023_p2_legobj,sim,202,4.04,0.24913899080516466,rf2,0.4304978717349167,rh,0,0,4,,,-0.020104055857619263,0.15649594414238074
E081_box023_p2_legobj,sim,203,4.06,0.2482700189059801,rf2,0.42276456383848043,rh,0,0,4,,,-0.020104370275098232,0.15649562972490177
E081_box023_p2_legobj,sim,204,4.08,0.24864228312324876,rf2,0.41625106116824234,rh,0,0,4,,,-0.020104671628447063,0.15649532837155294
E081_box023_p2_legobj,sim,205,4.1,0.25027701707138783,rf2,0.41063475215064915,rh,0,0,4,,,-0.02010494436307625,0.15649505563692376
E081_box023_p2_legobj,sim,206,4.12,0.2524261346060919,rf2,0.405827093003547,rh,0,0,4,,,-0.020105182130197047,0.15649481786980296
E081_box023_p2_legobj,sim,207,4.14,0.2545086882838328,rf2,0.4019891577756365,rh,0,0,4,,,-0.020105380549093832,0.15649461945090617
E081_box023_p2_legobj,sim,208,4.16,0.2560896620894294,rf2,0.39956841613750094,rh,0,0,4,,,-0.0201055397114549,0.1564944602885451
E081_box023_p2_legobj,sim,209,4.18,0.2566480121436195,rf2,0.3980560545574406,rh,0,0,4,,,-0.020105655998416183,0.15649434400158382
E081_box023_p2_legobj,sim,210,4.2,0.25530025762622716,rf2,0.3978725786755875,rh,0,0,4,,,-0.020105729438122194,0.1564942705618778
E081_box023_p2_legobj,sim,211,4.22,0.252416129387026,rf2,0.39854223908638214,rh,0,0,4,,,-0.020105770456667255,0.15649422954333275
E081_box023_p2_legobj,sim,212,4.24,0.2494591296547377,rf2,0.3997614636513124,rh,0,0,4,,,-0.020105799525414553,0.15649420047458545
E081_box023_p2_legobj,sim,213,4.26,0.24652914342616028,rf2,0.40134306061868324,rh,0,0,4,,,-0.02010582225944549,0.15649417774055452
E081_box023_p2_legobj,sim,214,4.28,0.2443119069033035,rf2,0.4027079276764195,rh,0,0,4,,,-0.020105848062009934,0.15649415193799007
E081_box023_p2_legobj,sim,215,4.3,0.24236754297640523,rf2,0.40426821097399823,rh,0,0,4,,,-0.020105872185638723,0.15649412781436128
E081_box023_p2_legobj,sim,216,4.32,0.24249359977019402,rf2,0.4080450516553531,rh,0,0,4,,,-0.02010590581827798,0.15649409418172203
E081_box023_p2_legobj,sim,217,4.34,0.2426479344350438,rf2,0.40856948476236526,lh,0,0,4,,,-0.020105946991854834,0.15649405300814517
E081_box023_p2_legobj,sim,218,4.36,0.24266785440066227,rf2,0.36947847031007075,lh,0,0,4,,,-0.020105974275705485,0.15649402572429452
E081_box023_p2_legobj,sim,219,4.38,0.24202977430174458,rf2,0.3444600335528823,lh,0,0,4,,,-0.020105991408526785,0.15649400859147322
E081_box023_p2_legobj,sim,220,4.4,0.24075903344627161,rf2,0.33647305531871374,lh,0,0,4,,,-0.020106006770724105,0.1564939932292759
E081_box023_p2_legobj,sim,221,4.42,0.23805635055079,rf2,0.34395929605662284,lh,0,0,4,,,-0.020106013004736606,0.1564939869952634
E081_box023_p2_legobj,sim,222,4.44,0.23393638828034158,rf2,0.3613553628525459,lh,0,0,4,,,-0.02010617711730278,0.15649382288269723
E081_box023_p2_legobj,sim,223,4.46,0.22824119378542032,rf2,0.3824838470576601,lh,0,0,4,,,-0.020106376006782417,0.1564936239932176
E081_box023_p2_legobj,sim,224,4.48,0.22104504408252057,rf2,0.40235568021718887,lh,0,0,4,,,-0.0201070382325155,0.1564929617674845
E081_box023_p2_legobj,sim,225,4.5,0.22040014791678988,rf2,0.4186308639895272,lh,0,0,4,,,-0.020107751282790937,0.15649224871720907
E081_box023_p2_legobj,sim,226,4.52,0.22065660203909213,rf2,0.426513277658046,rh,0,0,4,,,-0.020108415242983485,0.15649158475701652
E081_box023_p2_legobj,sim,227,4.54,0.2208469873238034,rf2,0.4238194537498768,rh,0,0,4,,,-0.020109015440589018,0.156490984559411
E081_box023_p2_legobj,sim,228,4.56,0.22076362930229412,rf2,0.41967970717907954,rh,0,0,4,,,-0.020099286308869063,0.15650071369113094
E081_box023_p2_legobj,sim,229,4.58,0.2196831420103467,rf2,0.4143989303515945,rh,0,0,4,,,-0.020089491192113174,0.15651050880788683
E081_box023_p2_legobj,sim,230,4.6,0.2204467002990498,rf2,0.4091634171684548,rh,0,0,4,,,-0.02008191881585894,0.15651808118414107
E081_box023_p2_legobj,sim,231,4.62,0.2229264046753948,rf2,0.403776207688985,rh,0,0,4,,,-0.020076565871706864,0.15652343412829314
E081_box023_p2_legobj,sim,232,4.64,0.22717676304172776,rf2,0.39814673895807234,rh,0,0,4,,,-0.020072913218892457,0.15652708678110755
E081_box023_p2_legobj,sim,233,4.66,0.23250829496504247,rf2,0.3904941280845157,lh,0,0,4,,,-0.020070458477462083,0.15652954152253792
E081_box023_p2_legobj,sim,234,4.68,0.2382535201597666,rf2,0.37874766050246994,lh,0,0,4,,,-0.020068825721322348,0.15653117427867766
E081_box023_p2_legobj,sim,235,4.7,0.24386913995715537,rf2,0.36744767757335933,lh,0,0,4,,,-0.020067737663388235,0.15653226233661177
E081_box023_p2_legobj,sim,236,4.72,0.24823175137079723,rf2,0.35703321430961715,lh,0,0,4,,,-0.02006700360002492,0.1565329963999751
E081_box023_p2_legobj,sim,237,4.74,0.2511869547838289,rf2,0.3474372727032575,lh,0,0,4,,,-0.020066509090713752,0.15653349090928625
E081_box023_p2_legobj,sim,238,4.76,0.2527287388197331,rf2,0.3391819956933883,lh,0,0,4,,,-0.020066176849493994,0.156533823150506
E081_box023_p2_legobj,sim,239,4.78,0.25306161123270243,rf2,0.33214032089922874,lh,0,0,4,,,-0.02006594355774713,0.15653405644225288
E081_box023_p2_legobj,sim,240,4.8,0.25276740380751894,rf2,0.32661208300903827,lh,0,0,4,,,-0.02006645740591695,0.15653354259408306
E081_box023_p2_legobj,sim,241,4.82,0.25182857336953274,rf2,0.32239481948759385,lh,0,0,4,,,-0.020067020040960115,0.1565329799590399
E081_box023_p2_legobj,sim,242,4.84,0.2505858120158375,rf2,0.31991015767144115,lh,0,0,4,,,-0.020077263913791554,0.15652273608620845
E081_box023_p2_legobj,sim,243,4.86,0.2488301203737075,rf2,0.31891402377236483,lh,0,0,4,,,-0.020087330232189782,0.15651266976781023
E081_box023_p2_legobj,sim,244,4.88,0.24713762678849593,rf2,0.3192414357737339,lh,0,0,4,,,-0.020095024155339314,0.1565049758446607
E081_box023_p2_legobj,sim,245,4.9,0.24507455549560586,rf2,0.32087605666634006,lh,0,0,4,,,-0.020100406130774046,0.15649959386922596
E081_box023_p2_legobj,sim,246,4.92,0.2427836464057226,rf2,0.3234720465435927,lh,0,0,4,,,-0.020104039394951534,0.15649596060504847
E081_box023_p2_legobj,sim,247,4.94,0.24005468037387656,rf2,0.3270622156126499,lh,0,0,4,,,-0.02010646590889789,0.15649353409110212
E081_box023_p2_legobj,sim,248,4.96,0.23744676113148194,rf2,0.33119042438266494,lh,0,0,4,,,-0.02010809081722842,0.1564919091827716
E081_box023_p2_legobj,sim,249,4.98,0.23491188752733697,rf2,0.33581361161960505,lh,0,0,4,,,-0.020109189742164718,0.1564908102578353
E081_box023_p2_legobj,sim,250,5.0,0.23219308156005816,rf2,0.34049193834314573,lh,0,0,4,,,-0.02010993485590698,0.15649006514409303
E081_box023_p2_legobj,sim,251,5.02,0.2293054404757596,rf2,0.3452367610859745,lh,0,0,4,,,-0.02011043788312139,0.15648956211687862
E081_box023_p2_legobj,sim,252,5.04,0.22695057650654832,rf2,0.34963500717656537,lh,0,0,4,,,-0.02011079287057957,0.15648920712942044
E081_box023_p2_legobj,sim,253,5.06,0.22498352283643194,rf2,0.35377409925081993,lh,0,0,4,,,-0.02011105278842168,0.15648894721157833
E081_box023_p2_legobj,sim,254,5.08,0.22474514594932554,rf2,0.3568660904765867,lh,0,0,4,,,-0.020111228993898278,0.15648877100610173
E081_box023_p2_legobj,sim,255,5.1,0.2257947798732991,rf2,0.3593534605077338,lh,0,0,4,,,-0.020111341986516984,0.15648865801348302
E081_box023_p2_legobj,sim,256,5.12,0.22620678179116874,rf2,0.3617945739878542,lh,0,0,4,,,-0.020111425076378142,0.15648857492362186
E081_box023_p2_legobj,sim,257,5.14,0.22627399035114415,rf2,0.36450625779990375,lh,0,0,4,,,-0.020111487575043413,0.1564885124249566
E081_box023_p2_legobj,sim,258,5.16,0.22594970588483865,rf2,0.36755124860796456,lh,0,0,4,,,-0.020111523973191908,0.1564884760268081
E081_box023_p2_legobj,sim,259,5.18,0.22549505726609056,rf2,0.37091088669414973,lh,0,0,4,,,-0.020111545458769642,0.15648845454123037
E081_box023_p2_legobj,sim,260,5.2,0.22547894451807,rf2,0.37392677166725197,lh,0,0,4,,,-0.02011158007222194,0.15648841992777807
E081_box023_p2_legobj,sim,261,5.22,0.22568597889276873,rf2,0.3767945261199962,lh,0,0,4,,,-0.020111638162027018,0.156488361837973
E081_box023_p2_legobj,sim,262,5.24,0.22640791897166412,rf2,0.3789977274301021,lh,0,0,4,,,-0.02011168619249107,0.15648831380750894
E081_box023_p2_legobj,sim,263,5.26,0.2273480510623524,rf2,0.3803700119747793,lh,0,0,4,,,-0.02011171753976046,0.15648828246023955
E081_box023_p2_legobj,sim,264,5.28,0.2287210939954728,rf2,0.38122312214640897,lh,0,0,4,,,-0.02011174050662448,0.15648825949337553
E081_box023_p2_legobj,sim,265,5.3,0.23001211867629973,rf2,0.3814715261735347,lh,0,0,4,,,-0.020111747721449996,0.15648825227855
E081_box023_p2_legobj,sim,266,5.32,0.23204756647088898,rf2,0.3817616416958519,lh,0,0,4,,,-0.02011178110033618,0.15648821889966383
E081_box023_p2_legobj,sim,267,5.34,0.23431144524424455,rf2,0.3820421593099948,lh,0,0,4,,,-0.0201118398038152,0.1564881601961848
E081_box023_p2_legobj,sim,268,5.36,0.2368390623910854,rf2,0.38210130566721995,lh,0,0,4,,,-0.02011185361434989,0.15648814638565012
E081_box023_p2_legobj,sim,269,5.38,0.23903704301631945,rf2,0.381819032443977,lh,0,0,4,,,-0.020111820669628022,0.15648817933037198
E081_box023_p2_legobj,sim,270,5.4,0.2409253290267451,rf2,0.3812306355838345,lh,0,0,4,,,-0.020111793113154447,0.15648820688684556
E081_box023_p2_legobj,sim,271,5.42,0.24238354030920672,rf2,0.3802922125930845,lh,0,0,4,,,-0.02011174601523419,0.15648825398476582
E081_box023_p2_legobj,ref,0,0.0,0.17977874465313468,rf2,0.29583405724455775,rh,0,0,4,,,-0.03633508655865378,0.14026491344134623
E081_box023_p2_legobj,ref,1,0.02,0.17982673616048114,rf2,0.29451518747230115,rh,0,0,4,,,-0.03633863303531462,0.14026136696468539
E081_box023_p2_legobj,ref,2,0.04,0.17989441750163157,rf2,0.2932216046731057,rh,0,0,4,,,-0.03634216461256154,0.14025783538743847
E081_box023_p2_legobj,ref,3,0.06,0.17940004774292292,rf2,0.2955707689391813,rh,0,0,4,,,-0.036347603534512385,0.14025239646548762
E081_box023_p2_legobj,ref,4,0.08,0.17890643134868364,rf2,0.2980184796914178,rh,0,0,4,,,-0.03635305736117592,0.1402469426388241
E081_box023_p2_legobj,ref,5,0.1,0.17938989605422442,rf2,0.2999133859936206,rh,0,0,4,,,-0.03633821580497959,0.14026178419502042
E081_box023_p2_legobj,ref,6,0.12,0.1799100417198309,rf2,0.3018128495779197,rh,0,0,4,,,-0.0363230613227655,0.1402769386772345
E081_box023_p2_legobj,ref,7,0.14,0.1804255567171135,rf2,0.3029681252715988,rh,0,0,4,,,-0.036327680683173824,0.14027231931682618
E081_box023_p2_legobj,ref,8,0.16,0.18092787074282032,rf2,0.30418635461567245,rh,0,0,4,,,-0.036332761977644124,0.14026723802235588
E081_box023_p2_legobj,ref,9,0.18,0.1814425185164452,rf2,0.30538134493049207,rh,0,0,4,,,-0.03633773896604103,0.14026226103395897
E081_box023_p2_legobj,ref,10,0.2,0.18191670580245042,rf2,0.30652877947259516,rh,0,0,4,,,-0.036342715955126476,0.14025728404487353
E081_box023_p2_legobj,ref,11,0.22,0.1814960109904908,rf2,0.30718044553140655,rh,0,0,4,,,-0.03635050926243971,0.1402494907375603
E081_box023_p2_legobj,ref,12,0.24,0.18099415938213728,rf2,0.30778347920066,rh,0,0,4,,,-0.03635840687640904,0.14024159312359097
E081_box023_p2_legobj,ref,13,0.26,0.18151947970989998,rf2,0.30636835313185407,rh,0,0,4,,,-0.03635968837656131,0.1402403116234387
E081_box023_p2_legobj,ref,14,0.28,0.18208167216903084,rf2,0.30494080629903636,rh,0,0,4,,,-0.03636067185576253,0.14023932814423748
E081_box023_p2_legobj,ref,15,0.3,0.18273132531757366,rf2,0.30220271694599343,rh,0,0,4,,,-0.036360388731987464,0.14023961126801254
E081_box023_p2_legobj,ref,16,0.32,0.18325176573219723,rf2,0.2989156609667974,rh,0,0,4,,,-0.03636003110421035,0.14023996889578966
E081_box023_p2_legobj,ref,17,0.34,0.18364185416527742,rf2,0.2912967081813999,rh,0,0,4,,,-0.03633185300850483,0.14026814699149517
E081_box023_p2_legobj,ref,18,0.36,0.18402782096641132,rf2,0.2832265399225519,rh,0,0,4,,,-0.03630193147646216,0.14029806852353785
E081_box023_p2_legobj,ref,19,0.38,0.1848652894203844,rf2,0.27624162191161955,rh,0,0,4,,,-0.03625776443617704,0.14034223556382297
E081_box023_p2_legobj,ref,20,0.4,0.18575515710032173,rf2,0.2695928817693882,rh,0,0,4,,,-0.03621259901697857,0.14038740098302144
E081_box023_p2_legobj,ref,21,0.42,0.18573004297459625,rf2,0.2509148902699872,rh,0,0,4,,,-0.03621385071496508,0.14038614928503493
E081_box023_p2_legobj,ref,22,0.44,0.1855084008629043,rf2,0.23113463785238714,rh,0,0,4,,,-0.036218827703762446,0.14038117229623756
E081_box023_p2_legobj,ref,23,0.46,0.18613167680578666,rf2,0.21013286864746678,rh,0,0,4,,,-0.0362309125416464,0.1403690874583536
E081_box023_p2_legobj,ref,24,0.48,0.18661383601048911,rf2,0.18882056236882216,rh,0,0,4,,,-0.0362436381333138,0.1403563618666862
E081_box023_p2_legobj,ref,25,0.5,0.1870618397735758,rf2,0.1622776816010973,rh,0,0,4,,,-0.036217888928692404,0.1403821110713076
E081_box023_p2_legobj,ref,26,0.52,0.187222618677822,rf2,0.13566482438675614,rh,0,0,4,,,-0.03618838462548424,0.14041161537451577
E081_box023_p2_legobj,ref,27,0.54,0.18805659553603918,rf2,0.10243408323635465,rh,0,0,4,,,-0.03617230627420473,0.14042769372579528
E081_box023_p2_legobj,ref,28,0.56,0.1884037991707289,rf2,0.07024900386319495,rh,0,0,4,,,-0.03615765843925675,0.14044234156074326
E081_box023_p2_legobj,ref,29,0.58,0.1887007706312522,rf2,0.04342517325840005,rh,0,0,4,,,-0.0361412373561473,0.1404587626438527
E081_box023_p2_legobj,ref,30,0.6,0.18870864439293453,rf2,0.020450826604742678,rh,0,0,4,,,-0.03612462255493418,0.14047537744506583
E081_box023_p2_legobj,ref,31,0.62,0.184919175826069,lf3,0.002277336761696447,rh,0,0,4,,,-0.036140462492434355,0.14045953750756565
E081_box023_p2_legobj,ref,32,0.64,0.17639025078404477,lf3,-0.009972780194011863,rh,0,1,4,,-0.009972780194011863,-0.036160370451211926,0.14043962954878808
E081_box023_p2_legobj,ref,33,0.66,0.16666904817984854,lf3,-0.018007138815640575,rh,0,1,4,,-0.018007138815640575,-0.03635724458654421,0.1402427554134558
E081_box023_p2_legobj,ref,34,0.68,0.15689761282514866,lf3,-0.022597213165588114,rh,0,1,4,,-0.022597213165588114,-0.03657793077092153,0.14002206922907848
E081_box023_p2_legobj,ref,35,0.7,0.15460596377738092,lf3,-0.024085120460877754,rh,0,1,4,,-0.024085120460877754,-0.036460524530720795,0.1401394754692792
E081_box023_p2_legobj,ref,36,0.72,0.15336713778259195,lf3,-0.02394472128089982,rh,0,1,4,,-0.02394472128089982,-0.036294391488912225,0.14030560851108778
E081_box023_p2_legobj,ref,37,0.74,0.16223681212318034,lf3,-0.024507820239839925,rh,0,1,4,,-0.024507820239839925,-0.03627224836361903,0.14032775163638098
E081_box023_p2_legobj,ref,38,0.76,0.17275937792847515,lf3,-0.02516493040947164,rh,0,1,4,,-0.02516493040947164,-0.03627224836361903,0.14032775163638098
E081_box023_p2_legobj,ref,39,0.78,0.1804127416899027,lf3,-0.025240383671892117,rh,0,1,4,,-0.025240383671892117,-0.03627224836361903,0.14032775163638098
E081_box023_p2_legobj,ref,40,0.8,0.18747724781198596,lf3,-0.025293041891437787,rh,0,1,4,,-0.025293041891437787,-0.03627224836361903,0.14032775163638098
E081_box023_p2_legobj,ref,41,0.82,0.18901006466028988,lf3,-0.025319791445915188,rh,0,1,4,,-0.025319791445915188,-0.03628464612966664,0.14031535387033336
E081_box023_p2_legobj,ref,42,0.84,0.18953741887201767,lf3,-0.02551694924443544,rh,0,1,4,,-0.02551694924443544,-0.0362992194653346,0.1403007805346654
E081_box023_p2_legobj,ref,43,0.86,0.19007691305877653,lf3,-0.025255411608035724,rh,0,1,4,,-0.025255411608035724,-0.03592072997136794,0.14067927002863206
E081_box023_p2_legobj,ref,44,0.88,0.19060365223249634,lf3,-0.024940361802525665,rh,0,1,4,,-0.024940361802525665,-0.035469835736425315,0.1411301642635747
E081_box023_p2_legobj,ref,45,0.9,0.19063307826994993,lf3,-0.0248772007082768,rh,0,1,4,,-0.0248772007082768,-0.03336465929431509,0.14323534070568492
E081_box023_p2_legobj,ref,46,0.92,0.19057148764447,lf3,-0.025017699659934403,rh,0,1,4,,-0.025017699659934403,-0.030937394403015572,0.14566260559698443
E081_box023_p2_legobj,ref,47,0.94,0.18558441592580968,lf3,-0.0248143937299712,rh,0,1,3,,-0.0248143937299712,-0.024422829991398692,0.15217717000860131
E081_box023_p2_legobj,ref,48,0.96,0.1796130260240737,lf3,-0.024282367852411654,rh,0,1,2,,-0.024282367852411654,-0.01706892856062417,0.15953107143937584
E081_box023_p2_legobj,ref,49,0.98,0.17574778317319065,lf3,-0.0247719381842149,rh,0,1,1,,-0.0247719381842149,-0.010100251770559898,0.1664997482294401
E081_box023_p2_legobj,ref,50,1.0,0.17265966590810214,lf3,-0.025564644697879294,rh,0,1,0,,-0.025564644697879294,-0.003214870856109109,0.1733851291438909
E081_box023_p2_legobj,ref,51,1.02,0.1629049964264985,lf3,-0.02407660457316589,rh,0,1,0,,-0.02407660457316589,0.014775508131360277,0.19137550813136028
E081_box023_p2_legobj,ref,52,1.04,0.15597859720520812,lf3,-0.022116230381209065,rh,0,1,0,,-0.022116230381209065,0.03528983508719252,0.21188983508719253
E081_box023_p2_legobj,ref,53,1.06,0.15835704025928912,lf3,-0.02234213001350134,rh,0,1,0,,-0.02234213001350134,0.04981010340341244,0.22641010340341244
E081_box023_p2_legobj,ref,54,1.08,0.16324814004040158,lf3,-0.023456207136954385,rh,0,1,0,,-0.023456207136954385,0.0629005204163176,0.2395005204163176
E081_box023_p2_legobj,ref,55,1.1,0.1744288981996527,lf3,-0.024431766240897032,rh,0,1,0,,-0.024431766240897032,0.08546844843966303,0.26206844843966304
E081_box023_p2_legobj,ref,56,1.12,0.18947450410278022,lf3,-0.025575102521107854,rh,0,1,0,,-0.025575102521107854,0.1104057816468719,0.2870057816468719
E081_box023_p2_legobj,ref,57,1.14,0.1951029739642529,left_shin_collision,-0.024137247768193384,rh,0,1,0,,-0.024137247768193384,0.13961063409072547,0.3162106340907255
E081_box023_p2_legobj,ref,58,1.16,0.19363218731338827,left_shin_collision,-0.02242564417486935,rh,0,1,0,,-0.02242564417486935,0.16993234694353906,0.34653234694353907
E081_box023_p2_legobj,ref,59,1.18,0.20229792237298078,left_shin_collision,-0.021924697926713407,rh,0,1,0,,-0.021924697926713407,0.19036051957526864,0.36696051957526865
E081_box023_p2_legobj,ref,60,1.2,0.2129142287359403,left_shin_collision,-0.021662610649245365,rh,0,1,0,,-0.021662610649245365,0.20808188428485666,0.38468188428485667
E081_box023_p2_legobj,ref,61,1.22,0.22037822226471138,left_shin_collision,-0.02196264852926165,rh,0,1,0,,-0.02196264852926165,0.2200015147066404,0.3966015147066404
E081_box023_p2_legobj,ref,62,1.24,0.22665367353335003,left_shin_collision,-0.022206589968851068,rh,0,1,0,,-0.022206589968851068,0.2302635009040058,0.4068635009040058
E081_box023_p2_legobj,ref,63,1.26,0.2266908815052971,left_shin_collision,-0.019543974971755126,rh,0,1,0,,-0.019543974971755126,0.2538493941908956,0.43044939419089556
E081_box023_p2_legobj,ref,64,1.28,0.2229892766207267,left_thigh_collision,-0.015324436069103095,rh,0,1,0,,-0.015324436069103095,0.28140697797756886,0.45800697797756884
E081_box023_p2_legobj,ref,65,1.3,0.21861208671494053,left_thigh_collision,-0.014244778071339545,rh,0,1,0,,-0.014244778071339545,0.299850073410002,0.476450073410002
E081_box023_p2_legobj,ref,66,1.32,0.21618665537861959,left_thigh_collision,-0.013986517356185488,rh,0,1,0,,-0.013986517356185488,0.31546144225792594,0.492061442257926
E081_box023_p2_legobj,ref,67,1.34,0.21098285478440176,left_thigh_collision,-0.013622764980403865,rh,0,1,0,,-0.013622764980403865,0.3291362962962471,0.5057362962962471
E081_box023_p2_legobj,ref,68,1.36,0.20536258053332185,left_thigh_collision,-0.013011291951277468,rh,0,1,0,,-0.013011291951277468,0.34218439528492395,0.5187843952849239
E081_box023_p2_legobj,ref,69,1.38,0.20044671590622543,left_thigh_collision,-0.011396090910497994,rh,0,1,0,,-0.011396090910497994,0.3545696472207571,0.5311696472207571
E081_box023_p2_legobj,ref,70,1.4,0.19652057617417906,left_thigh_collision,-0.009558676732831964,rh,0,1,0,,-0.009558676732831936,0.36673178705682563,0.5433317870568256
E081_box023_p2_legobj,ref,71,1.42,0.19675708151515742,left_thigh_collision,-0.009071084016221101,rh,0,1,0,,-0.009071084016221101,0.37645516539510926,0.5530551653951092
E081_box023_p2_legobj,ref,72,1.44,0.19835571767772142,left_thigh_collision,-0.008952386445607766,rh,0,1,0,,-0.008952386445607766,0.38532500254290714,0.5619250025429071
E081_box023_p2_legobj,ref,73,1.46,0.1989250440187158,left_thigh_collision,-0.008581838630912733,rh,0,1,0,,-0.008581838630912733,0.3935970509188369,0.5701970509188369
E081_box023_p2_legobj,ref,74,1.48,0.1993913495668712,left_thigh_collision,-0.007867781570591606,rh,0,1,0,,-0.007867781570591606,0.4016516561648784,0.5782516561648784
E081_box023_p2_legobj,ref,75,1.5,0.2046248284579804,left_thigh_collision,-0.007426193351337054,rh,0,1,0,,-0.007426193351337054,0.4080890921508469,0.5846890921508469
E081_box023_p2_legobj,ref,76,1.52,0.21196665299119372,left_thigh_collision,-0.0068547187814822635,rh,0,1,0,,-0.0068547187814822635,0.4139159789496837,0.5905159789496837
E081_box023_p2_legobj,ref,77,1.54,0.21038472374543887,right_thigh_collision,-0.00598185117356255,rh,0,1,0,,-0.00598185117356255,0.41981974016953394,0.5964197401695339
E081_box023_p2_legobj,ref,78,1.56,0.19982353643699696,right_thigh_collision,-0.004573587156578449,rh,0,1,0,,-0.004573587156578449,0.42575369523311823,0.6023536952331182
E081_box023_p2_legobj,ref,79,1.58,0.18631570741285186,right_thigh_collision,-0.003743092529116046,rh,0,1,0,,-0.003743092529116046,0.4305970915003784,0.6071970915003784
E081_box023_p2_legobj,ref,80,1.6,0.1719230035879256,right_thigh_collision,-0.0029205027953119883,rh,0,1,0,,-0.0029205027953119883,0.4349975517374316,0.6115975517374316
E081_box023_p2_legobj,ref,81,1.62,0.16914396471061233,right_thigh_collision,-0.004149006335072161,rh,0,1,0,,-0.004149006335072161,0.43830076870940116,0.6149007687094011
E081_box023_p2_legobj,ref,82,1.64,0.17163557585792993,right_thigh_collision,-0.006034239334133398,rh,0,1,0,,-0.0060342393341333705,0.4411419564221529,0.6177419564221529
E081_box023_p2_legobj,ref,83,1.66,0.16495674138313832,right_thigh_collision,-0.007340123206681967,rh,0,1,0,,-0.007340123206681967,0.4429932052351139,0.6195932052351139
E081_box023_p2_legobj,ref,84,1.68,0.1538725639249446,right_thigh_collision,-0.007898911535540301,rh,0,1,0,,-0.007898911535540301,0.4444126891061799,0.6210126891061799
E081_box023_p2_legobj,ref,85,1.7,0.14146350985415285,right_thigh_collision,-0.0079466261062804,rh,0,1,0,,-0.0079466261062804,0.446716706537588,0.623316706537588
E081_box023_p2_legobj,ref,86,1.72,0.12838394052886362,right_thigh_collision,-0.008106400057130966,rh,0,2,0,,-0.008106400057130966,0.44942012784305385,0.6260201278430538
E081_box023_p2_legobj,ref,87,1.74,0.11562507644934789,right_thigh_collision,-0.012017564833968174,lh,0,2,0,,-0.012017564833968201,0.4519161434168547,0.6285161434168547
E081_box023_p2_legobj,ref,88,1.76,0.10330754227619679,right_thigh_collision,-0.013554039307669213,lh,0,2,0,,-0.013554039307669213,0.45431515073395545,0.6309151507339554
E081_box023_p2_legobj,ref,89,1.78,0.08842563548443907,right_thigh_collision,-0.012006846065024494,lh,0,2,0,,-0.012006846065024494,0.45710185430741845,0.6337018543074184
E081_box023_p2_legobj,ref,90,1.8,0.0715660556850635,right_thigh_collision,-0.00914580302921817,lh,0,2,0,,-0.00914580302921815,0.4600759638347941,0.6366759638347941
E081_box023_p2_legobj,ref,91,1.82,0.05589850820007174,right_thigh_collision,-0.009184110404356308,lh,0,2,0,,-0.009184110404356308,0.4624836757622576,0.6390836757622576
E081_box023_p2_legobj,ref,92,1.84,0.042115660640022874,right_thigh_collision,-0.010476662498023946,lh,0,2,0,,-0.010476662498023967,0.46460823228903003,0.64120823228903
E081_box023_p2_legobj,ref,93,1.86,0.03326243510084039,right_thigh_collision,-0.010192510798035952,lh,0,2,0,,-0.01019251079803593,0.4659608510464943,0.6425608510464943
E081_box023_p2_legobj,ref,94,1.88,0.031636321810242944,right_thigh_collision,-0.008923838739168972,lh,0,2,0,,-0.008923838739168972,0.46691451581050236,0.6435145158105023
E081_box023_p2_legobj,ref,95,1.9,0.03326408989305062,right_thigh_collision,-0.008703776066386587,lh,0,1,0,,-0.008703776066386587,0.466850804252282,0.643450804252282
E081_box023_p2_legobj,ref,96,1.92,0.036302026141606235,right_thigh_collision,-0.008608018658971386,lh,0,1,0,,-0.008608018658971414,0.46624365094096176,0.6428436509409617
E081_box023_p2_legobj,ref,97,1.94,0.04058001994082935,right_thigh_collision,-0.009516342760512421,lh,0,1,0,,-0.009516342760512442,0.4645010172395221,0.6411010172395221
E081_box023_p2_legobj,ref,98,1.96,0.04507455352700215,right_thigh_collision,-0.010923331500245048,lh,0,1,0,,-0.010923331500245027,0.46213183688701187,0.6387318368870119
E081_box023_p2_legobj,ref,99,1.98,0.05000840643810476,right_thigh_collision,-0.011097520649492418,lh,0,1,0,,-0.011097520649492397,0.4595395781754129,0.6361395781754129
E081_box023_p2_legobj,ref,100,2.0,0.0551402483854719,right_thigh_collision,-0.010590127188181295,lh,0,1,0,,-0.010590127188181295,0.45682023399738303,0.633420233997383
E081_box023_p2_legobj,ref,101,2.02,0.059387259073865904,right_thigh_collision,-0.010687714175391043,lh,0,1,0,,-0.010687714175391015,0.4539777392035065,0.6305777392035065
E081_box023_p2_legobj,ref,102,2.04,0.061858257988660584,right_hip_collision,-0.01109829653570999,lh,0,1,0,,-0.011098296535710019,0.45106291132730136,0.6276629113273013
E081_box023_p2_legobj,ref,103,2.06,0.0625719821829813,right_hip_collision,-0.013281703455149146,lh,0,1,0,,-0.013281703455149146,0.44722143309737106,0.623821433097371
E081_box023_p2_legobj,ref,104,2.08,0.06346196102568216,right_hip_collision,-0.016059462572290482,lh,0,1,0,,-0.016059462572290482,0.44281743610794577,0.6194174361079458
E081_box023_p2_legobj,ref,105,2.1,0.06309066808340442,right_hip_collision,-0.017879020790059187,lh,0,1,0,,-0.017879020790059187,0.43719546097256823,0.6137954609725682
E081_box023_p2_legobj,ref,106,2.12,0.06187040633906733,right_hip_collision,-0.01901697119977366,lh,0,1,0,,-0.01901697119977366,0.43081037801577804,0.607410378015778
E081_box023_p2_legobj,ref,107,2.14,0.0588629171752528,right_hip_collision,-0.018745076861459542,lh,0,1,0,,-0.018745076861459542,0.42560460611159623,0.6022046061115962
E081_box023_p2_legobj,ref,108,2.16,0.054803758420993415,right_hip_collision,-0.01725649819905125,lh,0,1,0,,-0.01725649819905127,0.4211610940423922,0.5977610940423922
E081_box023_p2_legobj,ref,109,2.18,0.05211730561768482,right_hip_collision,-0.016148201600412346,lh,0,1,0,,-0.016148201600412346,0.41786776288051564,0.5944677628805156
E081_box023_p2_legobj,ref,110,2.2,0.050449836702400955,right_hip_collision,-0.015581925789860944,lh,0,1,0,,-0.015581925789860937,0.41534124981233755,0.5919412498123375
E081_box023_p2_legobj,ref,111,2.22,0.04743392887913748,right_thigh_collision,-0.015290988824119008,lh,0,1,0,,-0.015290988824119008,0.41217535071004874,0.5887753507100487
E081_box023_p2_legobj,ref,112,2.24,0.042439249567719044,right_thigh_collision,-0.015069091326343778,lh,0,1,0,,-0.015069091326343778,0.40856995724967515,0.5851699572496751
E081_box023_p2_legobj,ref,113,2.26,0.03804445425869488,right_thigh_collision,-0.014004097858491653,lh,0,1,0,,-0.014004097858491653,0.4048689409073639,0.5814689409073639
E081_box023_p2_legobj,ref,114,2.28,0.03518660142296825,right_thigh_collision,-0.012043342374535478,lh,0,1,0,,-0.012043342374535478,0.4011002073376716,0.5777002073376716
E081_box023_p2_legobj,ref,115,2.3,0.030366788621970765,right_thigh_collision,-0.011396226991968773,lh,0,1,0,,-0.011396226991968773,0.3955673894139522,0.5721673894139522
E081_box023_p2_legobj,ref,116,2.32,0.0247293032470833,right_thigh_collision,-0.011851489828747473,lh,0,1,0,,-0.011851489828747473,0.388745529325061,0.565345529325061
E081_box023_p2_legobj,ref,117,2.34,0.023386126432388014,right_thigh_collision,-0.01178504921839002,lh,0,1,0,,-0.011785049218389992,0.3801583554988548,0.5567583554988548
E081_box023_p2_legobj,ref,118,2.36,0.02482041206022966,right_thigh_collision,-0.01067073508725084,lh,0,1,0,,-0.01067073508725084,0.3702413771627545,0.5468413771627545
E081_box023_p2_legobj,ref,119,2.38,0.025280618682530807,right_thigh_collision,-0.00953576495377767,lh,0,1,0,,-0.00953576495377767,0.3599943435690002,0.5365943435690002
E081_box023_p2_legobj,ref,120,2.4,0.02518790739769313,right_thigh_collision,-0.008907932767542141,lh,0,1,0,,-0.008907932767542162,0.3494911060621009,0.5260911060621009
E081_box023_p2_legobj,ref,121,2.42,0.024287188242567988,right_thigh_collision,-0.008707344290808779,lh,0,1,0,,-0.008707344290808779,0.3382740546818499,0.5148740546818499
E081_box023_p2_legobj,ref,122,2.44,0.024418316596732943,right_thigh_collision,-0.008654568432687984,lh,0,2,0,,-0.008654568432687977,0.32648608449054783,0.5030860844905478
E081_box023_p2_legobj,ref,123,2.46,0.024946219643933794,right_thigh_collision,-0.0074396615783412015,lh,0,2,0,,-0.007439661578341153,0.31530366521176545,0.4919036652117655
E081_box023_p2_legobj,ref,124,2.48,0.025143604155921755,right_thigh_collision,-0.005487092191837704,lh,0,2,0,,-0.005487092191837725,0.30462024276106725,0.4812202427610673
E081_box023_p2_legobj,ref,125,2.5,0.02735078760999688,right_thigh_collision,-0.003985979542958755,lh,0,2,0,,-0.003985979542958762,0.2922024748681664,0.46880247486816645
E081_box023_p2_legobj,ref,126,2.52,0.03351528464944343,right_thigh_collision,-0.003161666197884626,lh,0,2,0,,-0.003161666197884626,0.2783115662027761,0.45491156620277606
E081_box023_p2_legobj,ref,127,2.54,0.04125608372756554,right_thigh_collision,-0.0014956679874981865,rh,0,2,0,,-0.0014956679874981865,0.2657150769773001,0.44231507697730016
E081_box023_p2_legobj,ref,128,2.56,0.04899832388232731,right_thigh_collision,-0.0002683607190798881,rh,0,1,0,,-0.0002683607190798881,0.2542513685385104,0.43085136853851036
E081_box023_p2_legobj,ref,129,2.58,0.06279741640933742,right_thigh_collision,-0.00021674426833905025,rh,0,1,0,,-0.00021674426833905025,0.23853724911093796,0.41513724911093797
E081_box023_p2_legobj,ref,130,2.6,0.07923388997637289,right_shin_collision,-0.00057719552426784,rh,0,1,0,,-0.00057719552426784,0.218992068655584,0.395592068655584
E081_box023_p2_legobj,ref,131,2.62,0.09558637906887492,right_shin_collision,-0.001855889255261936,lh,0,2,0,,-0.001855889255261936,0.2011020558082857,0.3777020558082857
E081_box023_p2_legobj,ref,132,2.64,0.1103493753977476,right_shin_collision,-0.00448300407936679,lh,0,2,0,,-0.00448300407936679,0.1847490127448774,0.3613490127448774
E081_box023_p2_legobj,ref,133,2.66,0.1282502421524141,right_shin_collision,-0.008158825777969843,lh,0,2,0,,-0.008158825777969829,0.1693173789400498,0.3459173789400498
E081_box023_p2_legobj,ref,134,2.68,0.15037595846982493,right_shin_collision,-0.012109567627954718,lh,0,2,0,,-0.012109567627954745,0.1547668056892025,0.3313668056892025
E081_box023_p2_legobj,ref,135,2.7,0.1666919695324513,right_thigh_collision,-0.015291472116327635,lh,0,2,0,,-0.015291472116327635,0.13870603451880034,0.31530603451880035
E081_box023_p2_legobj,ref,136,2.72,0.1761889324516179,right_thigh_collision,-0.016796010689148197,lh,0,2,0,,-0.016796010689148197,0.12115711816981764,0.29775711816981765
E081_box023_p2_legobj,ref,137,2.74,0.18363013868249511,right_thigh_collision,-0.01696435638913641,lh,0,2,0,,-0.01696435638913641,0.10397236166532867,0.2805723616653287
E081_box023_p2_legobj,ref,138,2.76,0.18969025807397114,right_thigh_collision,-0.015491224668249773,lh,0,2,0,,-0.015491224668249773,0.08715726045982172,0.26375726045982173
E081_box023_p2_legobj,ref,139,2.78,0.19182705329855868,right_thigh_collision,-0.01530514130244514,lh,0,2,0,,-0.015305141302445154,0.0711908606495017,0.2477908606495017
E081_box023_p2_legobj,ref,140,2.8,0.18778622872234427,rf2,-0.017721149805163386,lh,0,2,0,,-0.01772114980516338,0.056111586015386156,0.23271158601538616
E081_box023_p2_legobj,ref,141,2.82,0.18456300544131035,rf2,-0.019020301073250406,lh,0,2,0,,-0.019020301073250406,0.04147731756346576,0.21807731756346577
E081_box023_p2_legobj,ref,142,2.84,0.18218095659857697,rf2,-0.018515765062114636,lh,0,2,0,,-0.018515765062114636,0.027322048754544193,0.2039220487545442
E081_box023_p2_legobj,ref,143,2.86,0.18106893943152846,rf2,-0.017934107943014747,lh,0,2,0,,-0.017934107943014747,0.01610782317197626,0.19270782317197627
E081_box023_p2_legobj,ref,144,2.88,0.18107288080579467,rf2,-0.01754128799955662,lh,0,2,0,,-0.01754128799955662,0.008156369137169245,0.18475636913716925
E081_box023_p2_legobj,ref,145,2.9,0.18170770099011144,rf2,-0.017557154202672044,lh,0,2,0,,-0.017557154202672044,0.001726680338076464,0.17832668033807647
E081_box023_p2_legobj,ref,146,2.92,0.18277436755699802,rf2,-0.01817146951824318,lh,0,2,0,,-0.01817146951824318,-0.002963847047857515,0.1736361529521425
E081_box023_p2_legobj,ref,147,2.94,0.18388540178770627,rf2,-0.017957008423140464,lh,0,2,1,,-0.017957008423140464,-0.008110185029937322,0.16848981497006268
E081_box023_p2_legobj,ref,148,2.96,0.18487298534416524,lf3,-0.016571618719699005,lh,0,2,1,,-0.016571618719699005,-0.013793296273852729,0.16280670372614728
E081_box023_p2_legobj,ref,149,2.98,0.1845279872548608,lf3,-0.016344773993993512,lh,0,2,2,,-0.016344773993993512,-0.01840197099137217,0.15819802900862784
E081_box023_p2_legobj,ref,150,3.0,0.18493085860342548,lf3,-0.017639730152585895,lh,0,2,2,,-0.017639730152585895,-0.021707197419734592,0.15489280258026542
E081_box023_p2_legobj,ref,151,3.02,0.18575389000396295,lf3,-0.01830602931023815,lh,0,2,3,,-0.018306029310238142,-0.024474000309397226,0.15212599969060278
E081_box023_p2_legobj,ref,152,3.04,0.1864687877666528,rf2,-0.018128121932600827,lh,0,2,4,,-0.018128121932600827,-0.02656779233177589,0.15003220766822412
E081_box023_p2_legobj,ref,153,3.06,0.18698004106071356,rf2,-0.01772175867778767,lh,0,2,4,,-0.01772175867778767,-0.027815243602903605,0.1487847563970964
E081_box023_p2_legobj,ref,154,3.08,0.1875694782942228,rf2,-0.01646024773317245,lh,0,2,4,,-0.01646024773317245,-0.027972584965793468,0.14862741503420654
E081_box023_p2_legobj,ref,155,3.1,0.18794369617808773,rf2,-0.014650977434400907,lh,0,2,4,,-0.014650977434400907,-0.028084075438950834,0.14851592456104917
E081_box023_p2_legobj,ref,156,3.12,0.18793827548683656,rf2,-0.012465309168762949,lh,0,2,4,,-0.012465309168762949,-0.028134709579846984,0.14846529042015302
E081_box023_p2_legobj,ref,157,3.14,0.18800736318870226,rf2,-0.011481484440692177,rh,0,2,4,,-0.011481484440692177,-0.028112923810397927,0.14848707618960208
E081_box023_p2_legobj,ref,158,3.16,0.18818220315294365,rf2,-0.009628105085826441,rh,0,2,4,,-0.009628105085826441,-0.027992031287652958,0.14860796871234705
E081_box023_p2_legobj,ref,159,3.18,0.188228619172969,rf2,-0.008166693472616851,rh,0,2,4,,-0.008166693472616823,-0.027899629224070188,0.14870037077592982
E081_box023_p2_legobj,ref,160,3.2,0.18805508036350274,rf2,-0.00700884083935209,rh,0,1,4,,-0.00700884083935209,-0.027847429837048993,0.14875257016295101
E081_box023_p2_legobj,ref,161,3.22,0.1877021097192221,rf2,-0.0056790726880168035,rh,0,1,4,,-0.0056790726880168035,-0.027859157452605837,0.14874084254739417
E081_box023_p2_legobj,ref,162,3.24,0.18716044752445493,rf2,-0.003588599929834388,rh,0,1,4,,-0.003588599929834388,-0.027963852340067513,0.1486361476599325
E081_box023_p2_legobj,ref,163,3.26,0.18659677859500112,rf2,-0.0010706845141943006,rh,0,1,4,,-0.0010706845141943006,-0.0280563588694486,0.1485436411305514
E081_box023_p2_legobj,ref,164,3.28,0.18596991426825626,rf2,0.0014508484758364165,rh,0,0,4,,,-0.028130566899838616,0.1484694331001614
E081_box023_p2_legobj,ref,165,3.3,0.18545860400022787,rf2,0.007229285334314842,rh,0,0,4,,,-0.028121312455193753,0.14847868754480625
E081_box023_p2_legobj,ref,166,3.32,0.18511955846195244,rf2,0.017001848516857834,rh,0,0,4,,,-0.027982925767929656,0.14861707423207035
E081_box023_p2_legobj,ref,167,3.34,0.18199257725117798,rf2,0.028750111145574603,rh,0,0,4,,,-0.027890315451967962,0.14870968454803205
E081_box023_p2_legobj,ref,168,3.36,0.17470320445823018,rf2,0.043918071165138184,rh,0,0,4,,,-0.02787079416737262,0.1487292058326274
E081_box023_p2_legobj,ref,169,3.38,0.1744168491499625,rf2,0.0625282584468714,rh,0,0,4,,,-0.027882790210773334,0.14871720978922667
E081_box023_p2_legobj,ref,170,3.4,0.18549064760490766,rf2,0.0843852123231336,rh,0,0,4,,,-0.027946730987534446,0.14865326901246556
E081_box023_p2_legobj,ref,171,3.42,0.1926991696366053,rf2,0.10948558406509183,rh,0,0,4,,,-0.02799414718950019,0.14860585281049982
E081_box023_p2_legobj,ref,172,3.44,0.19335381919756808,rf2,0.13786333472198486,rh,0,0,4,,,-0.028013487789413732,0.14858651221058627
E081_box023_p2_legobj,ref,173,3.46,0.19370991655827227,rf2,0.16705761981231798,rh,0,0,4,,,-0.028017690210851126,0.14858230978914888
E081_box023_p2_legobj,ref,174,3.48,0.19363537867591346,rf2,0.1958217101732413,rh,0,0,4,,,-0.027995338700571942,0.14860466129942806
E081_box023_p2_legobj,ref,175,3.5,0.19132881359700002,rf2,0.2231309437596774,rh,0,0,4,,,-0.027980169405336708,0.1486198305946633
E081_box023_p2_legobj,ref,176,3.52,0.18525212640057037,rf2,0.24707860814801957,rh,0,0,4,,,-0.027978023900738197,0.1486219760992618
E081_box023_p2_legobj,ref,177,3.54,0.18157562893323986,rf2,0.2707231961969168,rh,0,0,4,,,-0.027983284187107604,0.1486167158128924
E081_box023_p2_legobj,ref,178,3.56,0.18168246717481612,rf2,0.2939296631377144,rh,0,0,4,,,-0.028002416647665257,0.14859758335233475
E081_box023_p2_legobj,ref,179,3.58,0.18184878385427453,rf2,0.3127472358008659,rh,0,0,4,,,-0.02800056910280932,0.1485994308971907
E081_box023_p2_legobj,ref,180,3.6,0.18231338189664628,rf2,0.32614704690689605,rh,0,0,4,,,-0.027958131385303592,0.14864186861469642
E081_box023_p2_legobj,ref,181,3.62,0.1807150728906752,rf2,0.3371855019375721,rh,0,0,4,,,-0.027936374494226368,0.14866362550577364
E081_box023_p2_legobj,ref,182,3.64,0.17581952354908595,rf2,0.34577068762202817,rh,0,0,4,,,-0.02795598518493092,0.1486440148150691
E081_box023_p2_legobj,ref,183,3.66,0.1725454250269251,rf2,0.35680040862803947,rh,0,0,4,,,-0.027969202075903782,0.14863079792409623
E081_box023_p2_legobj,ref,184,3.68,0.1728332352867569,rf2,0.37252528589553197,rh,0,0,4,,,-0.02796918709690699,0.14863081290309302
E081_box023_p2_legobj,ref,185,3.7,0.17303571948188678,rf2,0.38560954587766744,rh,0,0,4,,,-0.027973985267205376,0.14862601473279463
E081_box023_p2_legobj,ref,186,3.72,0.17307463932312694,rf2,0.39414761702422724,rh,0,0,4,,,-0.027989140095527748,0.14861085990447226
E081_box023_p2_legobj,ref,187,3.74,0.17303559124272133,rf2,0.40270027368719075,rh,0,0,4,,,-0.027994310563778713,0.1486056894362213
E081_box023_p2_legobj,ref,188,3.76,0.17327624481711107,rf2,0.411701473312837,rh,0,0,4,,,-0.027977382642426746,0.14862261735757326
E081_box023_p2_legobj,ref,189,3.78,0.17356836411018867,rf2,0.4192651640097616,rh,0,0,4,,,-0.027967816119814137,0.14863218388018587
E081_box023_p2_legobj,ref,190,3.8,0.17430478642989988,rf2,0.42431201102136024,rh,0,0,4,,,-0.02797510325423344,0.14862489674576657
E081_box023_p2_legobj,ref,191,3.82,0.17480367397210875,rf2,0.42755303003542827,rh,0,0,4,,,-0.02797742803440026,0.14862257196559975
E081_box023_p2_legobj,ref,192,3.84,0.17471231757092728,rf2,0.426523846507865,rh,0,0,4,,,-0.02796796515992503,0.14863203484007498
E081_box023_p2_legobj,ref,193,3.86,0.17477361262142907,rf2,0.42606796741169983,rh,0,0,4,,,-0.027963643454049475,0.14863635654595053
E081_box023_p2_legobj,ref,194,3.88,0.17535991854269037,rf2,0.42716520440163686,rh,0,0,4,,,-0.027972003774463544,0.14862799622553646
E081_box023_p2_legobj,ref,195,3.9,0.17593270811162404,rf2,0.4269611574047914,rh,0,0,4,,,-0.027980139859575814,0.1486198601404242
E081_box023_p2_legobj,ref,196,3.92,0.17666119575549502,rf2,0.42353679287608953,rh,0,0,4,,,-0.027987708891061308,0.1486122911089387
E081_box023_p2_legobj,ref,197,3.94,0.1772295164171416,rf2,0.41953410618398573,rh,0,0,4,,,-0.02799246321924176,0.14860753678075825
E081_box023_p2_legobj,ref,198,3.96,0.17768238173571219,rf2,0.41398369087534514,rh,0,0,4,,,-0.027989825294075343,0.14861017470592466
E081_box023_p2_legobj,ref,199,3.98,0.17810734267122033,rf2,0.4080844808050261,rh,0,0,4,,,-0.02798708283790824,0.14861291716209177
E081_box023_p2_legobj,ref,200,4.0,0.17869023389283253,rf2,0.4010607240776466,rh,0,0,4,,,-0.02798408841568581,0.1486159115843142
E081_box023_p2_legobj,ref,201,4.02,0.17925650019701062,rf2,0.3944921936970865,rh,0,0,4,,,-0.027981986623454996,0.148618013376545
E081_box023_p2_legobj,ref,202,4.04,0.17993183509634342,rf2,0.3890990468135058,rh,0,0,4,,,-0.027982464120709122,0.14861753587929089
E081_box023_p2_legobj,ref,203,4.06,0.18056989657478706,rf2,0.38358699989382167,rh,0,0,4,,,-0.027981316767661135,0.14861868323233887
E081_box023_p2_legobj,ref,204,4.08,0.18127730930532526,rf2,0.376532729787814,rh,0,0,4,,,-0.027975400987423543,0.14862459901257646
E081_box023_p2_legobj,ref,205,4.1,0.1819872255956286,rf2,0.37081251931240583,rh,0,0,4,,,-0.027973448808966656,0.14862655119103335
E081_box023_p2_legobj,ref,206,4.12,0.18270387239257538,rf2,0.36775450722597075,rh,0,0,4,,,-0.02798377502622193,0.14861622497377808
E081_box023_p2_legobj,ref,207,4.14,0.183424758164011,rf2,0.36537235649290173,rh,0,0,4,,,-0.027990436884718334,0.14860956311528167
E081_box023_p2_legobj,ref,208,4.16,0.18411127615519599,rf2,0.3645704034551842,rh,0,0,4,,,-0.027985340436918943,0.14861465956308106
E081_box023_p2_legobj,ref,209,4.18,0.18474760064427642,rf2,0.3644470613335928,rh,0,0,4,,,-0.02797961803205773,0.14862038196794228
E081_box023_p2_legobj,ref,210,4.2,0.18529995341247646,rf2,0.3662178327487857,rh,0,0,4,,,-0.027971810037152545,0.14862818996284746
E081_box023_p2_legobj,ref,211,4.22,0.18585703152623495,rf2,0.36822021352313555,rh,0,0,4,,,-0.027966371307257765,0.14863362869274224
E081_box023_p2_legobj,ref,212,4.24,0.18649273618260354,rf2,0.37100944132910424,rh,0,0,4,,,-0.027969306512805353,0.14863069348719465
E081_box023_p2_legobj,ref,213,4.26,0.18889065903345165,rf2,0.3738070341638026,rh,0,0,4,,,-0.02797435838395726,0.14862564161604275
E081_box023_p2_legobj,ref,214,4.28,0.19781367637402242,rf2,0.37636413727118956,rh,0,0,4,,,-0.02798721818113306,0.14861278181886695
E081_box023_p2_legobj,ref,215,4.3,0.20516252137748697,rf2,0.3798610908765261,rh,0,0,4,,,-0.0280003306404574,0.1485996693595426
E081_box023_p2_legobj,ref,216,4.32,0.20549972839622332,rf2,0.38722394724099823,rh,0,0,4,,,-0.028014442457150318,0.1485855575428497
E081_box023_p2_legobj,ref,217,4.34,0.20601519989663025,rf2,0.39327413000644534,rh,0,0,4,,,-0.028022935912126012,0.148577064087874
E081_box023_p2_legobj,ref,218,4.36,0.20646065799595495,rf2,0.39330266993270246,rh,0,0,4,,,-0.028008929466715737,0.14859107053328427
E081_box023_p2_legobj,ref,219,4.38,0.20688023325820148,rf2,0.3712493129831795,lh,0,0,4,,,-0.027995666850102907,0.1486043331498971
E081_box023_p2_legobj,ref,220,4.4,0.20749162737621968,rf2,0.3338383668884504,lh,0,0,4,,,-0.027985549129077913,0.1486144508709221
E081_box023_p2_legobj,ref,221,4.42,0.20775247827508642,rf2,0.31729547056086727,lh,0,0,4,,,-0.02797997561619614,0.14862002438380387
E081_box023_p2_legobj,ref,222,4.44,0.20770116510199105,rf2,0.3201408294996423,lh,0,0,4,,,-0.02799437015599132,0.14860562984400869
E081_box023_p2_legobj,ref,223,4.46,0.20773881145685902,rf2,0.33560939777264087,lh,0,0,4,,,-0.02801110420222594,0.14858889579777407
E081_box023_p2_legobj,ref,224,4.48,0.2084813488667123,rf2,0.3563825815956492,lh,0,0,4,,,-0.0280385815369886,0.1485614184630114
E081_box023_p2_legobj,ref,225,4.5,0.20929519155712428,rf2,0.3788896304306826,lh,0,0,4,,,-0.028064510126724618,0.1485354898732754
E081_box023_p2_legobj,ref,226,4.52,0.2091180268822557,rf2,0.3925828520917123,lh,0,0,4,,,-0.02808291273873187,0.14851708726126814
E081_box023_p2_legobj,ref,227,4.54,0.20815622960410354,rf2,0.4053797272057905,lh,0,0,4,,,-0.028089766680933853,0.14851023331906615
E081_box023_p2_legobj,ref,228,4.56,0.20346942860399392,rf2,0.40826977194963515,lh,0,0,4,,,-0.028037300008005694,0.1485626999919943
E081_box023_p2_legobj,ref,229,4.58,0.19962290831131002,rf2,0.4100344443936755,lh,0,0,4,,,-0.027994236303545528,0.14860576369645448
E081_box023_p2_legobj,ref,230,4.6,0.19957253274324607,rf2,0.40469394573978124,lh,0,0,4,,,-0.0280022081509467,0.1485977918490533
E081_box023_p2_legobj,ref,231,4.62,0.19952864101747878,rf2,0.3991077047131375,lh,0,0,4,,,-0.028008928288873525,0.14859107171112648
E081_box023_p2_legobj,ref,232,4.64,0.1994764762826121,rf2,0.39196245950501607,lh,0,0,4,,,-0.028008481533704083,0.14859151846629592
E081_box023_p2_legobj,ref,233,4.66,0.19944048150854163,rf2,0.3843236394208403,lh,0,0,4,,,-0.028007543367624094,0.1485924566323759
E081_box023_p2_legobj,ref,234,4.68,0.1998823280317665,rf2,0.37202116664502755,lh,0,0,4,,,-0.028003697964506136,0.14859630203549387
E081_box023_p2_legobj,ref,235,4.7,0.20019120066033508,rf2,0.3593673823440947,lh,0,0,4,,,-0.028000762869170137,0.14859923713082987
E081_box023_p2_legobj,ref,236,4.72,0.19986192332285843,rf2,0.3418519312604196,lh,0,0,4,,,-0.02800362393043257,0.14859637606956744
E081_box023_p2_legobj,ref,237,4.74,0.19960167707446094,rf2,0.3262484833905644,lh,0,0,4,,,-0.028005114471256115,0.1485948855287439
E081_box023_p2_legobj,ref,238,4.76,0.19943198687458139,rf2,0.3154752499024756,lh,0,0,4,,,-0.027997037398925867,0.14860296260107414
E081_box023_p2_legobj,ref,239,4.78,0.19926498364254633,rf2,0.3060675698076118,lh,0,0,4,,,-0.027989408091363716,0.1486105919086363
E081_box023_p2_legobj,ref,240,4.8,0.19908114246844602,rf2,0.2988579542948978,lh,0,0,4,,,-0.027985041937574978,0.14861495806242503
E081_box023_p2_legobj,ref,241,4.82,0.19891303511622285,rf2,0.293131847588001,lh,0,0,4,,,-0.027982806987314562,0.14861719301268544
E081_box023_p2_legobj,ref,242,4.84,0.19880740831890625,rf2,0.29112795213419884,lh,0,0,4,,,-0.02799751457200858,0.14860248542799143
E081_box023_p2_legobj,ref,243,4.86,0.19874280484931858,rf2,0.2893356988251534,lh,0,0,4,,,-0.028004383878989764,0.14859561612101024
E081_box023_p2_legobj,ref,244,4.88,0.19886550455961216,rf2,0.28794223046581174,lh,0,0,4,,,-0.027943467837124425,0.14865653216287558
E081_box023_p2_legobj,ref,245,4.9,0.19903962879542347,rf2,0.2868610388955152,lh,0,0,4,,,-0.02789000253423518,0.14870999746576483
E081_box023_p2_legobj,ref,246,4.92,0.19913089776894338,rf2,0.2878348663488623,lh,0,0,4,,,-0.02790660231753969,0.14869339768246032
E081_box023_p2_legobj,ref,247,4.94,0.19935833200571051,rf2,0.28913357399855094,lh,0,0,4,,,-0.027924185222821085,0.14867581477717892
E081_box023_p2_legobj,ref,248,4.96,0.19984381742603635,rf2,0.2929271302631796,lh,0,0,4,,,-0.027951842111380187,0.14864815788861982
E081_box023_p2_legobj,ref,249,4.98,0.20034893774515947,rf2,0.2974305475828193,lh,0,0,4,,,-0.02797696563376606,0.14862303436623395
E081_box023_p2_legobj,ref,250,5.0,0.20070684970325195,rf2,0.30614879657653077,lh,0,0,4,,,-0.027973732269348378,0.14862626773065163
E081_box023_p2_legobj,ref,251,5.02,0.20116832941234894,rf2,0.315642385468646,lh,0,0,4,,,-0.027972495183759105,0.1486275048162409
E081_box023_p2_legobj,ref,252,5.04,0.2016789552746159,rf2,0.3215765463168423,lh,0,0,4,,,-0.027996217688671637,0.14860378231132837
E081_box023_p2_legobj,ref,253,5.06,0.20220980931621277,rf2,0.32742420894095503,lh,0,0,4,,,-0.02801722903196674,0.14858277096803327
E081_box023_p2_legobj,ref,254,5.08,0.2021662888342924,rf2,0.32733048073902743,lh,0,0,4,,,-0.028000524065585508,0.1485994759344145
E081_box023_p2_legobj,ref,255,5.1,0.20215747626433675,rf2,0.3273987566273178,lh,0,0,4,,,-0.027985682695864544,0.14861431730413546
E081_box023_p2_legobj,ref,256,5.12,0.20222318094936748,rf2,0.32988284333915663,lh,0,0,4,,,-0.028000345415650857,0.14859965458434915
E081_box023_p2_legobj,ref,257,5.14,0.20253452723225698,rf2,0.33262735993611353,lh,0,0,4,,,-0.02801339931741023,0.14858660068258978
E081_box023_p2_legobj,ref,258,5.16,0.20184118942453327,rf2,0.33502260680862506,lh,0,0,4,,,-0.027996858867794572,0.14860314113220544
E081_box023_p2_legobj,ref,259,5.18,0.20129509739252482,rf2,0.33766575337211036,lh,0,0,4,,,-0.027983641827731137,0.14861635817226887
E081_box023_p2_legobj,ref,260,5.2,0.20054757544749313,rf2,0.3416815499590028,lh,0,0,4,,,-0.02804214277106873,0.14855785722893128
E081_box023_p2_legobj,ref,261,5.22,0.19986220995776596,rf2,0.3456495072196521,lh,0,0,4,,,-0.028098216493700257,0.14850178350629975
E081_box023_p2_legobj,ref,262,5.24,0.19940960609439698,rf2,0.3456162861754802,lh,0,0,4,,,-0.028091480745257108,0.1485085192547429
E081_box023_p2_legobj,ref,263,5.26,0.19894363618054708,rf2,0.3455871805101286,lh,0,0,4,,,-0.02808487937957374,0.14851512062042627
E081_box023_p2_legobj,ref,264,5.28,0.19835418347067635,rf2,0.3454698521091003,lh,0,0,4,,,-0.02808300135278341,0.1485169986472166
E081_box023_p2_legobj,ref,265,5.3,0.19777479083144073,rf2,0.3454083539767851,lh,0,0,4,,,-0.0280821980811638,0.1485178019188362
E081_box023_p2_legobj,ref,266,5.32,0.19767779364500365,rf2,0.34771948298270955,lh,0,0,4,,,-0.028128168062431597,0.1484718319375684
E081_box023_p2_legobj,ref,267,5.34,0.19760197772064136,rf2,0.35007651144461255,lh,0,0,4,,,-0.02817249929333851,0.1484275007066615
E081_box023_p2_legobj,ref,268,5.36,0.1980056411285781,rf2,0.35223374480112507,lh,0,0,4,,,-0.028107142144726094,0.1484928578552739
E081_box023_p2_legobj,ref,269,5.38,0.19829400603255526,rf2,0.35436336012837844,lh,0,0,4,,,-0.028042514981388572,0.14855748501861143
E081_box023_p2_legobj,ref,270,5.4,0.2000017764368742,rf2,0.35323251693717694,lh,0,0,4,,,-0.02807492678639975,0.14852507321360026
E081_box023_p2_legobj,ref,271,5.42,0.20113484956964525,rf2,0.35210529811005237,lh,0,0,3,,,-0.028107349902947137,0.14849265009705287
