case_id	object_key	method	status	raw_contact	contact_3mm	pen_3mm	geom_2mm	track_root_pos	track_root_ori	track_eef_pos	track_eef_ori	track_obj_pos	track_obj_ori	fall_flag	body_z	ankle_jerk	obj_speed	foot_slip	notes
box001_20231003_1_040_p2	box001	SPIDER-CEM	ok	0.863014	0.493151	0.21875	0.0234375	16.2895	8.9442	16.4833	17.1105	12.493	4.81567	0	0.0887097	617.048	1.72095	0.499	
box001_20231003_1_040_p2	box001	OmniRetarget	ok	1	0.0547945	0.539062	0.242188												
box001_20231003_2_039_p1	box001	SPIDER-CEM	ok	0.952381	0.825397	0.16	0.06	7.96762	5.16689	8.83187	14.0386	6.15418	5.17395	0	0.0600871	286.093	0.841471	0.598726	
box001_20231003_2_039_p1	box001	OmniRetarget	ok	1	0	0.67	0.55												
box001_20231003_2_041_p1	box001	SPIDER-CEM	ok	0.874016	0.551181	0.267516	0.0127389	11.581	5.20526	11.9398	17.8902	10.1752	7.04089	0	0.0658271	603.655	0.799178	1.49419	
box001_20231003_2_041_p1	box001	OmniRetarget	ok	0.992126	0	0.859873	0.656051												
box001_20231020_014_p1	box001	SPIDER-CEM	ok	0.868421	0.631579	0.156522	0.0782609	11.2557	6.80054	10.9783	15.7743	10.2456	3.4083	0	0.0503055	524.943	1.40963	0.271933	
box001_20231020_014_p1	box001	OmniRetarget	ok	1	0	0.669565	0.669565												
box001_20231023_108_p1	box001	SPIDER-CEM	ok	0.857143	0.607143	0.176471	0.00840336	11.6853	4.74421	10.934	16.3224	8.08819	4.89386	0	0.0637296	698.574	0.907624	0.910982	
box001_20231023_108_p1	box001	OmniRetarget	ok	0.97619	0.0238095	0.672269	0.689076												
box001_20231023_108_p2	box001	SPIDER-CEM	ok	0.597561	0.560976	0.0280374	0.046729	11.572	5.75475	11.4716	14.0896	10.5466	4.21846	0	0.0743219	510.099	1.15066	1.21883	
box001_20231023_108_p2	box001	OmniRetarget	ok	0.304878	0.0121951	0.233645	0.233645												
box021_20231011_034_p1	box021	SPIDER-CEM	ok	0.862069	0.706897	0.125874	0.034965	16.7756	7.20225	16.9554	14.3893	16.073	5.44906	0	0.0971352	811.668	1.44272	2.33442	
box021_20231011_034_p1	box021	OmniRetarget	ok	1	0.0172414	0.804196	0.531469												
box021_20231011_034_p2	box021	SPIDER-CEM	ok	0.96	0.664	0.248322	0.0201342	13.6636	10.416	16.0619	19.9109	14.4533	4.50717	0	0.123689	564.849	1.58692	1.58307	
box021_20231011_034_p2	box021	OmniRetarget	ok	1	0.128	0.738255	0.33557												
box021_20231011_036_p1	box021	SPIDER-CEM	ok	0.819672	0.57377	0.20979	0.048951	19.7172	18.1241	17.8404	24.9263	15.1939	8.03866	0	0.107573	711.087	1.22092	1.66357	
box021_20231011_036_p1	box021	OmniRetarget	ok	1	0.057377	0.825175	0.223776												
box021_20231011_037_p2	box021	SPIDER-CEM	ok	0.54902	0.333333	0.177419	0.0806452	15.7344	5.01691	14.2946	14.9197	13.7029	6.75338	0	0.142268	779.976	1.09998	1.78397	
box021_20231011_037_p2	box021	OmniRetarget	ok	0.00980392	0	0.00806452	0.00806452												
box021_20231011_038_p1	box021	SPIDER-CEM	ok	0.860465	0.802326	0.0526316	0.00877193	12.5288	10.8491	12.8172	13.1018	9.70687	4.11354	0	0.101214	621.82	1.07492	0.568047	
box021_20231011_038_p1	box021	OmniRetarget	ok	1	0.127907	0.666667	0.508772												
box021_20231020_020_p1	box021	SPIDER-CEM	ok	0.632353	0.397059	0.186047	0.139535	17.1078	18.838	16.3343	24.8276	12.8674	4.16391	0	0.166554	723.634	1.26514	0.419184	
box021_20231020_020_p1	box021	OmniRetarget	ok	1	0.0735294	0.744186	0.127907												
box021_20231020_022_p1	box021	SPIDER-CEM	ok	0.630769	0.461538	0.134615	0.105769	18.4651	14.3823	17.3407	22.1498	11.7742	5.29035	0	0.169657	756.16	1.48069	0.226388	
box021_20231020_022_p1	box021	OmniRetarget	ok	0.953846	0.0923077	0.548077	0.0865385												
box021_20231020_023_p1	box021	SPIDER-CEM	ok	0.826923	0.519231	0.149533	0.0654206	12.6846	8.45118	13.0895	15.273	13.1002	3.95471	0	0.135219	656.526	1.5677	0.610241	
box021_20231020_023_p1	box021	OmniRetarget	ok	1	0.173077	0.411215	0.140187												
box021_20231011_035_p1	box021	SPIDER-CEM	ok	0.79	0.56	0.186047	0.0387597	10.9285	13.0112	13.3779	17.3917	10.6239	4.83522	0	0.172592	536.359	1.16429	0.614049	
box021_20231011_035_p1	box021	OmniRetarget	ok	1	0.0898876	0.736434	0.0852713												mask_resampled_to_rollout
box021_20231011_036_p2	box021	SPIDER-CEM	ok	0.941176	0.596639	0.284722	0.0902778	15.191	14.3598	14.3641	20.325	13.4853	9.23069	0	0.0903567	727.2	1.22322	1.39091	
box021_20231011_036_p2	box021	OmniRetarget	ok	1	0.420168	0.486111	0.236111												
box021_20231018_029_p2	box021	SPIDER-CEM	ok	0.763636	0.454545	0.226667	0.0533333	16.1932	15.2478	15.9438	21.2122	13.5378	3.6383	0	0.128421	895.451	1.37359	0.936999	
box021_20231018_029_p2	box021	OmniRetarget	ok	1	0.454545	0.4	0.186667												
box004_20231003_2_083_p1	box004	SPIDER-CEM	ok	0.746032	0.507937	0.147059	0.0392157	12.9088	15.4095	12.8221	22.492	10.4628	6.31325	0	0.108856	752.384	1.12907	0.96082	
box004_20231003_2_083_p1	box004	OmniRetarget	ok	1	0.0793651	0.578431	0.470588												
box004_20231003_2_083_p2	box004	SPIDER-CEM	ok	0.666667	0.555556	0.0857143	0.0666667	18.7557	16.1198	12.9251	25.5839	8.47097	5.37612	0	0.138619	773.034	1.15722	0.711423	
box004_20231003_2_083_p2	box004	OmniRetarget	ok	0.972222	0.0138889	0.666667	0.666667												
box004_20231003_2_082_p1	box004	SPIDER-CEM	ok	0.639344	0.393443	0.137615	0.0550459	15.8999	8.82798	17.4536	16.8135	13.2149	20.3651	0	0.162459	890.167	1.80388	1.63204	
box004_20231003_2_082_p1	box004	OmniRetarget	ok	0.901639	0.0983607	0.46789	0.486239												
box024_20231011_026_p1	box024	SPIDER-CEM	ok	0.902174	0.217391	0.529412	0.0840336	17.2574	6.59511	17.5112	21.3198	13.6586	3.2259	0	0.0627498	680.454	1.26104	1.01611	
box024_20231011_026_p1	box024	OmniRetarget	ok	1	0	0.806723	0.571429												
box024_20231011_026_p2	box024	SPIDER-CEM	ok	0.876404	0.595506	0.217391	0	12.3185	7.85354	11.8449	16.2936	9.64466	1.97363	0	0.0672868	672.916	1.29501	0.742108	
box024_20231011_026_p2	box024	OmniRetarget	ok	1	0	0.791304	0.356522												
box024_20231011_027_p2	box024	SPIDER-CEM	ok	0.865854	0.743902	0.0806452	0.0403226	8.24981	7.02633	8.67122	14.0588	7.85954	4.29693	0	0.0544567	407.678	1.08079	1.04696	
box024_20231011_027_p2	box024	OmniRetarget	ok	1	0	0.693548	0.508065												
box024_20231011_028_p2	box024	SPIDER-CEM	ok	0.817204	0.483871	0.22963	0.0222222	17.2013	7.01233	15.6123	16.9145	12.1382	6.84451	0	0.0532144	694.106	1.95428	1.37085	
box024_20231011_028_p2	box024	OmniRetarget	ok	1	0	0.711111	0.666667												
box023_20231008_046_p1	box023	SPIDER-CEM	ok	0.714286	0.673469	0.0253165	0.0379747	10.0022	9.93259	11.7747	16.1171	9.42554	4.19702	0	0.135329	662.272	0.922472	0.568588	
box023_20231008_046_p1	box023	OmniRetarget	ok	0.428571	0.285714	0.0886076	0.0886076												
box023_20231011_021_p1	box023	SPIDER-CEM	ok	0.752688	0.537634	0.153846	0.0692308	12.3107	11.9097	13.5615	18.2354	11.8786	3.49444	0	0.139704	554.745	1.83933	0.930049	
box023_20231011_021_p1	box023	OmniRetarget	ok	0.655914	0.16129	0.353846	0.130769												
box023_20231011_021_p2	box023	SPIDER-CEM	ok	0.831461	0.629213	0.147287	0.124031	15.9899	10.7246	15.7698	19.6466	14.0193	4.08729	0	0.159514	777.175	1.73322	1.74569	
box023_20231011_021_p2	box023	OmniRetarget	ok	0.865169	0.179775	0.472868	0.317829												
box023_20231020_040_p2	box023	SPIDER-CEM	ok	0.709677	0.612903	0.0545455	0.0545455	10.0067	18.2178	9.5887	24.6931	8.93125	5.91608	0	0.116178	808.018	1.41733	0.738424	
box023_20231020_040_p2	box023	OmniRetarget	ok	0.919355	0.532258	0.227273	0.272727												
box023_20231020_041_p1	box023	SPIDER-CEM	ok	0.671642	0.522388	0.107143	0.0625	16.3564	14.1603	14.2145	21.765	9.84414	5.78813	0	0.124288	734.126	1.31224	0.710662	
box023_20231020_041_p1	box023	OmniRetarget	ok	1	0.358209	0.383929	0.419643												
box023_20231008_045_p1	box023	SPIDER-CEM	ok	0.761905	0.634921	0.0597015	0.00746269	13.3458	8.70482	13.9389	14.2406	8.89408	3.82231	0	0.156239	661.109	1.5007	0.429708	
box023_20231008_045_p1	box023	OmniRetarget	ok	1	0.31746	0.335821	0.410448												
box023_20231020_042_p2	box023	SPIDER-CEM	ok	0.854839	0.467742	0.224299	0.17757	16.8053	8.71112	15.7686	17.1455	13.0291	6.57713	0	0.104258	981.834	1.89783	0.402759	
box023_20231020_042_p2	box023	OmniRetarget	ok	0.983871	0.129032	0.495327	0.261682												
bucket003_20231018_001_p1	bucket003	SPIDER-CEM	ok	0.836364	0.654545	0.100962	0.0384615	14.6566	7.8421	13.0716	14.8332	7.25902	4.33463	0	0.0566511	604.472	1.36737	0.573027	
bucket003_20231018_001_p1	bucket003	OmniRetarget	ok	0.136364	0.00909091	0.259615	0.25												
bucket003_20231018_005_p2	bucket003	SPIDER-CEM	ok	0.908257	0.715596	0.159722	0.0555556	15.0952	9.00754	12.3112	18.2807	8.83584	5.58379	0	0.0510679	758.295	1.3638	0.760583	
bucket003_20231018_005_p2	bucket003	OmniRetarget	ok	0.678899	0.0183486	0.506944	0.0208333												
bucket003_20231020_068_p1	bucket003	SPIDER-CEM	ok	0.880952	0.321429	0.489583	0.0208333	11.9826	4.20198	14.4923	18.3563	12.2195	4.45825	0	0.0509433	634.532	1.35914	0.612269	
bucket003_20231020_068_p1	bucket003	OmniRetarget	ok	0.988095	0	0.864583	0.864583												
bucket007_20231003_2_021_p1	bucket007	SPIDER-CEM	ok	0.7	0.522222	0.114286	0.05	17.357	6.7279	15.4246	14.3055	6.62516	3.73546	0	0.0691369	901.209	1.04903	0.464486	
bucket007_20231003_2_021_p1	bucket007	OmniRetarget	ok	0.733333	0.211111	0.335714	0.378571												
bucket007_20231023_073_p1	bucket007	SPIDER-CEM	ok	0.925532	0.5	0.303704	0.133333	12.3179	7.78494	11.7662	20.9349	8.45008	4.07707	0	0.0806106	821.537	1.2413	0.479877	
bucket007_20231023_073_p1	bucket007	OmniRetarget	ok	1	0	0.711111	0.711111												
bucket007_20231023_075_p1	bucket007	SPIDER-CEM	ok	0.867925	0.490566	0.219048	0.0190476	12.8742	5.56712	12.552	19.1901	6.10344	4.89539	0	0.0689612	533.573	1.10497	0.458124	
bucket007_20231023_075_p1	bucket007	OmniRetarget	ok	1	0	0.533333	0.533333												
bucket007_20231023_075_p2	bucket007	SPIDER-CEM	ok	0.781818	0.454545	0.169811	0.0188679	13.6511	10.8834	11.9864	16.8487	6.91572	5.16443	0	0.0700799	509.671	1.28814	1.00921	
bucket007_20231023_075_p2	bucket007	OmniRetarget	ok	0.981818	0.0363636	0.509434	0.433962												
chair006_20231003_1_003_p1	chair006	SPIDER-CEM	ok	0.890411	0.767123	0.206667	0.113333	7.02947	3.12976	7.10684	11.266	6.99886	2.48589	0	0.0533972	337.669	0.852712	0.474014	
chair006_20231003_1_003_p1	chair006	OmniRetarget	ok	0.493151	0.109589	0.233333	0.0666667												
chair006_20231003_1_005_p1	chair006	SPIDER-CEM	ok	0.915493	0.478873	0.274194	0.016129	15.2496	7.37764	13.2523	12.1383	10.3137	4.69601	0	0.0542335	550.212	1.25369	0.532041	
chair006_20231003_1_005_p1	chair006	OmniRetarget	ok	0.71831	0.0422535	0.387097	0.137097												
chair006_20231003_2_011_p2	chair006	SPIDER-CEM	ok	0.975207	0.677686	0.212644	0.0172414	10.0994	3.3579	10.5487	10.6226	10.3373	3.94858	0	0.0525903	596.967	1.36853	1.63638	
chair006_20231003_2_011_p2	chair006	OmniRetarget	ok	1	0	0.712644	0.706897												
chair006_20231011_076_p2	chair006	SPIDER-CEM	ok	0.920635	0.920635	0	0.0322581	5.2399	5.4701	5.93641	10.3348	8.41768	2.19855	0	0.0381925	443.428	0.84708	1.03093	
chair006_20231011_076_p2	chair006	OmniRetarget	ok	1	0	0.556452	0.556452												
desk007_20231030_028_p2	desk007	SPIDER-CEM	ok	0.875	0.802083	0.0762712	0.0338983	10.208	4.61539	8.87981	12.3661	5.56046	3.69711	0	0.0387287	639.449	0.880943	0.565721	
desk007_20231030_028_p2	desk007	OmniRetarget	ok	1	0.0416667	0.838983	0.822034												
desk007_20231030_030_p2	desk007	SPIDER-CEM	ok	0.839416	0.649635	0.18617	0.0691489	8.03552	6.18323	7.88628	14.6896	6.34459	3.61378	0	0.054929	392.669	1.07776	0.53483	
desk007_20231030_030_p2	desk007	OmniRetarget	ok	1	0	0.87766	0.861702												
desk007_20231030_032_p2	desk007	SPIDER-CEM	ok	0.87013	0.753247	0.2	0.0833333	13.2496	6.70566	11.7417	14.4016	6.89303	3.10674	0	0.0490146	548.752	1.21692	0.458291	
desk007_20231030_032_p2	desk007	OmniRetarget	ok	1	0	0.808333	0.758333												
desk021_20231008_005_p1	desk021	SPIDER-CEM	ok	0.876289	0.618557	0.214286	0	22.3267	12.9861	17.737	26.1149	12.3366	9.32618	0	0.107677	893.634	1.17011	0.505657	
desk021_20231008_005_p1	desk021	OmniRetarget	ok	0.247423	0.154639	0.0873016	0.0238095												
desk021_20231008_005_p2	desk021	SPIDER-CEM	ok	0.770833	0.760417	0.00787402	0.0708661	10.6919	9.72207	11.4203	16.351	10.0413	6.6507	0	0.08334	723.121	1.04077	1.70424	
desk021_20231008_005_p2	desk021	OmniRetarget	ok	0.40625	0.375	0.0314961	0.0472441												
desk021_20231008_007_p1	desk021	SPIDER-CEM	ok	0.863014	0.479452	0.293103	0.0258621	15.2463	7.6816	16.6653	15.2299	11.2511	5.12604	0	0.0923379	461.832	1.47495	0.666548	
desk021_20231008_007_p1	desk021	OmniRetarget	ok	0.890411	0.0547945	0.525862	0.189655												
desk021_20231011_010_p2	desk021	SPIDER-CEM	ok	0.917526	0.618557	0.221374	0.00763359	13.1367	7.82111	11.6281	13.9151	11.2279	3.69004	0	0.0595379	740.017	1.42701	0.669232	
desk021_20231011_010_p2	desk021	OmniRetarget	ok	1	0.0103093	0.740458	0.458015												
desk023_20231008_066_p1	desk023	SPIDER-CEM	ok	0.920354	0.734513	0.161972	0.0422535	16.6944	8.15665	14.9168	18.9261	9.71199	7.29086	0	0.0838266	619.603	1.34891	0.364366	
desk023_20231008_066_p1	desk023	OmniRetarget	ok	0.362832	0.079646	0.239437	0.204225												
desk023_20231011_005_p1	desk023	SPIDER-CEM	ok	0.882353	0.676471	0.14433	0.0618557	16.2832	5.93319	13.6742	20.8647	10.0206	3.34163	0	0.0939546	625.205	1.44258	0.489028	
desk023_20231011_005_p1	desk023	OmniRetarget	ok	1	0.0441176	0.680412	0.298969												
desk023_20231030_019_p1	desk023	SPIDER-CEM	ok	0.958904	0.643836	0.20438	0.0291971	13.859	9.31437	12.7307	15.3134	8.92042	3.4659	0	0.0807826	586.673	1.15175	1.08623	
desk023_20231030_019_p1	desk023	OmniRetarget	ok	0.753425	0.178082	0.343066	0.350365												
