case_id	object_key	object_name	date	seq	person	person_idx	raw_inventory_status	raw_contact_3cm_status	raw_contact_5cm_status	template_status	retarget_variant_id	stage2b_status	target_variant_id	target_gate_status	visual_qc_status	cem_status	rl_status	downstream_decision	downstream_failure_mode	downstream_evidence_root	cem_run_id	cem_result_npz	cem_video	cem_metrics_ref	rl_run_id	rl_checkpoint	rl_metrics_ref	rl_video	current_decision	route_diagnostic_status	route_diagnostic_ref	fingertip_vote_status	palm_vote_status	quat_audit_status	face_changed_l	face_changed_r	disable_world_up	target_active_mask_status	target_npz	target_npz_sha256	target_gap_status	active_L_frac	active_R_frac	e101_route_evidence_status	diagnostic_contracts	evidence_root	source_type	source_ref	schema_version	updated_at	notes
e091_box004_20231003_2_082_p1	box004	Box004	20231003	2	person082	082	present	pass	pass	clean	omnirt_v1	pass	ref_fk	pass	pass	pass	not_run	DOWNSTREAM_CEM_PASS		workspace/core4d/results/E096b/cem/full	E096bP2_box004_082_p1_mask_cem	workspace/core4d/results/E096b/cem/full/E096bP2_box004_082_p1_mask_cem.npz	workspace/core4d/results/E096b/cem/full/E096bP2_box004_082_p1_mask_cem_full.mp4	workspace/core4d/results/E096b/cem/full/full_eval_summary.csv					VISUAL_QC_PASS																E098_global	workspace/core4d/results/E096b/cem/full	historical_seed	workspace/core4d/results/E096b/cem/full/full_eval_summary.csv	core4d_data_construction_v3.0	2026-06-02T02:28:49+08:00	E096b_box004_ref_fk; variant=E096bP2_box004_082_p1_mask_cem; route=cem_ref_fk; work_status=WORK; strict=; contact=0.5412844036697247; leg_interference=
e091_box004_20231003_2_083_p1	box004	Box004	20231003	2	person083	083	present	pass	pass	clean	omnirt_v1	pass	ref_fk	pass	pass	pass	not_run	DOWNSTREAM_CEM_PASS		workspace/core4d/results/E096b/cem/full	E096bP1_box004_083_p1_mask_cem	workspace/core4d/results/E096b/cem/full/E096bP1_box004_083_p1_mask_cem.npz	workspace/core4d/results/E096b/cem/full/E096bP1_box004_083_p1_mask_cem_full.mp4	workspace/core4d/results/E096b/cem/full/full_eval_summary.csv					VISUAL_QC_PASS																E098_global	workspace/core4d/results/E096b/cem/full	historical_seed	workspace/core4d/results/E096b/cem/full/full_eval_summary.csv	core4d_data_construction_v3.0	2026-06-02T02:28:49+08:00	E096b_box004_ref_fk; variant=E096bP1_box004_083_p1_mask_cem; route=cem_ref_fk; work_status=WORK; strict=; contact=0.5588235294117647; leg_interference=
e091_box004_20231003_2_083_p2	box004	Box004	20231003	2	person083	083	present	pass	pass	clean	omnirt_v1	pass	adaptive	pass	pass	pass	not_run	DOWNSTREAM_CEM_PASS		workspace/core4d/results/E094/cem/full	E094P1_box004_083_p2_hbproj	workspace/core4d/results/E094/cem/full/E094P1_box004_083_p2_hbproj.npz	workspace/core4d/results/E094/cem/full/E094P1_box004_083_p2_hbproj_full.mp4	workspace/core4d/results/E094/cem/full/full_eval_summary.csv					VISUAL_QC_PASS										workspace/core4d/results/E094/handbox_target_projection/targets/box004_083_p2_e091_box004_20231003_2_083_p2_adaptive_support_targets.npz	a54fdc9bafeca4ad66eee55c8b70cb490c761eb3471c89faee9bba140874d661					E098_global	workspace/core4d/results/E094/cem/full	historical_seed	workspace/core4d/results/E094/cem/full/full_eval_summary.csv	core4d_data_construction_v3.0	2026-06-02T02:28:49+08:00	E094_box004_adaptive; variant=E094P1_box004_083_p2_hbproj; route=cem_hbproj; work_status=WORK; strict=; contact=0.6095238095238096; leg_interference=
e091_box004_20231003_2_083_p2	box004	Box004	20231003	2	person083	083	present	pass	pass	clean	omnirt_v1	pass	ref_fk	pass	pass	pass	not_run	DOWNSTREAM_CEM_PASS		workspace/core4d/results/E092/spider_dyn/full	E092D1_box004_083_p2_dyn	workspace/core4d/results/E092/spider_dyn/full/E092D1_box004_083_p2_dyn.npz	workspace/core4d/results/E092/spider_dyn/full/E092D1_box004_083_p2_dyn_full.mp4	workspace/core4d/results/E092/spider_dyn/full/full_eval_summary.csv					VISUAL_QC_PASS																E098_global	workspace/core4d/results/E092/spider_dyn/full	historical_seed	workspace/core4d/results/E092/spider_dyn/full/full_eval_summary.csv	core4d_data_construction_v3.0	2026-06-02T02:28:49+08:00	E092_box004_ref_fk; variant=E092D1_box004_083_p2_dyn; route=spider_dyn; work_status=WORK; strict=; contact=0.6476190476190476; leg_interference=
d003_box021_20231011_034_p1	box021	Box021	20231011	034	person1	1	present	pass	pass	clean	omnirt_v1	pass	ref_fk	pass	pass	fail	not_run	DOWNSTREAM_MOTION_BINDING_FAIL	leg_object_interference	workspace/core4d/results/E107/cem/full	E107C01_box021_20231011_034_p1_ref_fk_clean	workspace/core4d/results/E107/cem/full/E107C01_box021_20231011_034_p1_ref_fk_clean.npz	workspace/core4d/results/E107/cem/full/E107C01_box021_20231011_034_p1_ref_fk_clean_full.mp4	workspace/core4d/results/E107/cem/full/full_eval_summary.csv					VISUAL_QC_PASS																E098_global	workspace/core4d/results/E107/cem/full	historical_seed	workspace/core4d/results/E107/cem/full/full_eval_summary.csv	core4d_data_construction_v3.0	2026-06-02T02:28:49+08:00	E107_box021_selected4; variant=E107C01_box021_20231011_034_p1_ref_fk_clean; route=ref_fk_clean; work_status=FAIL; strict=FAIL; contact=0.8321678321678322; leg_interference=0.1888111888111888
d003_box021_20231011_034_p2	box021	Box021	20231011	034	person2	2	present	pass	pass	clean	omnirt_v1	omniretarget_infeasible	ref_fk	not_run	not_run	not_run	not_run												REJECT_OMNIRETARGET																E098_global	workspace/core4d/results/E107	historical_seed	workspace/core4d/results/E107/box021_clean_gate_summary.tsv	core4d_data_construction_v3.0	2026-06-02T02:28:49+08:00	E107 clean reconstruction gate; failure_mode=preprocess_infeasible; reason=CVXPY solve failed: infeasible
d003_box021_20231011_035_p1	box021	Box021	20231011	035	person1	1	present	pass	pass	clean	omnirt_v1	pass	ref_fk	pass	pass	pass	not_run	DOWNSTREAM_CEM_PASS		workspace/core4d/results/E107/cem/full	E107C02_box021_20231011_035_p1_ref_fk_clean	workspace/core4d/results/E107/cem/full/E107C02_box021_20231011_035_p1_ref_fk_clean.npz	workspace/core4d/results/E107/cem/full/E107C02_box021_20231011_035_p1_ref_fk_clean_full.mp4	workspace/core4d/results/E107/cem/full/full_eval_summary.csv					VISUAL_QC_PASS																E098_global	workspace/core4d/results/E107/cem/full	historical_seed	workspace/core4d/results/E107/cem/full/full_eval_summary.csv	core4d_data_construction_v3.0	2026-06-02T02:28:49+08:00	E107_box021_selected4; variant=E107C02_box021_20231011_035_p1_ref_fk_clean; route=ref_fk_clean; work_status=WORK; strict=WORK; contact=0.7751937984496124; leg_interference=0.031007751937984496
d003_box021_20231011_035_p2	box021	Box021	20231011	035	person2	2	present	pass	pass	clean	omnirt_v1	pass	ref_fk	pass	pass	fail	not_run	DOWNSTREAM_MOTION_BINDING_FAIL	leg_object_interference	workspace/core4d/results/E107/cem/full	E107C03_box021_20231011_035_p2_ref_fk_clean	workspace/core4d/results/E107/cem/full/E107C03_box021_20231011_035_p2_ref_fk_clean.npz	workspace/core4d/results/E107/cem/full/E107C03_box021_20231011_035_p2_ref_fk_clean_full.mp4	workspace/core4d/results/E107/cem/full/full_eval_summary.csv					VISUAL_QC_PASS																E098_global	workspace/core4d/results/E107/cem/full	historical_seed	workspace/core4d/results/E107/cem/full/full_eval_summary.csv	core4d_data_construction_v3.0	2026-06-02T02:28:49+08:00	E107_box021_selected4; variant=E107C03_box021_20231011_035_p2_ref_fk_clean; route=ref_fk_clean; work_status=WORK; strict=FAIL; contact=0.7593984962406015; leg_interference=0.08270676691729323
d003_box021_20231018_028_p1	box021	Box021	20231018	028	person1	1	present	pass	pass	clean	omnirt_v1	omniretarget_infeasible	ref_fk	not_run	not_run	not_run	not_run												REJECT_OMNIRETARGET																E098_global	workspace/core4d/results/E107	historical_seed	workspace/core4d/results/E107/box021_clean_gate_summary.tsv	core4d_data_construction_v3.0	2026-06-02T02:28:49+08:00	E107 clean reconstruction gate; failure_mode=preprocess_infeasible; reason=CVXPY solve failed: infeasible
d003_box021_20231018_028_p2	box021	Box021	20231018	028	person2	2	present	pass	pass	clean	omnirt_v1	pass	ref_fk	pass	review	not_run	not_run												TARGET_GATE_PASS																E098_global	workspace/core4d/results/E107	historical_seed	workspace/core4d/results/E107/box021_clean_gate_summary.tsv	core4d_data_construction_v3.0	2026-06-02T02:28:49+08:00	E107 clean reconstruction gate; failure_mode=cem_ready; reason=D003 pass; clean reconstruction pass; raw-contact pass at 3cm or 5cm
d003_box021_20231018_029_p1	box021	Box021	20231018	029	person1	1	present	pass	pass	clean	omnirt_v1	pass	ref_fk	pass	review	not_run	not_run												TARGET_GATE_PASS																E098_global	workspace/core4d/results/E107	historical_seed	workspace/core4d/results/E107/box021_clean_gate_summary.tsv	core4d_data_construction_v3.0	2026-06-02T02:28:49+08:00	E107 clean reconstruction gate; failure_mode=cem_ready; reason=D003 pass; clean reconstruction pass; raw-contact pass at 3cm or 5cm
d003_box021_20231018_029_p2	box021	Box021	20231018	029	person2	2	present	pass	pass	clean	omnirt_v1	pass	ref_fk	pass	pass	fail	not_run	DOWNSTREAM_MOTION_BINDING_FAIL	leg_object_interference	workspace/core4d/results/E107/cem/full	E107C04_box021_20231018_029_p2_ref_fk_clean	workspace/core4d/results/E107/cem/full/E107C04_box021_20231018_029_p2_ref_fk_clean.npz	workspace/core4d/results/E107/cem/full/E107C04_box021_20231018_029_p2_ref_fk_clean_full.mp4	workspace/core4d/results/E107/cem/full/full_eval_summary.csv					VISUAL_QC_PASS																E098_global	workspace/core4d/results/E107/cem/full	historical_seed	workspace/core4d/results/E107/cem/full/full_eval_summary.csv	core4d_data_construction_v3.0	2026-06-02T02:28:49+08:00	E107_box021_selected4; variant=E107C04_box021_20231018_029_p2_ref_fk_clean; route=ref_fk_clean; work_status=WORK; strict=FAIL; contact=0.6933333333333334; leg_interference=0.06666666666666667
d003_box021_20231018_030_p1	box021	Box021	20231018	030	person1	1	present	pass	pass	clean	omnirt_v1	pass	ref_fk	pass	review	not_run	not_run												TARGET_GATE_PASS																E098_global	workspace/core4d/results/E107	historical_seed	workspace/core4d/results/E107/box021_clean_gate_summary.tsv	core4d_data_construction_v3.0	2026-06-02T02:28:49+08:00	E107 clean reconstruction gate; failure_mode=cem_ready; reason=D003 pass; clean reconstruction pass; raw-contact pass at 3cm or 5cm
d003_box021_20231018_030_p2	box021	Box021	20231018	030	person2	2	present	pass	pass	clean	omnirt_v1	pass	ref_fk	pass	review	not_run	not_run												TARGET_GATE_PASS																E098_global	workspace/core4d/results/E107	historical_seed	workspace/core4d/results/E107/box021_clean_gate_summary.tsv	core4d_data_construction_v3.0	2026-06-02T02:28:49+08:00	E107 clean reconstruction gate; failure_mode=cem_ready; reason=D003 pass; clean reconstruction pass; raw-contact pass at 3cm or 5cm
d003_box021_20231018_031_p2	box021	Box021	20231018	031	person2	2	present	pass	pass	clean	omnirt_v1	pass	ref_fk	pass	review	not_run	not_run												TARGET_GATE_PASS																E098_global	workspace/core4d/results/E107	historical_seed	workspace/core4d/results/E107/box021_clean_gate_summary.tsv	core4d_data_construction_v3.0	2026-06-02T02:28:49+08:00	E107 clean reconstruction gate; failure_mode=cem_ready; reason=D003 pass; clean reconstruction pass; raw-contact pass at 3cm or 5cm
d003_box021_20231020_019_p1	box021	Box021	20231020	019	person1	1	present	pass	pass	clean	omnirt_v1	pass	ref_fk	pass	review	not_run	not_run												TARGET_GATE_PASS																E098_global	workspace/core4d/results/E107	historical_seed	workspace/core4d/results/E107/box021_clean_gate_summary.tsv	core4d_data_construction_v3.0	2026-06-02T02:28:49+08:00	E107 clean reconstruction gate; failure_mode=cem_ready; reason=D003 pass; clean reconstruction pass; raw-contact pass at 3cm or 5cm
d003_box021_20231020_019_p2	box021	Box021	20231020	019	person2	2	present	pass	pass	clean	omnirt_v1	pass	ref_fk	pass	review	not_run	not_run												TARGET_GATE_PASS																E098_global	workspace/core4d/results/E107	historical_seed	workspace/core4d/results/E107/box021_clean_gate_summary.tsv	core4d_data_construction_v3.0	2026-06-02T02:28:49+08:00	E107 clean reconstruction gate; failure_mode=cem_ready; reason=D003 pass; clean reconstruction pass; raw-contact pass at 3cm or 5cm
d003_box021_20231020_020_p1	box021	Box021	20231020	020	person1	1	present	pass	pass	clean	omnirt_v1	pass	ref_fk	pass	review	not_run	not_run												TARGET_GATE_PASS																E098_global	workspace/core4d/results/E107	historical_seed	workspace/core4d/results/E107/box021_clean_gate_summary.tsv	core4d_data_construction_v3.0	2026-06-02T02:28:49+08:00	E107 clean reconstruction gate; failure_mode=cem_ready; reason=D003 pass; clean reconstruction pass; raw-contact pass at 3cm or 5cm
d003_box021_20231020_020_p2	box021	Box021	20231020	020	person2	2	present	pass	pass	clean	omnirt_v1	pass	ref_fk	pass	review	not_run	not_run												TARGET_GATE_PASS																E098_global	workspace/core4d/results/E107	historical_seed	workspace/core4d/results/E107/box021_clean_gate_summary.tsv	core4d_data_construction_v3.0	2026-06-02T02:28:49+08:00	E107 clean reconstruction gate; failure_mode=cem_ready; reason=D003 pass; clean reconstruction pass; raw-contact pass at 3cm or 5cm
box023_person1	box023	Box023			personerson1	erson1	present	pass	pass	clean	omnirt_legacy	pass	ref_fk	pass	pass	fail	not_run	DOWNSTREAM_CEM_FAIL	legacy_numeric_fail	workspace/core4d/results/E079	E079_box023_p1	workspace/core4d/results/E079/E079_box023_p1.npz	workspace/core4d/results/E079/E079_box023_p1.mp4	workspace/core4d/results/E079/eval_summary_E079_box023_p1.csv					VISUAL_QC_PASS																E098_global	workspace/core4d/results/E079	historical_seed	workspace/core4d/results/E079/eval_summary_E079_box023_p1.csv	core4d_data_construction_v3.0	2026-06-02T02:28:49+08:00	E079_box023_person1; legacy CEM cache; case=box023_person1; source_task=; variant=E079_box023_p1; E079_numeric=False; E080_numeric=; E081_numeric=; E081_legobj_strict=; sim_leg_interference_pct=; not post-E103 clean rerun
box023_person2	box023	Box023			personerson2	erson2	present	pass	pass	clean	omnirt_legacy	pass	ref_fk	pass	pass	pass	not_run	DOWNSTREAM_CEM_PASS		workspace/core4d/results/E081	E081_box023_p2_legobj	workspace/core4d/results/E081/E081_box023_p2_legobj.npz	workspace/core4d/results/E081/E081_box023_p2_legobj.mp4	workspace/core4d/results/E081/eval_summary_E081_box023_p2_legobj.csv					VISUAL_QC_PASS																E098_global	workspace/core4d/results/E081	historical_seed	workspace/core4d/results/E081/eval_summary_E081_box023_p2_legobj.csv	core4d_data_construction_v3.0	2026-06-02T02:28:49+08:00	E081_box023_person2_legobj; legacy CEM cache; case=box023_person2_legobj; source_task=box023_person2; variant=E081_box023_p2_legobj; E079_numeric=; E080_numeric=; E081_numeric=True; E081_legobj_strict=True; sim_leg_interference_pct=2.666666666666667; not post-E103 clean rerun
box025_person1	box025	Box025			personerson1	erson1	present	pass	pass	clean	omnirt_legacy	pass	ref_fk	pass	pass	fail	not_run	DOWNSTREAM_CEM_FAIL	legacy_numeric_fail	workspace/core4d/results/E080	E080_box025_p1	workspace/core4d/results/E080/E080_box025_p1.npz	workspace/core4d/results/E080/E080_box025_p1.mp4	workspace/core4d/results/E080/eval_summary_E080_box025_p1.csv					VISUAL_QC_PASS																E098_global	workspace/core4d/results/E080	historical_seed	workspace/core4d/results/E080/eval_summary_E080_box025_p1.csv	core4d_data_construction_v3.0	2026-06-02T02:28:49+08:00	E080_box025_person1; legacy CEM cache; case=box025_person1; source_task=; variant=E080_box025_p1; E079_numeric=; E080_numeric=False; E081_numeric=; E081_legobj_strict=; sim_leg_interference_pct=; not post-E103 clean rerun
box025_person2	box025	Box025			personerson2	erson2	present	pass	pass	clean	omnirt_legacy	pass	ref_fk	pass	pass	fail	not_run	DOWNSTREAM_MOTION_BINDING_FAIL	leg_object_interference	workspace/core4d/results/E081	E081_box025_p2_legobj	workspace/core4d/results/E081/E081_box025_p2_legobj.npz	workspace/core4d/results/E081/E081_box025_p2_legobj.mp4	workspace/core4d/results/E081/eval_summary_E081_box025_p2_legobj.csv					VISUAL_QC_PASS																E098_global	workspace/core4d/results/E081	historical_seed	workspace/core4d/results/E081/eval_summary_E081_box025_p2_legobj.csv	core4d_data_construction_v3.0	2026-06-02T02:28:49+08:00	E081_box025_person2_legobj; legacy CEM cache; case=box025_person2_legobj; source_task=box025_person2; variant=E081_box025_p2_legobj; E079_numeric=; E080_numeric=; E081_numeric=False; E081_legobj_strict=False; sim_leg_interference_pct=7.514450867052023; not post-E103 clean rerun
e091_box026_20231018_038_p1	box026	Box026	20231018	038	person1	1	present	pass	pass	clean	omnirt_v1	pass	ref_fk	pass	pass	fail	not_run	DOWNSTREAM_MOTION_BINDING_FAIL	leg_object_interference	workspace/core4d/results/E106/cem/full	E106B28_box026_20231018_038_p1_ref_fk_clean	workspace/core4d/results/E106/cem/full/E106B28_box026_20231018_038_p1_ref_fk_clean.npz	workspace/core4d/results/E106/cem/full/E106B28_box026_20231018_038_p1_ref_fk_clean_full.mp4	workspace/core4d/results/E106/cem/full/full_eval_summary.csv					VISUAL_QC_PASS																E098_global	workspace/core4d/results/E106/cem/full	historical_seed	workspace/core4d/results/E106/cem/full/full_eval_summary.csv	core4d_data_construction_v3.0	2026-06-02T02:28:49+08:00	E106_box026_clean_batch; variant=E106B28_box026_20231018_038_p1_ref_fk_clean; route=ref_fk_clean; work_status=FAIL; strict=FAIL; contact=0.3173076923076923; leg_interference=0.11538461538461539
e091_box026_20231018_038_p2	box026	Box026	20231018	038	person2	2	present	pass	pass	clean	omnirt_v1	pass	ref_fk	pass	pass	fail	not_run	DOWNSTREAM_MOTION_BINDING_FAIL	leg_object_interference	workspace/core4d/results/E106/cem/full	E106B18_box026_20231018_038_p2_ref_fk_clean	workspace/core4d/results/E106/cem/full/E106B18_box026_20231018_038_p2_ref_fk_clean.npz	workspace/core4d/results/E106/cem/full/E106B18_box026_20231018_038_p2_ref_fk_clean_full.mp4	workspace/core4d/results/E106/cem/full/full_eval_summary.csv					VISUAL_QC_PASS																E098_global	workspace/core4d/results/E106/cem/full	historical_seed	workspace/core4d/results/E106/cem/full/full_eval_summary.csv	core4d_data_construction_v3.0	2026-06-02T02:28:49+08:00	E106_box026_clean_batch; variant=E106B18_box026_20231018_038_p2_ref_fk_clean; route=ref_fk_clean; work_status=FAIL; strict=FAIL; contact=0.6548672566371682; leg_interference=0.07079646017699115
e091_box026_20231018_039_p1	box026	Box026	20231018	039	person1	1	present	pass	pass	clean	omnirt_v1	pass	ref_fk	pass	pass	fail	not_run	DOWNSTREAM_MOTION_BINDING_FAIL	leg_object_interference	workspace/core4d/results/E106/cem/full	E106B25_box026_20231018_039_p1_ref_fk_clean	workspace/core4d/results/E106/cem/full/E106B25_box026_20231018_039_p1_ref_fk_clean.npz	workspace/core4d/results/E106/cem/full/E106B25_box026_20231018_039_p1_ref_fk_clean_full.mp4	workspace/core4d/results/E106/cem/full/full_eval_summary.csv					VISUAL_QC_PASS																E098_global	workspace/core4d/results/E106/cem/full	historical_seed	workspace/core4d/results/E106/cem/full/full_eval_summary.csv	core4d_data_construction_v3.0	2026-06-02T02:28:49+08:00	E106_box026_clean_batch; variant=E106B25_box026_20231018_039_p1_ref_fk_clean; route=ref_fk_clean; work_status=WORK; strict=FAIL; contact=0.7542372881355932; leg_interference=0.11016949152542373
e091_box026_20231018_039_p2	box026	Box026	20231018	039	person2	2	present	pass	pass	clean	omnirt_v1	pass	adaptive	pass	pass	fail	not_run	DOWNSTREAM_MOTION_BINDING_FAIL	leg_object_interference	workspace/core4d/results/E105/cem/full	E105A1_box026_039_p2_adaptive_clean	workspace/core4d/results/E105/cem/full/E105A1_box026_039_p2_adaptive_clean.npz	workspace/core4d/results/E105/cem/full/E105A1_box026_039_p2_adaptive_clean_full.mp4	workspace/core4d/results/E105/cem/full/full_eval_summary.csv					VISUAL_QC_PASS										workspace/core4d/results/E105/adaptive_targets/targets/box026_039_p2_e091_box026_20231018_039_p2_adaptive_support_targets.npz	00f828f392a7ef203fdb7e454c1ae6a2c5acd15555c395c9721560838a99ff01					E098_global	workspace/core4d/results/E105/cem/full	historical_seed	workspace/core4d/results/E105/cem/full/full_eval_summary.csv	core4d_data_construction_v3.0	2026-06-02T02:28:49+08:00	E105_box026_clean; variant=E105A1_box026_039_p2_adaptive_clean; route=adaptive_clean; work_status=WORK; strict=FAIL; contact=0.7804878048780488; leg_interference=0.6016260162601627
e091_box026_20231018_039_p2	box026	Box026	20231018	039	person2	2	present	pass	pass	clean	omnirt_v1	pass	fingertip_aware	pass	pass	fail	not_run	DOWNSTREAM_MOTION_BINDING_FAIL	leg_object_interference	workspace/core4d/results/E105/cem/full	E105F1_box026_039_p2_fingertip_clean	workspace/core4d/results/E105/cem/full/E105F1_box026_039_p2_fingertip_clean.npz	workspace/core4d/results/E105/cem/full/E105F1_box026_039_p2_fingertip_clean_full.mp4	workspace/core4d/results/E105/cem/full/full_eval_summary.csv					VISUAL_QC_PASS	pass	workspace/core4d/results/E105/fingertip_target_summary.tsv	pass	pass	pass				pass	workspace/core4d/results/E105/fingertip_targets/e091_box026_20231018_039_p2/spider_contact_target_object_local.npz	ba2ba8b606a09cababd7684793044380ba10e64512624dff8dd5e44767cb0b69	pass			pass	E098_global+E099_E100_E101_fingertip_aware	workspace/core4d/results/E105/cem/full	historical_seed	workspace/core4d/results/E105/cem/full/full_eval_summary.csv	core4d_data_construction_v3.0	2026-06-02T02:28:49+08:00	E105_box026_clean; variant=E105F1_box026_039_p2_fingertip_clean; route=fingertip_clean; work_status=FAIL; strict=FAIL; contact=0.8211382113821138; leg_interference=0.2764227642276423
e091_box026_20231018_039_p2	box026	Box026	20231018	039	person2	2	present	pass	pass	clean	omnirt_v1	pass	ref_fk	pass	pass	fail	not_run	DOWNSTREAM_MOTION_BINDING_FAIL	leg_object_interference	workspace/core4d/results/E106/cem/full	E106B01_box026_20231018_039_p2_ref_fk_clean	workspace/core4d/results/E106/cem/full/E106B01_box026_20231018_039_p2_ref_fk_clean.npz	workspace/core4d/results/E106/cem/full/E106B01_box026_20231018_039_p2_ref_fk_clean_full.mp4	workspace/core4d/results/E106/cem/full/full_eval_summary.csv					VISUAL_QC_PASS																E098_global	workspace/core4d/results/E106/cem/full	historical_seed	workspace/core4d/results/E106/cem/full/full_eval_summary.csv	core4d_data_construction_v3.0	2026-06-02T02:28:49+08:00	E106_box026_clean_batch; variant=E106B01_box026_20231018_039_p2_ref_fk_clean; route=ref_fk_clean; work_status=WORK; strict=FAIL; contact=0.7723577235772358; leg_interference=0.2682926829268293
e091_box026_20231018_041_p2	box026	Box026	20231018	041	person2	2	present	pass	pass	clean	omnirt_v1	pass	ref_fk	pass	pass	fail	not_run	DOWNSTREAM_MOTION_BINDING_FAIL	leg_object_interference	workspace/core4d/results/E106/cem/full	E106B03_box026_20231018_041_p2_ref_fk_clean	workspace/core4d/results/E106/cem/full/E106B03_box026_20231018_041_p2_ref_fk_clean.npz	workspace/core4d/results/E106/cem/full/E106B03_box026_20231018_041_p2_ref_fk_clean_full.mp4	workspace/core4d/results/E106/cem/full/full_eval_summary.csv					VISUAL_QC_PASS																E098_global	workspace/core4d/results/E106/cem/full	historical_seed	workspace/core4d/results/E106/cem/full/full_eval_summary.csv	core4d_data_construction_v3.0	2026-06-02T02:28:49+08:00	E106_box026_clean_batch; variant=E106B03_box026_20231018_041_p2_ref_fk_clean; route=ref_fk_clean; work_status=FAIL; strict=FAIL; contact=0.26666666666666666; leg_interference=0.75
e091_box026_20231018_042_p1	box026	Box026	20231018	042	person1	1	present	pass	pass	clean	omnirt_v1	pass	ref_fk	pass	pass	fail	not_run	DOWNSTREAM_MOTION_BINDING_FAIL	leg_object_interference	workspace/core4d/results/E106/cem/full	E106B24_box026_20231018_042_p1_ref_fk_clean	workspace/core4d/results/E106/cem/full/E106B24_box026_20231018_042_p1_ref_fk_clean.npz	workspace/core4d/results/E106/cem/full/E106B24_box026_20231018_042_p1_ref_fk_clean_full.mp4	workspace/core4d/results/E106/cem/full/full_eval_summary.csv					VISUAL_QC_PASS																E098_global	workspace/core4d/results/E106/cem/full	historical_seed	workspace/core4d/results/E106/cem/full/full_eval_summary.csv	core4d_data_construction_v3.0	2026-06-02T02:28:49+08:00	E106_box026_clean_batch; variant=E106B24_box026_20231018_042_p1_ref_fk_clean; route=ref_fk_clean; work_status=FAIL; strict=FAIL; contact=0.3389830508474576; leg_interference=0.2033898305084746
e091_box026_20231018_042_p2	box026	Box026	20231018	042	person2	2	present	pass	pass	clean	omnirt_v1	pass	ref_fk	pass	pass	fail	not_run	DOWNSTREAM_MOTION_BINDING_FAIL	leg_object_interference	workspace/core4d/results/E106/cem/full	E106B17_box026_20231018_042_p2_ref_fk_clean	workspace/core4d/results/E106/cem/full/E106B17_box026_20231018_042_p2_ref_fk_clean.npz	workspace/core4d/results/E106/cem/full/E106B17_box026_20231018_042_p2_ref_fk_clean_full.mp4	workspace/core4d/results/E106/cem/full/full_eval_summary.csv					VISUAL_QC_PASS																E098_global	workspace/core4d/results/E106/cem/full	historical_seed	workspace/core4d/results/E106/cem/full/full_eval_summary.csv	core4d_data_construction_v3.0	2026-06-02T02:28:49+08:00	E106_box026_clean_batch; variant=E106B17_box026_20231018_042_p2_ref_fk_clean; route=ref_fk_clean; work_status=FAIL; strict=FAIL; contact=0.68; leg_interference=0.24
e091_box026_20231018_043_p1	box026	Box026	20231018	043	person1	1	present	pass	pass	clean	omnirt_v1	pass	ref_fk	pass	pass	fail	not_run	DOWNSTREAM_MOTION_BINDING_FAIL	leg_object_interference	workspace/core4d/results/E106/cem/full	E106B29_box026_20231018_043_p1_ref_fk_clean	workspace/core4d/results/E106/cem/full/E106B29_box026_20231018_043_p1_ref_fk_clean.npz	workspace/core4d/results/E106/cem/full/E106B29_box026_20231018_043_p1_ref_fk_clean_full.mp4	workspace/core4d/results/E106/cem/full/full_eval_summary.csv					VISUAL_QC_PASS																E098_global	workspace/core4d/results/E106/cem/full	historical_seed	workspace/core4d/results/E106/cem/full/full_eval_summary.csv	core4d_data_construction_v3.0	2026-06-02T02:28:49+08:00	E106_box026_clean_batch; variant=E106B29_box026_20231018_043_p1_ref_fk_clean; route=ref_fk_clean; work_status=FAIL; strict=FAIL; contact=0.4444444444444444; leg_interference=0.2716049382716049
e091_box026_20231018_043_p2	box026	Box026	20231018	043	person2	2	present	pass	pass	clean	omnirt_v1	omniretarget_infeasible	ref_fk	not_run	not_run	not_run	not_run												REJECT_OMNIRETARGET																E098_global	workspace/core4d/results/E106	historical_seed	workspace/core4d/results/E106/preprocess_failures.tsv	core4d_data_construction_v3.0	2026-06-02T02:28:49+08:00	E106 preprocess failure; variant=E106B16_box026_20231018_043_p2_ref_fk_clean; reason=RuntimeError: CVXPY solve failed: infeasible
e091_box026_20231018_044_p1	box026	Box026	20231018	044	person1	1	present	pass	pass	clean	omnirt_v1	pass	ref_fk	pass	pass	fail	not_run	DOWNSTREAM_MOTION_BINDING_FAIL	leg_object_interference	workspace/core4d/results/E106/cem/full	E106B30_box026_20231018_044_p1_ref_fk_clean	workspace/core4d/results/E106/cem/full/E106B30_box026_20231018_044_p1_ref_fk_clean.npz	workspace/core4d/results/E106/cem/full/E106B30_box026_20231018_044_p1_ref_fk_clean_full.mp4	workspace/core4d/results/E106/cem/full/full_eval_summary.csv					VISUAL_QC_PASS																E098_global	workspace/core4d/results/E106/cem/full	historical_seed	workspace/core4d/results/E106/cem/full/full_eval_summary.csv	core4d_data_construction_v3.0	2026-06-02T02:28:49+08:00	E106_box026_clean_batch; variant=E106B30_box026_20231018_044_p1_ref_fk_clean; route=ref_fk_clean; work_status=FAIL; strict=FAIL; contact=0.3020833333333333; leg_interference=0.07291666666666667
e091_box026_20231018_044_p2	box026	Box026	20231018	044	person2	2	present	pass	pass	clean	omnirt_v1	pass	ref_fk	pass	pass	fail	not_run	DOWNSTREAM_POSTURE_FAIL	lie_on_box	workspace/core4d/results/E106/cem/full	E106B04_box026_20231018_044_p2_ref_fk_clean	workspace/core4d/results/E106/cem/full/E106B04_box026_20231018_044_p2_ref_fk_clean.npz	workspace/core4d/results/E106/cem/full/E106B04_box026_20231018_044_p2_ref_fk_clean_full.mp4	workspace/core4d/results/E106/cem/full/full_eval_summary.csv					VISUAL_QC_PASS																E098_global	workspace/core4d/results/E106/cem/full	historical_seed	workspace/core4d/results/E106/cem/full/full_eval_summary.csv	core4d_data_construction_v3.0	2026-06-02T02:28:49+08:00	E106_box026_clean_batch; variant=E106B04_box026_20231018_044_p2_ref_fk_clean; route=ref_fk_clean; work_status=FAIL; strict=FAIL; contact=0.47706422018348627; leg_interference=0.0
e091_box026_20231020_133_p1	box026	Box026	20231020	133	person1	1	present	pass	pass	clean	omnirt_v1	pass	ref_fk	pass	pass	fail	not_run	DOWNSTREAM_MOTION_BINDING_FAIL	leg_object_interference	workspace/core4d/results/E106/cem/full	E106B23_box026_20231020_133_p1_ref_fk_clean	workspace/core4d/results/E106/cem/full/E106B23_box026_20231020_133_p1_ref_fk_clean.npz	workspace/core4d/results/E106/cem/full/E106B23_box026_20231020_133_p1_ref_fk_clean_full.mp4	workspace/core4d/results/E106/cem/full/full_eval_summary.csv					VISUAL_QC_PASS																E098_global	workspace/core4d/results/E106/cem/full	historical_seed	workspace/core4d/results/E106/cem/full/full_eval_summary.csv	core4d_data_construction_v3.0	2026-06-02T02:28:49+08:00	E106_box026_clean_batch; variant=E106B23_box026_20231020_133_p1_ref_fk_clean; route=ref_fk_clean; work_status=WORK; strict=FAIL; contact=0.3854166666666667; leg_interference=0.052083333333333336
e091_box026_20231020_133_p2	box026	Box026	20231020	133	person2	2	present	pass	pass	clean	omnirt_v1	pass	ref_fk	pass	pass	fail	not_run	DOWNSTREAM_MOTION_BINDING_FAIL	leg_object_interference	workspace/core4d/results/E106/cem/full	E106B21_box026_20231020_133_p2_ref_fk_clean	workspace/core4d/results/E106/cem/full/E106B21_box026_20231020_133_p2_ref_fk_clean.npz	workspace/core4d/results/E106/cem/full/E106B21_box026_20231020_133_p2_ref_fk_clean_full.mp4	workspace/core4d/results/E106/cem/full/full_eval_summary.csv					VISUAL_QC_PASS																E098_global	workspace/core4d/results/E106/cem/full	historical_seed	workspace/core4d/results/E106/cem/full/full_eval_summary.csv	core4d_data_construction_v3.0	2026-06-02T02:28:49+08:00	E106_box026_clean_batch; variant=E106B21_box026_20231020_133_p2_ref_fk_clean; route=ref_fk_clean; work_status=WORK; strict=FAIL; contact=0.42857142857142855; leg_interference=0.061224489795918366
e091_box026_20231020_134_p1	box026	Box026	20231020	134	person1	1	present	pass	pass	clean	omnirt_v1	pass	ref_fk	pass	pass	pass	not_run	DOWNSTREAM_CEM_PASS		workspace/core4d/results/E106/cem/full	E106B05_box026_20231020_134_p1_ref_fk_clean	workspace/core4d/results/E106/cem/full/E106B05_box026_20231020_134_p1_ref_fk_clean.npz	workspace/core4d/results/E106/cem/full/E106B05_box026_20231020_134_p1_ref_fk_clean_full.mp4	workspace/core4d/results/E106/cem/full/full_eval_summary.csv					VISUAL_QC_PASS																E098_global	workspace/core4d/results/E106/cem/full	historical_seed	workspace/core4d/results/E106/cem/full/full_eval_summary.csv	core4d_data_construction_v3.0	2026-06-02T02:28:49+08:00	E106_box026_clean_batch; variant=E106B05_box026_20231020_134_p1_ref_fk_clean; route=ref_fk_clean; work_status=WORK; strict=WORK; contact=0.3235294117647059; leg_interference=0.0
e091_box026_20231020_134_p2	box026	Box026	20231020	134	person2	2	present	pass	pass	clean	omnirt_v1	pass	ref_fk	pass	pass	fail	not_run	DOWNSTREAM_MOTION_BINDING_FAIL	leg_object_interference	workspace/core4d/results/E106/cem/full	E106B06_box026_20231020_134_p2_ref_fk_clean	workspace/core4d/results/E106/cem/full/E106B06_box026_20231020_134_p2_ref_fk_clean.npz	workspace/core4d/results/E106/cem/full/E106B06_box026_20231020_134_p2_ref_fk_clean_full.mp4	workspace/core4d/results/E106/cem/full/full_eval_summary.csv					VISUAL_QC_PASS																E098_global	workspace/core4d/results/E106/cem/full	historical_seed	workspace/core4d/results/E106/cem/full/full_eval_summary.csv	core4d_data_construction_v3.0	2026-06-02T02:28:49+08:00	E106_box026_clean_batch; variant=E106B06_box026_20231020_134_p2_ref_fk_clean; route=ref_fk_clean; work_status=WORK; strict=FAIL; contact=0.3644859813084112; leg_interference=0.06542056074766354
e091_box026_20231020_135_p1	box026	Box026	20231020	135	person1	1	present	pass	pass	clean	omnirt_v1	pass	ref_fk	pass	pass	pass	not_run	DOWNSTREAM_CEM_PASS		workspace/core4d/results/E106/cem/full	E106B22_box026_20231020_135_p1_ref_fk_clean	workspace/core4d/results/E106/cem/full/E106B22_box026_20231020_135_p1_ref_fk_clean.npz	workspace/core4d/results/E106/cem/full/E106B22_box026_20231020_135_p1_ref_fk_clean_full.mp4	workspace/core4d/results/E106/cem/full/full_eval_summary.csv					VISUAL_QC_PASS																E098_global	workspace/core4d/results/E106/cem/full	historical_seed	workspace/core4d/results/E106/cem/full/full_eval_summary.csv	core4d_data_construction_v3.0	2026-06-02T02:28:49+08:00	E106_box026_clean_batch; variant=E106B22_box026_20231020_135_p1_ref_fk_clean; route=ref_fk_clean; work_status=WORK; strict=WORK; contact=0.4634146341463415; leg_interference=0.0
e091_box026_20231020_135_p2	box026	Box026	20231020	135	person2	2	present	pass	pass	clean	omnirt_v1	pass	adaptive	pass	pass	fail	not_run	DOWNSTREAM_MOTION_BINDING_FAIL	leg_object_interference	workspace/core4d/results/E105/cem/full	E105A2_box026_135_p2_adaptive_clean	workspace/core4d/results/E105/cem/full/E105A2_box026_135_p2_adaptive_clean.npz	workspace/core4d/results/E105/cem/full/E105A2_box026_135_p2_adaptive_clean_full.mp4	workspace/core4d/results/E105/cem/full/full_eval_summary.csv					VISUAL_QC_PASS										workspace/core4d/results/E105/adaptive_targets/targets/box026_135_p2_e091_box026_20231020_135_p2_adaptive_support_targets.npz	45e1812a1c2ba17040aabfa478cab74e0593fe0a2849ea84f7dbc45f39cad446					E098_global	workspace/core4d/results/E105/cem/full	historical_seed	workspace/core4d/results/E105/cem/full/full_eval_summary.csv	core4d_data_construction_v3.0	2026-06-02T02:28:49+08:00	E105_box026_clean; variant=E105A2_box026_135_p2_adaptive_clean; route=adaptive_clean; work_status=FAIL; strict=FAIL; contact=0.3048780487804878; leg_interference=0.0975609756097561
e091_box026_20231020_135_p2	box026	Box026	20231020	135	person2	2	present	pass	pass	clean	omnirt_v1	pass	fingertip_aware	pass	pass	fail	not_run	DOWNSTREAM_MOTION_BINDING_FAIL	leg_object_interference	workspace/core4d/results/E105/cem/full	E105F2_box026_135_p2_fingertip_clean	workspace/core4d/results/E105/cem/full/E105F2_box026_135_p2_fingertip_clean.npz	workspace/core4d/results/E105/cem/full/E105F2_box026_135_p2_fingertip_clean_full.mp4	workspace/core4d/results/E105/cem/full/full_eval_summary.csv					VISUAL_QC_PASS	pass	workspace/core4d/results/E105/fingertip_target_summary.tsv	pass	pass	pass				pass	workspace/core4d/results/E105/fingertip_targets/e091_box026_20231020_135_p2/spider_contact_target_object_local.npz	f2933d6938d70b4a91ff962a4974dafe2d11cbb2b7063e5f16d0983f6bcfb401	pass			pass	E098_global+E099_E100_E101_fingertip_aware	workspace/core4d/results/E105/cem/full	historical_seed	workspace/core4d/results/E105/cem/full/full_eval_summary.csv	core4d_data_construction_v3.0	2026-06-02T02:28:49+08:00	E105_box026_clean; variant=E105F2_box026_135_p2_fingertip_clean; route=fingertip_clean; work_status=WORK; strict=FAIL; contact=0.6097560975609756; leg_interference=0.18292682926829268
e091_box026_20231020_135_p2	box026	Box026	20231020	135	person2	2	present	pass	pass	clean	omnirt_v1	pass	ref_fk	pass	pass	fail	not_run	DOWNSTREAM_MOTION_BINDING_FAIL	leg_object_interference	workspace/core4d/results/E106/cem/full	E106B02_box026_20231020_135_p2_ref_fk_clean	workspace/core4d/results/E106/cem/full/E106B02_box026_20231020_135_p2_ref_fk_clean.npz	workspace/core4d/results/E106/cem/full/E106B02_box026_20231020_135_p2_ref_fk_clean_full.mp4	workspace/core4d/results/E106/cem/full/full_eval_summary.csv					VISUAL_QC_PASS																E098_global	workspace/core4d/results/E106/cem/full	historical_seed	workspace/core4d/results/E106/cem/full/full_eval_summary.csv	core4d_data_construction_v3.0	2026-06-02T02:28:49+08:00	E106_box026_clean_batch; variant=E106B02_box026_20231020_135_p2_ref_fk_clean; route=ref_fk_clean; work_status=WORK; strict=FAIL; contact=0.6219512195121951; leg_interference=0.17073170731707318
e091_box026_20231020_137_p1	box026	Box026	20231020	137	person1	1	present	pass	pass	clean	omnirt_v1	pass	ref_fk	pass	pass	fail	not_run	DOWNSTREAM_MOTION_BINDING_FAIL	leg_object_interference	workspace/core4d/results/E106/cem/full	E106B07_box026_20231020_137_p1_ref_fk_clean	workspace/core4d/results/E106/cem/full/E106B07_box026_20231020_137_p1_ref_fk_clean.npz	workspace/core4d/results/E106/cem/full/E106B07_box026_20231020_137_p1_ref_fk_clean_full.mp4	workspace/core4d/results/E106/cem/full/full_eval_summary.csv					VISUAL_QC_PASS																E098_global	workspace/core4d/results/E106/cem/full	historical_seed	workspace/core4d/results/E106/cem/full/full_eval_summary.csv	core4d_data_construction_v3.0	2026-06-02T02:28:49+08:00	E106_box026_clean_batch; variant=E106B07_box026_20231020_137_p1_ref_fk_clean; route=ref_fk_clean; work_status=FAIL; strict=FAIL; contact=0.42857142857142855; leg_interference=0.11428571428571428
e091_box026_20231020_137_p2	box026	Box026	20231020	137	person2	2	present	pass	pass	clean	omnirt_v1	omniretarget_infeasible	ref_fk	not_run	not_run	not_run	not_run												REJECT_OMNIRETARGET																E098_global	workspace/core4d/results/E106	historical_seed	workspace/core4d/results/E106/preprocess_failures.tsv	core4d_data_construction_v3.0	2026-06-02T02:28:49+08:00	E106 preprocess failure; variant=E106B08_box026_20231020_137_p2_ref_fk_clean; reason=RuntimeError: CVXPY solve failed: infeasible
e091_box026_20231020_138_p1	box026	Box026	20231020	138	person1	1	present	pass	pass	clean	omnirt_v1	pass	ref_fk	pass	pass	fail	not_run	DOWNSTREAM_MOTION_BINDING_FAIL	leg_object_interference	workspace/core4d/results/E106/cem/full	E106B09_box026_20231020_138_p1_ref_fk_clean	workspace/core4d/results/E106/cem/full/E106B09_box026_20231020_138_p1_ref_fk_clean.npz	workspace/core4d/results/E106/cem/full/E106B09_box026_20231020_138_p1_ref_fk_clean_full.mp4	workspace/core4d/results/E106/cem/full/full_eval_summary.csv					VISUAL_QC_PASS																E098_global	workspace/core4d/results/E106/cem/full	historical_seed	workspace/core4d/results/E106/cem/full/full_eval_summary.csv	core4d_data_construction_v3.0	2026-06-02T02:28:49+08:00	E106_box026_clean_batch; variant=E106B09_box026_20231020_138_p1_ref_fk_clean; route=ref_fk_clean; work_status=FAIL; strict=FAIL; contact=0.2976190476190476; leg_interference=0.36904761904761907
e091_box026_20231020_138_p2	box026	Box026	20231020	138	person2	2	present	pass	pass	clean	omnirt_v1	pass	ref_fk	pass	pass	fail	not_run	DOWNSTREAM_MOTION_BINDING_FAIL	leg_object_interference	workspace/core4d/results/E106/cem/full	E106B10_box026_20231020_138_p2_ref_fk_clean	workspace/core4d/results/E106/cem/full/E106B10_box026_20231020_138_p2_ref_fk_clean.npz	workspace/core4d/results/E106/cem/full/E106B10_box026_20231020_138_p2_ref_fk_clean_full.mp4	workspace/core4d/results/E106/cem/full/full_eval_summary.csv					VISUAL_QC_PASS																E098_global	workspace/core4d/results/E106/cem/full	historical_seed	workspace/core4d/results/E106/cem/full/full_eval_summary.csv	core4d_data_construction_v3.0	2026-06-02T02:28:49+08:00	E106_box026_clean_batch; variant=E106B10_box026_20231020_138_p2_ref_fk_clean; route=ref_fk_clean; work_status=WORK; strict=FAIL; contact=0.45454545454545453; leg_interference=0.2840909090909091
e091_box026_20231020_139_p1	box026	Box026	20231020	139	person1	1	present	pass	pass	clean	omnirt_v1	pass	ref_fk	pass	pass	fail	not_run	DOWNSTREAM_POSTURE_FAIL	lie_on_box	workspace/core4d/results/E106/cem/full	E106B11_box026_20231020_139_p1_ref_fk_clean	workspace/core4d/results/E106/cem/full/E106B11_box026_20231020_139_p1_ref_fk_clean.npz	workspace/core4d/results/E106/cem/full/E106B11_box026_20231020_139_p1_ref_fk_clean_full.mp4	workspace/core4d/results/E106/cem/full/full_eval_summary.csv					VISUAL_QC_PASS																E098_global	workspace/core4d/results/E106/cem/full	historical_seed	workspace/core4d/results/E106/cem/full/full_eval_summary.csv	core4d_data_construction_v3.0	2026-06-02T02:28:49+08:00	E106_box026_clean_batch; variant=E106B11_box026_20231020_139_p1_ref_fk_clean; route=ref_fk_clean; work_status=FAIL; strict=FAIL; contact=0.2839506172839506; leg_interference=0.0
e091_box026_20231020_139_p2	box026	Box026	20231020	139	person2	2	present	pass	pass	clean	omnirt_v1	pass	ref_fk	pass	pass	fail	not_run	DOWNSTREAM_MOTION_BINDING_FAIL	leg_object_interference	workspace/core4d/results/E106/cem/full	E106B12_box026_20231020_139_p2_ref_fk_clean	workspace/core4d/results/E106/cem/full/E106B12_box026_20231020_139_p2_ref_fk_clean.npz	workspace/core4d/results/E106/cem/full/E106B12_box026_20231020_139_p2_ref_fk_clean_full.mp4	workspace/core4d/results/E106/cem/full/full_eval_summary.csv					VISUAL_QC_PASS																E098_global	workspace/core4d/results/E106/cem/full	historical_seed	workspace/core4d/results/E106/cem/full/full_eval_summary.csv	core4d_data_construction_v3.0	2026-06-02T02:28:49+08:00	E106_box026_clean_batch; variant=E106B12_box026_20231020_139_p2_ref_fk_clean; route=ref_fk_clean; work_status=WORK; strict=FAIL; contact=0.6585365853658537; leg_interference=0.25609756097560976
e091_box026_20231020_141_p1	box026	Box026	20231020	141	person1	1	present	pass	pass	clean	omnirt_v1	pass	ref_fk	pass	pass	pass	not_run	DOWNSTREAM_CEM_PASS		workspace/core4d/results/E106/cem/full	E106B27_box026_20231020_141_p1_ref_fk_clean	workspace/core4d/results/E106/cem/full/E106B27_box026_20231020_141_p1_ref_fk_clean.npz	workspace/core4d/results/E106/cem/full/E106B27_box026_20231020_141_p1_ref_fk_clean_full.mp4	workspace/core4d/results/E106/cem/full/full_eval_summary.csv					VISUAL_QC_PASS																E098_global	workspace/core4d/results/E106/cem/full	historical_seed	workspace/core4d/results/E106/cem/full/full_eval_summary.csv	core4d_data_construction_v3.0	2026-06-02T02:28:49+08:00	E106_box026_clean_batch; variant=E106B27_box026_20231020_141_p1_ref_fk_clean; route=ref_fk_clean; work_status=WORK; strict=WORK; contact=0.3058823529411765; leg_interference=0.0
e091_box026_20231020_141_p2	box026	Box026	20231020	141	person2	2	present	pass	pass	clean	omnirt_v1	pass	ref_fk	pass	pass	fail	not_run	DOWNSTREAM_MOTION_BINDING_FAIL	leg_object_interference	workspace/core4d/results/E106/cem/full	E106B19_box026_20231020_141_p2_ref_fk_clean	workspace/core4d/results/E106/cem/full/E106B19_box026_20231020_141_p2_ref_fk_clean.npz	workspace/core4d/results/E106/cem/full/E106B19_box026_20231020_141_p2_ref_fk_clean_full.mp4	workspace/core4d/results/E106/cem/full/full_eval_summary.csv					VISUAL_QC_PASS																E098_global	workspace/core4d/results/E106/cem/full	historical_seed	workspace/core4d/results/E106/cem/full/full_eval_summary.csv	core4d_data_construction_v3.0	2026-06-02T02:28:49+08:00	E106_box026_clean_batch; variant=E106B19_box026_20231020_141_p2_ref_fk_clean; route=ref_fk_clean; work_status=WORK; strict=FAIL; contact=0.5; leg_interference=0.30952380952380953
e091_box026_20231023_137_p1	box026	Box026	20231023	137	person1	1	present	pass	pass	clean	omnirt_v1	pass	ref_fk	pass	pass	pass	not_run	DOWNSTREAM_CEM_PASS		workspace/core4d/results/E106/cem/full	E106B15_box026_20231023_137_p1_ref_fk_clean	workspace/core4d/results/E106/cem/full/E106B15_box026_20231023_137_p1_ref_fk_clean.npz	workspace/core4d/results/E106/cem/full/E106B15_box026_20231023_137_p1_ref_fk_clean_full.mp4	workspace/core4d/results/E106/cem/full/full_eval_summary.csv					VISUAL_QC_PASS																E098_global	workspace/core4d/results/E106/cem/full	historical_seed	workspace/core4d/results/E106/cem/full/full_eval_summary.csv	core4d_data_construction_v3.0	2026-06-02T02:28:49+08:00	E106_box026_clean_batch; variant=E106B15_box026_20231023_137_p1_ref_fk_clean; route=ref_fk_clean; work_status=WORK; strict=WORK; contact=0.7888888888888889; leg_interference=0.0
e091_box026_20231023_138_p1	box026	Box026	20231023	138	person1	1	present	pass	pass	clean	omnirt_v1	pass	ref_fk	pass	pass	fail	not_run	DOWNSTREAM_MOTION_BINDING_FAIL	leg_object_interference	workspace/core4d/results/E106/cem/full	E106B13_box026_20231023_138_p1_ref_fk_clean	workspace/core4d/results/E106/cem/full/E106B13_box026_20231023_138_p1_ref_fk_clean.npz	workspace/core4d/results/E106/cem/full/E106B13_box026_20231023_138_p1_ref_fk_clean_full.mp4	workspace/core4d/results/E106/cem/full/full_eval_summary.csv					VISUAL_QC_PASS																E098_global	workspace/core4d/results/E106/cem/full	historical_seed	workspace/core4d/results/E106/cem/full/full_eval_summary.csv	core4d_data_construction_v3.0	2026-06-02T02:28:49+08:00	E106_box026_clean_batch; variant=E106B13_box026_20231023_138_p1_ref_fk_clean; route=ref_fk_clean; work_status=FAIL; strict=FAIL; contact=0.6744186046511628; leg_interference=0.13178294573643412
e091_box026_20231023_139_p1	box026	Box026	20231023	139	person1	1	present	pass	pass	clean	omnirt_v1	pass	ref_fk	pass	pass	fail	not_run	DOWNSTREAM_MOTION_BINDING_FAIL	leg_object_interference	workspace/core4d/results/E106/cem/full	E106B14_box026_20231023_139_p1_ref_fk_clean	workspace/core4d/results/E106/cem/full/E106B14_box026_20231023_139_p1_ref_fk_clean.npz	workspace/core4d/results/E106/cem/full/E106B14_box026_20231023_139_p1_ref_fk_clean_full.mp4	workspace/core4d/results/E106/cem/full/full_eval_summary.csv					VISUAL_QC_PASS																E098_global	workspace/core4d/results/E106/cem/full	historical_seed	workspace/core4d/results/E106/cem/full/full_eval_summary.csv	core4d_data_construction_v3.0	2026-06-02T02:28:49+08:00	E106_box026_clean_batch; variant=E106B14_box026_20231023_139_p1_ref_fk_clean; route=ref_fk_clean; work_status=WORK; strict=FAIL; contact=0.323943661971831; leg_interference=0.1056338028169014
e091_box026_20231023_139_p2	box026	Box026	20231023	139	person2	2	present	pass	pass	clean	omnirt_v1	pass	ref_fk	pass	pass	fail	not_run	DOWNSTREAM_MOTION_BINDING_FAIL	leg_object_interference	workspace/core4d/results/E106/cem/full	E106B20_box026_20231023_139_p2_ref_fk_clean	workspace/core4d/results/E106/cem/full/E106B20_box026_20231023_139_p2_ref_fk_clean.npz	workspace/core4d/results/E106/cem/full/E106B20_box026_20231023_139_p2_ref_fk_clean_full.mp4	workspace/core4d/results/E106/cem/full/full_eval_summary.csv					VISUAL_QC_PASS																E098_global	workspace/core4d/results/E106/cem/full	historical_seed	workspace/core4d/results/E106/cem/full/full_eval_summary.csv	core4d_data_construction_v3.0	2026-06-02T02:28:49+08:00	E106_box026_clean_batch; variant=E106B20_box026_20231023_139_p2_ref_fk_clean; route=ref_fk_clean; work_status=WORK; strict=FAIL; contact=0.5035460992907801; leg_interference=0.2553191489361702
e091_box026_20231023_141_p2	box026	Box026	20231023	141	person2	2	present	pass	pass	clean	omnirt_v1	pass	ref_fk	pass	pass	fail	not_run	DOWNSTREAM_POSTURE_FAIL	lie_on_box	workspace/core4d/results/E106/cem/full	E106B26_box026_20231023_141_p2_ref_fk_clean	workspace/core4d/results/E106/cem/full/E106B26_box026_20231023_141_p2_ref_fk_clean.npz	workspace/core4d/results/E106/cem/full/E106B26_box026_20231023_141_p2_ref_fk_clean_full.mp4	workspace/core4d/results/E106/cem/full/full_eval_summary.csv					VISUAL_QC_PASS																E098_global	workspace/core4d/results/E106/cem/full	historical_seed	workspace/core4d/results/E106/cem/full/full_eval_summary.csv	core4d_data_construction_v3.0	2026-06-02T02:28:49+08:00	E106_box026_clean_batch; variant=E106B26_box026_20231023_141_p2_ref_fk_clean; route=ref_fk_clean; work_status=FAIL; strict=FAIL; contact=0.018518518518518517; leg_interference=0.0
