eval_frame,eval_time_s,ref_frame_30hz,raw_frame,person1_left_contact,person1_left_min_dist_m,person1_left_tip_min_dist_m,person1_left_n_vertices_lt_thresh,person1_right_contact,person1_right_min_dist_m,person1_right_tip_min_dist_m,person1_right_n_vertices_lt_thresh,person2_left_contact,person2_left_min_dist_m,person2_left_tip_min_dist_m,person2_left_n_vertices_lt_thresh,person2_right_contact,person2_right_min_dist_m,person2_right_tip_min_dist_m,person2_right_n_vertices_lt_thresh
0,0.0,0,0,0,0.5024921298027039,0.5055310130119324,0,0,0.3547174632549286,0.3602575361728668,0,0,0.18628913164138794,0.18750083446502686,0,0,0.5058829188346863,0.610399067401886,0
1,0.02,1,1,0,0.5031493306159973,0.5063691735267639,0,0,0.353840172290802,0.35923677682876587,0,0,0.1815873086452484,0.18278154730796814,0,0,0.5025873780250549,0.6157400012016296,0
2,0.04,1,1,0,0.5031493306159973,0.5063691735267639,0,0,0.353840172290802,0.35923677682876587,0,0,0.1815873086452484,0.18278154730796814,0,0,0.5025873780250549,0.6157400012016296,0
3,0.06,2,2,0,0.5023874640464783,0.5057275295257568,0,0,0.3513200581073761,0.35697677731513977,0,0,0.17901812493801117,0.18024198710918427,0,0,0.49934110045433044,0.6245467066764832,0
4,0.08,2,2,0,0.5023874640464783,0.5057275295257568,0,0,0.3513200581073761,0.35697677731513977,0,0,0.17901812493801117,0.18024198710918427,0,0,0.49934110045433044,0.6245467066764832,0
5,0.1,3,3,0,0.5052604675292969,0.5087556838989258,0,0,0.35283154249191284,0.35817620158195496,0,0,0.178946852684021,0.18014489114284515,0,0,0.49905189871788025,0.6414711475372314,0
6,0.12,4,4,0,0.5073439478874207,0.5109756588935852,0,0,0.35146287083625793,0.356688529253006,0,0,0.18103927373886108,0.18222573399543762,0,0,0.5007636547088623,0.6602113246917725,0
7,0.14,4,4,0,0.5073439478874207,0.5109756588935852,0,0,0.35146287083625793,0.356688529253006,0,0,0.18103927373886108,0.18222573399543762,0,0,0.5007636547088623,0.6602113246917725,0
8,0.16,5,5,0,0.5068031549453735,0.5105483531951904,0,0,0.35119855403900146,0.3563542068004608,0,0,0.18180488049983978,0.18300877511501312,0,0,0.500648558139801,0.6768654584884644,0
9,0.18,5,5,0,0.5068031549453735,0.5105483531951904,0,0,0.35119855403900146,0.3563542068004608,0,0,0.18180488049983978,0.18300877511501312,0,0,0.500648558139801,0.6768654584884644,0
10,0.2,6,6,0,0.5095494985580444,0.5134080648422241,0,0,0.3488994240760803,0.3540099263191223,0,0,0.18194711208343506,0.1832018345594406,0,0,0.4990297555923462,0.6881952881813049,0
11,0.22,7,7,0,0.5090909600257874,0.5131117105484009,0,0,0.34752121567726135,0.3528500497341156,0,0,0.18239662051200867,0.18363699316978455,0,0,0.4987008571624756,0.6986319422721863,0
12,0.24,7,7,0,0.5090909600257874,0.5131117105484009,0,0,0.34752121567726135,0.3528500497341156,0,0,0.18239662051200867,0.18363699316978455,0,0,0.4987008571624756,0.6986319422721863,0
13,0.26,8,8,0,0.512811541557312,0.5170484185218811,0,0,0.34425580501556396,0.3496150076389313,0,0,0.18084928393363953,0.1821049153804779,0,0,0.4969711899757385,0.7053633332252502,0
14,0.28,8,8,0,0.512811541557312,0.5170484185218811,0,0,0.34425580501556396,0.3496150076389313,0,0,0.18084928393363953,0.1821049153804779,0,0,0.4969711899757385,0.7053633332252502,0
15,0.3,9,9,0,0.5131434798240662,0.5174748301506042,0,0,0.3415340483188629,0.34656018018722534,0,0,0.18294405937194824,0.18419593572616577,0,0,0.4978817105293274,0.7091760635375977,0
16,0.32,10,10,0,0.5127411484718323,0.5170032382011414,0,0,0.3413410484790802,0.3459636867046356,0,0,0.18309658765792847,0.18477590382099152,0,0,0.5004632472991943,0.7086724638938904,0
17,0.34,10,10,0,0.5127411484718323,0.5170032382011414,0,0,0.3413410484790802,0.3459636867046356,0,0,0.18309658765792847,0.18477590382099152,0,0,0.5004632472991943,0.7086724638938904,0
18,0.36,11,11,0,0.509661853313446,0.5136203765869141,0,0,0.3419128954410553,0.3461848199367523,0,0,0.18842634558677673,0.1904795616865158,0,0,0.5043832063674927,0.6984720230102539,0
19,0.38,11,11,0,0.509661853313446,0.5136203765869141,0,0,0.3419128954410553,0.3461848199367523,0,0,0.18842634558677673,0.1904795616865158,0,0,0.5043832063674927,0.6984720230102539,0
20,0.4,12,12,0,0.5013070106506348,0.5049296021461487,0,0,0.3468191921710968,0.3509841859340668,0,0,0.19590958952903748,0.19900424778461456,0,0,0.5137559771537781,0.6775765419006348,0
21,0.42,13,13,0,0.46915170550346375,0.471706748008728,0,0,0.3404443562030792,0.34386146068573,0,0,0.19305424392223358,0.19672909379005432,0,0,0.511445164680481,0.6203201413154602,0
22,0.44,13,13,0,0.46915170550346375,0.471706748008728,0,0,0.3404443562030792,0.34386146068573,0,0,0.19305424392223358,0.19672909379005432,0,0,0.511445164680481,0.6203201413154602,0
23,0.46,14,14,0,0.46527814865112305,0.46587929129600525,0,0,0.3392012417316437,0.3423994481563568,0,0,0.19528906047344208,0.1991584450006485,0,0,0.45878782868385315,0.5367136597633362,0
24,0.48,14,14,0,0.46527814865112305,0.46587929129600525,0,0,0.3392012417316437,0.3423994481563568,0,0,0.19528906047344208,0.1991584450006485,0,0,0.45878782868385315,0.5367136597633362,0
25,0.5,15,15,0,0.5655416250228882,0.5712809562683105,0,0,0.3984394371509552,0.4012390077114105,0,0,0.19330334663391113,0.1962912678718567,0,0,0.3931155800819397,0.41808271408081055,0
26,0.52,16,16,0,0.5851233601570129,0.5910778045654297,0,0,0.35246020555496216,0.35551729798316956,0,0,0.18563760817050934,0.18889695405960083,0,0,0.29691457748413086,0.29939934611320496,0
27,0.54,16,16,0,0.5851233601570129,0.5910778045654297,0,0,0.35246020555496216,0.35551729798316956,0,0,0.18563760817050934,0.18889695405960083,0,0,0.29691457748413086,0.29939934611320496,0
28,0.56,17,17,0,0.6871362924575806,0.6986864805221558,0,0,0.3536504805088043,0.35669732093811035,0,0,0.18066976964473724,0.18303970992565155,0,0,0.20539569854736328,0.20709159970283508,0
29,0.58,17,17,0,0.6871362924575806,0.6986864805221558,0,0,0.3536504805088043,0.35669732093811035,0,0,0.18066976964473724,0.18303970992565155,0,0,0.20539569854736328,0.20709159970283508,0
30,0.6,18,18,0,0.6773033142089844,0.7834714651107788,0,0,0.34349119663238525,0.34651973843574524,0,0,0.17732177674770355,0.1798696368932724,0,0,0.1567048579454422,0.15871502459049225,0
31,0.62,19,19,0,0.6853892207145691,0.8462408781051636,0,0,0.3573857247829437,0.36046260595321655,0,0,0.1775623857975006,0.1794179230928421,0,0,0.16379737854003906,0.16634969413280487,0
32,0.64,19,19,0,0.6853892207145691,0.8462408781051636,0,0,0.3573857247829437,0.36046260595321655,0,0,0.1775623857975006,0.1794179230928421,0,0,0.16379737854003906,0.16634969413280487,0
33,0.66,20,20,0,0.6889594197273254,0.8815606832504272,0,0,0.3659205138683319,0.3690107464790344,0,0,0.18130165338516235,0.18287700414657593,0,0,0.19799140095710754,0.19799140095710754,0
34,0.68,20,20,0,0.6889594197273254,0.8815606832504272,0,0,0.3659205138683319,0.3690107464790344,0,0,0.18130165338516235,0.18287700414657593,0,0,0.19799140095710754,0.19799140095710754,0
35,0.7,21,21,0,0.685705304145813,0.8942434191703796,0,0,0.36950621008872986,0.37258514761924744,0,0,0.18265166878700256,0.1838204264640808,0,0,0.21379847824573517,0.21379847824573517,0
36,0.72,22,22,0,0.6810171604156494,0.8967960476875305,0,0,0.3718896508216858,0.37497058510780334,0,0,0.17978708446025848,0.18101893365383148,0,0,0.2262391746044159,0.2262391746044159,0
37,0.74,22,22,0,0.6810171604156494,0.8967960476875305,0,0,0.3718896508216858,0.37497058510780334,0,0,0.17978708446025848,0.18101893365383148,0,0,0.2262391746044159,0.2262391746044159,0
38,0.76,23,23,0,0.6782189011573792,0.8956743478775024,0,0,0.37378227710723877,0.3768799901008606,0,0,0.17809095978736877,0.17941530048847198,0,0,0.229373037815094,0.229373037815094,0
39,0.78,23,23,0,0.6782189011573792,0.8956743478775024,0,0,0.37378227710723877,0.3768799901008606,0,0,0.17809095978736877,0.17941530048847198,0,0,0.229373037815094,0.229373037815094,0
40,0.8,24,24,0,0.6759604215621948,0.8918375968933105,0,0,0.3728974163532257,0.3760160505771637,0,0,0.17554102838039398,0.17688091099262238,0,0,0.22424642741680145,0.22424642741680145,0
41,0.82,25,25,0,0.6738726496696472,0.8867859244346619,0,0,0.3712875545024872,0.3744381368160248,0,0,0.17379461228847504,0.17490431666374207,0,0,0.21113260090351105,0.21113260090351105,0
42,0.84,25,25,0,0.6738726496696472,0.8867859244346619,0,0,0.3712875545024872,0.3744381368160248,0,0,0.17379461228847504,0.17490431666374207,0,0,0.21113260090351105,0.21113260090351105,0
43,0.86,26,26,0,0.673143208026886,0.8831353783607483,0,0,0.36907216906547546,0.3722529113292694,0,0,0.174509197473526,0.17561191320419312,0,0,0.20248234272003174,0.20248234272003174,0
44,0.88,26,26,0,0.673143208026886,0.8831353783607483,0,0,0.36907216906547546,0.3722529113292694,0,0,0.174509197473526,0.17561191320419312,0,0,0.20248234272003174,0.20248234272003174,0
45,0.9,27,27,0,0.6717324256896973,0.878769040107727,0,0,0.3663869798183441,0.36960411071777344,0,0,0.17391639947891235,0.17490524053573608,0,0,0.20066119730472565,0.20066119730472565,0
46,0.92,28,28,0,0.6704081296920776,0.8751690983772278,0,0,0.36539211869239807,0.3686392307281494,0,0,0.17502419650554657,0.17605650424957275,0,0,0.19927731156349182,0.19927731156349182,0
47,0.94,28,28,0,0.6704081296920776,0.8751690983772278,0,0,0.36539211869239807,0.3686392307281494,0,0,0.17502419650554657,0.17605650424957275,0,0,0.19927731156349182,0.19927731156349182,0
48,0.96,29,29,0,0.6720991730690002,0.8737596869468689,0,0,0.36528971791267395,0.368545800447464,0,0,0.17680124938488007,0.1778607815504074,0,0,0.19602826237678528,0.19602826237678528,0
49,0.98,29,29,0,0.6720991730690002,0.8737596869468689,0,0,0.36528971791267395,0.368545800447464,0,0,0.17680124938488007,0.1778607815504074,0,0,0.19602826237678528,0.19602826237678528,0
50,1.0,30,30,0,0.6713554859161377,0.8682751655578613,0,0,0.36322644352912903,0.3664625585079193,0,0,0.18007096648216248,0.18131384253501892,0,0,0.19200631976127625,0.19200631976127625,0
51,1.02,31,31,0,0.6719722151756287,0.8599063754081726,0,0,0.36334389448165894,0.3665601313114166,0,0,0.18148364126682281,0.1828211098909378,0,0,0.18698202073574066,0.18698202073574066,0
52,1.04,31,31,0,0.6719722151756287,0.8599063754081726,0,0,0.36334389448165894,0.3665601313114166,0,0,0.18148364126682281,0.1828211098909378,0,0,0.18698202073574066,0.18698202073574066,0
53,1.06,32,32,0,0.6760426163673401,0.8435589075088501,0,0,0.36843159794807434,0.37163999676704407,0,0,0.18331609666347504,0.18468545377254486,0,0,0.18359504640102386,0.18359504640102386,0
54,1.08,32,32,0,0.6760426163673401,0.8435589075088501,0,0,0.36843159794807434,0.37163999676704407,0,0,0.18331609666347504,0.18468545377254486,0,0,0.18359504640102386,0.18359504640102386,0
55,1.1,33,33,0,0.6763980984687805,0.8062655925750732,0,0,0.3687148094177246,0.37184256315231323,0,0,0.18436677753925323,0.1857423484325409,0,0,0.18252067267894745,0.18252067267894745,0
56,1.12,34,34,0,0.6809483170509338,0.7448473572731018,0,0,0.37059491872787476,0.37355098128318787,0,0,0.18420293927192688,0.18561282753944397,0,0,0.18205097317695618,0.18205097317695618,0
57,1.14,34,34,0,0.6809483170509338,0.7448473572731018,0,0,0.37059491872787476,0.37355098128318787,0,0,0.18420293927192688,0.18561282753944397,0,0,0.18205097317695618,0.18205097317695618,0
58,1.16,35,35,0,0.6390419602394104,0.6416133046150208,0,0,0.36680179834365845,0.3695548474788666,0,0,0.18447399139404297,0.1859409362077713,0,0,0.18263959884643555,0.18263959884643555,0
59,1.18,35,35,0,0.6390419602394104,0.6416133046150208,0,0,0.36680179834365845,0.3695548474788666,0,0,0.18447399139404297,0.1859409362077713,0,0,0.18263959884643555,0.18263959884643555,0
60,1.2,36,36,0,0.5419964790344238,0.5456937551498413,0,0,0.38881179690361023,0.3916630148887634,0,0,0.18598073720932007,0.18761010468006134,0,0,0.18500113487243652,0.18500113487243652,0
61,1.22,37,37,0,0.4685533344745636,0.4773412048816681,0,0,0.3742377460002899,0.37686726450920105,0,0,0.1854238063097,0.1871538907289505,0,0,0.18485325574874878,0.18485325574874878,0
62,1.24,37,37,0,0.4685533344745636,0.4773412048816681,0,0,0.3742377460002899,0.37686726450920105,0,0,0.1854238063097,0.1871538907289505,0,0,0.18485325574874878,0.18485325574874878,0
63,1.26,38,38,0,0.4450279474258423,0.4458572566509247,0,0,0.36545178294181824,0.36791470646858215,0,0,0.1865474134683609,0.1885077804327011,0,0,0.184702068567276,0.184702068567276,0
64,1.28,38,38,0,0.4450279474258423,0.4458572566509247,0,0,0.36545178294181824,0.36791470646858215,0,0,0.1865474134683609,0.1885077804327011,0,0,0.184702068567276,0.184702068567276,0
65,1.3,39,39,0,0.45448511838912964,0.4570094048976898,0,0,0.36046481132507324,0.3628882169723511,0,0,0.18760129809379578,0.18979227542877197,0,0,0.1840982586145401,0.1840982586145401,0
66,1.32,40,40,0,0.480478435754776,0.4836764335632324,0,0,0.35173022747039795,0.35396650433540344,0,0,0.18437206745147705,0.18662895262241364,0,0,0.17887181043624878,0.17887181043624878,0
67,1.34,40,40,0,0.480478435754776,0.4836764335632324,0,0,0.35173022747039795,0.35396650433540344,0,0,0.18437206745147705,0.18662895262241364,0,0,0.17887181043624878,0.17887181043624878,0
68,1.36,41,41,0,0.5195253491401672,0.5232285857200623,0,0,0.350531667470932,0.3526867926120758,0,0,0.17215538024902344,0.17452870309352875,0,0,0.1623089760541916,0.1623089760541916,0
69,1.38,41,41,0,0.5195253491401672,0.5232285857200623,0,0,0.350531667470932,0.3526867926120758,0,0,0.17215538024902344,0.17452870309352875,0,0,0.1623089760541916,0.1623089760541916,0
70,1.4,42,42,0,0.5447959303855896,0.5485395789146423,0,0,0.33755508065223694,0.33957284688949585,0,0,0.16524344682693481,0.1675458550453186,0,0,0.15374407172203064,0.15374407172203064,0
71,1.42,43,43,0,0.5571569800376892,0.560709536075592,0,0,0.3190311789512634,0.3210859000682831,0,0,0.1549120992422104,0.15697143971920013,0,0,0.14057664573192596,0.14381906390190125,0
72,1.44,43,43,0,0.5571569800376892,0.560709536075592,0,0,0.3190311789512634,0.3210859000682831,0,0,0.1549120992422104,0.15697143971920013,0,0,0.14057664573192596,0.14381906390190125,0
73,1.46,44,44,0,0.5479721426963806,0.5512918829917908,0,0,0.2950699031352997,0.2972961962223053,0,0,0.14419114589691162,0.14594583213329315,0,0,0.12533441185951233,0.12907013297080994,0
74,1.48,44,44,0,0.5479721426963806,0.5512918829917908,0,0,0.2950699031352997,0.2972961962223053,0,0,0.14419114589691162,0.14594583213329315,0,0,0.12533441185951233,0.12907013297080994,0
75,1.5,45,45,0,0.5229985117912292,0.5260854959487915,0,0,0.2695601284503937,0.2718919813632965,0,0,0.13183732330799103,0.1334032118320465,0,0,0.1067337617278099,0.11020628362894058,0
76,1.52,46,46,0,0.4769982397556305,0.4798930585384369,0,0,0.2297973483800888,0.23231241106987,0,0,0.11065564304590225,0.11368724703788757,0,0,0.09043753892183304,0.09386024624109268,0
77,1.54,46,46,0,0.4769982397556305,0.4798930585384369,0,0,0.2297973483800888,0.23231241106987,0,0,0.11065564304590225,0.11368724703788757,0,0,0.09043753892183304,0.09386024624109268,0
78,1.56,47,47,0,0.42804911732673645,0.43073058128356934,0,0,0.1840820163488388,0.18710145354270935,0,0,0.09151764214038849,0.09595091640949249,0,0,0.07466458529233932,0.0780312716960907,0
79,1.58,47,47,0,0.42804911732673645,0.43073058128356934,0,0,0.1840820163488388,0.18710145354270935,0,0,0.09151764214038849,0.09595091640949249,0,0,0.07466458529233932,0.0780312716960907,0
80,1.6,48,48,0,0.3646475076675415,0.3670775592327118,0,0,0.14025337994098663,0.1434289962053299,0,0,0.06519871205091476,0.06762457638978958,0,0,0.055689793080091476,0.0610421821475029,0
81,1.62,49,49,0,0.29942381381988525,0.30237919092178345,0,0,0.09830452501773834,0.10154809057712555,0,0,0.041861072182655334,0.04320336878299713,0,0,0.04159616678953171,0.044601429253816605,0
82,1.64,49,49,0,0.29942381381988525,0.30237919092178345,0,0,0.09830452501773834,0.10154809057712555,0,0,0.041861072182655334,0.04320336878299713,0,0,0.04159616678953171,0.044601429253816605,0
83,1.66,50,50,0,0.2373773753643036,0.24030233919620514,0,0,0.062226302921772,0.06258532404899597,0,1,0.022570818662643433,0.024138808250427246,11,1,0.021678104996681213,0.021678104996681213,17
84,1.68,50,50,0,0.2373773753643036,0.24030233919620514,0,0,0.062226302921772,0.06258532404899597,0,1,0.022570818662643433,0.024138808250427246,11,1,0.021678104996681213,0.021678104996681213,17
85,1.7,51,51,0,0.1604095995426178,0.1622326374053955,0,0,0.03158083185553551,0.032701607793569565,0,1,0.0053985025733709335,0.00923054851591587,89,1,0.005506474059075117,0.0069951158948242664,96
86,1.72,52,52,0,0.08056170493364334,0.0826343297958374,0,1,0.01000264473259449,0.012921216897666454,77,1,0.0015960859600454569,0.0015960859600454569,164,1,0.0010239218827337027,0.00585727347061038,155
87,1.74,52,52,0,0.08056170493364334,0.0826343297958374,0,1,0.01000264473259449,0.012921216897666454,77,1,0.0015960859600454569,0.0015960859600454569,164,1,0.0010239218827337027,0.00585727347061038,155
88,1.76,53,53,1,0.021678108721971512,0.022766070440411568,17,1,0.0024364006239920855,0.005476950667798519,90,1,0.001876622554846108,0.001876622554846108,189,1,0.0019540528301149607,0.003796323901042342,181
89,1.78,53,53,1,0.021678108721971512,0.022766070440411568,17,1,0.0024364006239920855,0.005476950667798519,90,1,0.001876622554846108,0.001876622554846108,189,1,0.0019540528301149607,0.003796323901042342,181
90,1.8,54,54,1,0.0011207789648324251,0.004074111580848694,171,1,0.001333050080575049,0.006431622430682182,102,1,0.0012477254495024681,0.006073239259421825,173,1,0.0016162133542820811,0.003849383909255266,209
91,1.82,55,55,1,0.0013113155728206038,0.002879591891542077,348,1,0.0015177231980487704,0.005740142427384853,108,1,0.0011677213478833437,0.005999328102916479,159,1,0.0002108808548655361,0.005439906381070614,202
92,1.84,55,55,1,0.0013113155728206038,0.002879591891542077,348,1,0.0015177231980487704,0.005740142427384853,108,1,0.0011677213478833437,0.005999328102916479,159,1,0.0002108808548655361,0.005439906381070614,202
93,1.86,56,56,1,0.000839725136756897,0.005505403038114309,468,1,0.0034071861300617456,0.011679386720061302,172,1,0.0006303063710220158,0.005628060549497604,157,1,0.0018520777812227607,0.006635764613747597,225
94,1.88,56,56,1,0.000839725136756897,0.005505403038114309,468,1,0.0034071861300617456,0.011679386720061302,172,1,0.0006303063710220158,0.005628060549497604,157,1,0.0018520777812227607,0.006635764613747597,225
95,1.9,57,57,1,0.0009705029078759253,0.004669780842959881,485,1,0.0029949063900858164,0.008072158321738243,248,1,0.002526124706491828,0.010371237993240356,150,1,0.000599599617999047,0.005751682445406914,232
96,1.92,58,58,1,0.0011631307424977422,0.004602980799973011,392,1,0.0012938352301716805,0.003336207242682576,309,1,0.0011002866085618734,0.01109729241579771,174,1,0.001187654328532517,0.007323043886572123,259
97,1.94,58,58,1,0.0011631307424977422,0.004602980799973011,392,1,0.0012938352301716805,0.003336207242682576,309,1,0.0011002866085618734,0.01109729241579771,174,1,0.001187654328532517,0.007323043886572123,259
98,1.96,59,59,1,0.0009872294031083584,0.0021293526515364647,337,1,0.0018538492731750011,0.003186445916071534,340,1,0.0022357578855007887,0.011052332818508148,190,1,0.001186571316793561,0.008751235902309418,308
99,1.98,59,59,1,0.0009872294031083584,0.0021293526515364647,337,1,0.0018538492731750011,0.003186445916071534,340,1,0.0022357578855007887,0.011052332818508148,190,1,0.001186571316793561,0.008751235902309418,308
100,2.0,60,60,1,0.0007760984008200467,0.004116855561733246,287,1,0.001468970556743443,0.0054803951643407345,312,1,0.0018618172034621239,0.012605893425643444,162,1,0.0011715899454429746,0.008587637916207314,330
101,2.02,61,61,1,0.0027291900478303432,0.007936473935842514,282,1,0.0019117150222882628,0.010240299627184868,226,1,0.001734937191940844,0.012154946103692055,141,1,0.0009822733700275421,0.0067453510127961636,389
102,2.04,61,61,1,0.0027291900478303432,0.007936473935842514,282,1,0.0019117150222882628,0.010240299627184868,226,1,0.001734937191940844,0.012154946103692055,141,1,0.0009822733700275421,0.0067453510127961636,389
103,2.06,62,62,1,0.0025760431308299303,0.005446127150207758,296,1,0.0024465383030474186,0.014394768513739109,177,1,0.004729027394205332,0.012918757274746895,109,1,0.001821835059672594,0.002723290352150798,406
104,2.08,62,62,1,0.0025760431308299303,0.005446127150207758,296,1,0.0024465383030474186,0.014394768513739109,177,1,0.004729027394205332,0.012918757274746895,109,1,0.001821835059672594,0.002723290352150798,406
105,2.1,63,63,1,0.0015843015862628818,0.006344160996377468,274,1,0.001627741614356637,0.014642835594713688,172,1,0.0042814998887479305,0.012387625873088837,104,1,0.000958552467636764,0.004967447370290756,391
106,2.12,64,64,1,0.004740394186228514,0.007445576600730419,240,1,0.0031277346424758434,0.012652250938117504,194,1,0.008373084478080273,0.01633770950138569,87,1,0.0022528842091560364,0.0033028419129550457,386
107,2.14,64,64,1,0.004740394186228514,0.007445576600730419,240,1,0.0031277346424758434,0.012652250938117504,194,1,0.008373084478080273,0.01633770950138569,87,1,0.0022528842091560364,0.0033028419129550457,386
108,2.16,65,65,1,0.007218952756375074,0.009896388277411461,202,1,0.0012917299754917622,0.010633422061800957,236,1,0.0054824622347950935,0.014056280255317688,105,1,0.0003181052743457258,0.00238205399364233,409
109,2.18,65,65,1,0.007218952756375074,0.009896388277411461,202,1,0.0012917299754917622,0.010633422061800957,236,1,0.0054824622347950935,0.014056280255317688,105,1,0.0003181052743457258,0.00238205399364233,409
110,2.2,66,66,1,0.007142018526792526,0.011510041542351246,191,1,0.002146296203136444,0.010542432777583599,231,1,0.007909594103693962,0.0169612318277359,98,1,0.0014848490245640278,0.004757503047585487,402
111,2.22,67,67,1,0.0055763437412679195,0.01153379213064909,184,1,0.0007084604003466666,0.009436315856873989,238,1,0.0068033114075660706,0.01702297292649746,100,1,0.0006619204068556428,0.0062941089272499084,384
112,2.24,67,67,1,0.0055763437412679195,0.01153379213064909,184,1,0.0007084604003466666,0.009436315856873989,238,1,0.0068033114075660706,0.01702297292649746,100,1,0.0006619204068556428,0.0062941089272499084,384
113,2.26,68,68,1,0.006587301846593618,0.013144977390766144,161,1,0.0007571903406642377,0.007008862681686878,263,1,0.010471764020621777,0.018001249060034752,85,1,0.0008406033157370985,0.006269226782023907,373
114,2.28,68,68,1,0.006587301846593618,0.013144977390766144,161,1,0.0007571903406642377,0.007008862681686878,263,1,0.010471764020621777,0.018001249060034752,85,1,0.0008406033157370985,0.006269226782023907,373
115,2.3,69,69,1,0.005560208112001419,0.012177345342934132,179,1,0.001569437561556697,0.007843144237995148,278,1,0.01349188107997179,0.01942753978073597,66,1,0.0007244911976158619,0.0073292553424835205,353
116,2.32,70,70,1,0.004265793599188328,0.009994808584451675,204,1,0.0016913008876144886,0.006995841860771179,300,1,0.014463163912296295,0.01896105706691742,55,1,0.0002707914391066879,0.006361695937812328,345
117,2.34,70,70,1,0.004265793599188328,0.009994808584451675,204,1,0.0016913008876144886,0.006995841860771179,300,1,0.014463163912296295,0.01896105706691742,55,1,0.0002707914391066879,0.006361695937812328,345
118,2.36,71,71,1,0.0021819118410348892,0.0023709062952548265,307,1,0.0020561746787279844,0.004010856617242098,286,1,0.012590348720550537,0.016275441274046898,63,1,0.0009037374402396381,0.0031961267814040184,344
119,2.38,71,71,1,0.0021819118410348892,0.0023709062952548265,307,1,0.0020561746787279844,0.004010856617242098,286,1,0.012590348720550537,0.016275441274046898,63,1,0.0009037374402396381,0.0031961267814040184,344
120,2.4,72,72,1,0.0013354109833016992,0.004334057215601206,336,1,0.0028164207469671965,0.00491598155349493,307,1,0.011368921957910061,0.015473383478820324,75,1,0.0011601021979004145,0.0011738588800653815,354
121,2.42,73,73,1,0.0019214948406443,0.005381390452384949,356,1,0.0017274008132517338,0.005599905736744404,296,1,0.008805161342024803,0.014035196043550968,85,1,0.0012865749886259437,0.0034989675041288137,362
122,2.44,73,73,1,0.0019214948406443,0.005381390452384949,356,1,0.0017274008132517338,0.005599905736744404,296,1,0.008805161342024803,0.014035196043550968,85,1,0.0012865749886259437,0.0034989675041288137,362
123,2.46,74,74,1,0.001702531473711133,0.00911694671958685,338,1,0.0012722957180812955,0.003966406919062138,316,1,0.00822584517300129,0.01309728343039751,86,1,0.0014627320924773812,0.0032078176736831665,370
124,2.48,74,74,1,0.001702531473711133,0.00911694671958685,338,1,0.0012722957180812955,0.003966406919062138,316,1,0.00822584517300129,0.01309728343039751,86,1,0.0014627320924773812,0.0032078176736831665,370
125,2.5,75,75,1,0.0008275522268377244,0.0015330868773162365,401,1,0.0021742729004472494,0.0051605901680886745,233,1,0.015802530571818352,0.02033056877553463,45,1,0.0007709141355007887,0.0071801114827394485,371
126,2.52,76,76,1,0.0006468973006121814,0.005686103366315365,322,1,0.0018779978854581714,0.006221448536962271,276,1,0.002221965231001377,0.007447074167430401,149,1,0.0018064709147438407,0.004305356182157993,375
127,2.54,76,76,1,0.0006468973006121814,0.005686103366315365,322,1,0.0018779978854581714,0.006221448536962271,276,1,0.002221965231001377,0.007447074167430401,149,1,0.0018064709147438407,0.004305356182157993,375
128,2.56,77,77,1,0.0007959451177157462,0.005123523063957691,415,1,0.0019309696508571506,0.005068564787507057,247,1,0.012927343137562275,0.018364600837230682,46,1,0.0007026626262813807,0.0035669056233018637,377
129,2.58,77,77,1,0.0007959451177157462,0.005123523063957691,415,1,0.0019309696508571506,0.005068564787507057,247,1,0.012927343137562275,0.018364600837230682,46,1,0.0007026626262813807,0.0035669056233018637,377
130,2.6,78,78,1,0.000443707627709955,0.0025578897912055254,430,1,0.0012978530721738935,0.006980758626013994,259,1,0.013918543234467506,0.019121747463941574,42,1,0.0018119472078979015,0.005905513651669025,375
131,2.62,79,79,1,0.0006429957575164735,0.00881652720272541,536,1,0.0017179863061755896,0.006597911473363638,261,1,0.023036913946270943,0.0281037800014019,18,1,0.0011423099786043167,0.009171148762106895,364
132,2.64,79,79,1,0.0006429957575164735,0.00881652720272541,536,1,0.0017179863061755896,0.006597911473363638,261,1,0.023036913946270943,0.0281037800014019,18,1,0.0011423099786043167,0.009171148762106895,364
133,2.66,80,80,1,0.0013000434264540672,0.00466615054756403,535,1,0.0016544988611713052,0.010773886926472187,268,1,0.012746009044349194,0.017699597403407097,59,1,0.001236947369761765,0.008576163090765476,358
134,2.68,80,80,1,0.0013000434264540672,0.00466615054756403,535,1,0.0016544988611713052,0.010773886926472187,268,1,0.012746009044349194,0.017699597403407097,59,1,0.001236947369761765,0.008576163090765476,358
135,2.7,81,81,1,0.000558198313228786,0.007033773232251406,542,1,0.00268361228518188,0.010372559539973736,251,1,0.01227683387696743,0.016666239127516747,72,1,0.0019357005367055535,0.007957860827445984,336
136,2.72,82,82,1,0.0005515259108506143,0.004985810723155737,501,1,0.001454234472475946,0.01258933823555708,291,1,0.008837259374558926,0.012912789359688759,99,1,0.001689941855147481,0.009130364283919334,359
137,2.74,82,82,1,0.0005515259108506143,0.004985810723155737,501,1,0.001454234472475946,0.01258933823555708,291,1,0.008837259374558926,0.012912789359688759,99,1,0.001689941855147481,0.009130364283919334,359
138,2.76,83,83,1,0.0005928667960688472,0.005057605914771557,548,1,0.001986292889341712,0.0069273775443434715,196,1,0.007562925107777119,0.013312608934938908,100,1,0.0002057059609796852,0.0064201923087239265,339
139,2.78,83,83,1,0.0005928667960688472,0.005057605914771557,548,1,0.001986292889341712,0.0069273775443434715,196,1,0.007562925107777119,0.013312608934938908,100,1,0.0002057059609796852,0.0064201923087239265,339
140,2.8,84,84,1,0.0007586246356368065,0.0027972054667770863,526,1,0.0016830222448334098,0.011366330087184906,251,1,0.009142808616161346,0.015278827399015427,94,1,0.001334966393187642,0.005396462045609951,328
141,2.82,85,85,1,0.0010356458369642496,0.00450141541659832,554,1,0.0017230293015018106,0.011583151295781136,277,1,0.01733129285275936,0.02281450480222702,45,1,0.0009692859603092074,0.0067826868034899235,339
142,2.84,85,85,1,0.0010356458369642496,0.00450141541659832,554,1,0.0017230293015018106,0.011583151295781136,277,1,0.01733129285275936,0.02281450480222702,45,1,0.0009692859603092074,0.0067826868034899235,339
143,2.86,86,86,1,0.0013975322945043445,0.0031753776129335165,552,1,0.0030507410410791636,0.013004780746996403,308,1,0.020505152642726898,0.02604355849325657,29,1,0.0014278467278927565,0.005940531380474567,320
144,2.88,86,86,1,0.0013975322945043445,0.0031753776129335165,552,1,0.0030507410410791636,0.013004780746996403,308,1,0.020505152642726898,0.02604355849325657,29,1,0.0014278467278927565,0.005940531380474567,320
145,2.9,87,87,1,0.00045788619900122285,0.0033687122631818056,555,1,0.0016774892574176192,0.012833647429943085,321,1,0.02759740501642227,0.032683271914720535,8,1,0.0011052966583520174,0.005410980433225632,314
146,2.92,88,88,1,0.001262374804355204,0.004572118166834116,552,1,0.0024730348959565163,0.012284979224205017,299,1,0.016315480694174767,0.021873388439416885,38,1,0.0005783400847576559,0.003608767641708255,338
147,2.94,88,88,1,0.001262374804355204,0.004572118166834116,552,1,0.0024730348959565163,0.012284979224205017,299,1,0.016315480694174767,0.021873388439416885,38,1,0.0005783400847576559,0.003608767641708255,338
148,2.96,89,89,1,0.0007617133669555187,0.004120161756873131,552,1,0.002127669984474778,0.009581778198480606,219,1,0.015138842165470123,0.02032933570444584,47,1,0.00015586409426759928,0.0038895870093256235,344
149,2.98,89,89,1,0.0007617133669555187,0.004120161756873131,552,1,0.002127669984474778,0.009581778198480606,219,1,0.015138842165470123,0.02032933570444584,47,1,0.00015586409426759928,0.0038895870093256235,344
150,3.0,90,90,1,0.0007415905129164457,0.0024487797636538744,549,1,0.0017674615373834968,0.007416205480694771,127,1,0.014890022575855255,0.02001849003136158,46,1,0.001573108253069222,0.004010205157101154,339
151,3.02,91,91,1,0.0013279571430757642,0.003023593919351697,553,1,0.0013335576513782144,0.0037993197329342365,101,1,0.013718818314373493,0.018930479884147644,51,1,0.0003503546759020537,0.0074024987407028675,357
152,3.04,91,91,1,0.0013279571430757642,0.003023593919351697,553,1,0.0013335576513782144,0.0037993197329342365,101,1,0.013718818314373493,0.018930479884147644,51,1,0.0003503546759020537,0.0074024987407028675,357
153,3.06,92,92,1,0.0006308381562121212,0.002579187974333763,558,1,0.0017109677428379655,0.003975918982177973,95,1,0.011844524182379246,0.01728430949151516,58,1,0.002060663653537631,0.005593630950897932,365
154,3.08,92,92,1,0.0006308381562121212,0.002579187974333763,558,1,0.0017109677428379655,0.003975918982177973,95,1,0.011844524182379246,0.01728430949151516,58,1,0.002060663653537631,0.005593630950897932,365
155,3.1,93,93,1,0.0008990260539576411,0.0033084447495639324,567,1,0.002818393288180232,0.008588620461523533,112,1,0.01526686828583479,0.020313536748290062,38,1,0.0004487164842430502,0.0037038037553429604,391
156,3.12,94,94,1,0.0009982181945815682,0.009700274094939232,554,1,0.0021194317378103733,0.006613742094486952,125,1,0.0019244448048993945,0.006076024379581213,180,1,0.0011834115721285343,0.001667712931521237,350
157,3.14,94,94,1,0.0009982181945815682,0.009700274094939232,554,1,0.0021194317378103733,0.006613742094486952,125,1,0.0019244448048993945,0.006076024379581213,180,1,0.0011834115721285343,0.001667712931521237,350
158,3.16,95,95,1,0.0017392027657479048,0.0036273961886763573,353,1,0.001394950202666223,0.007966219447553158,128,1,0.001324641634710133,0.004343346692621708,437,1,0.003594119567424059,0.007373888976871967,239
159,3.18,95,95,1,0.0017392027657479048,0.0036273961886763573,353,1,0.001394950202666223,0.007966219447553158,128,1,0.001324641634710133,0.004343346692621708,437,1,0.003594119567424059,0.007373888976871967,239
160,3.2,96,96,1,0.002016589045524597,0.006710498593747616,563,1,0.0010212352499365807,0.006049152929335833,98,1,0.0210147425532341,0.026519304141402245,22,1,0.0015355481300503016,0.004123692866414785,369
161,3.22,97,97,1,0.000611616880632937,0.003792435396462679,520,1,0.0016058390028774738,0.009756323881447315,110,1,0.020144347101449966,0.026122264564037323,29,1,0.001436845981515944,0.005975703708827496,360
162,3.24,97,97,1,0.000611616880632937,0.003792435396462679,520,1,0.0016058390028774738,0.009756323881447315,110,1,0.020144347101449966,0.026122264564037323,29,1,0.001436845981515944,0.005975703708827496,360
163,3.26,98,98,1,0.0008254782296717167,0.005431641824543476,436,1,0.0024739725049585104,0.00914000067859888,134,1,0.0016172876348719,0.007344001904129982,198,1,0.0016056151362136006,0.007627896033227444,304
164,3.28,98,98,1,0.0008254782296717167,0.005431641824543476,436,1,0.0024739725049585104,0.00914000067859888,134,1,0.0016172876348719,0.007344001904129982,198,1,0.0016056151362136006,0.007627896033227444,304
165,3.3,99,99,1,0.001110767014324665,0.007302554789930582,522,1,0.0017795820022001863,0.016680998727679253,163,1,0.01590927131474018,0.02232256345450878,40,1,0.0009204940288327634,0.0023264135234057903,364
166,3.32,100,100,1,0.0012186667881906033,0.0046592941507697105,470,1,0.002373290015384555,0.008254391141235828,138,1,0.0019006383372470737,0.0072927759028971195,320,1,0.0010435855947434902,0.006615073420107365,294
167,3.34,100,100,1,0.0012186667881906033,0.0046592941507697105,470,1,0.002373290015384555,0.008254391141235828,138,1,0.0019006383372470737,0.0072927759028971195,320,1,0.0010435855947434902,0.006615073420107365,294
168,3.36,101,101,1,0.0009457280393689871,0.010646677576005459,549,1,0.0017873087199404836,0.01608288288116455,165,1,0.008393761701881886,0.01513655111193657,109,1,0.0012359790271148086,0.0025184880942106247,393
169,3.38,101,101,1,0.0009457280393689871,0.010646677576005459,549,1,0.0017873087199404836,0.01608288288116455,165,1,0.008393761701881886,0.01513655111193657,109,1,0.0012359790271148086,0.0025184880942106247,393
170,3.4,102,102,1,0.0013417836744338274,0.010079281404614449,543,1,0.0003967562224715948,0.016562242060899734,150,1,0.008586506359279156,0.01570321060717106,94,1,0.0012328445445746183,0.005748814903199673,381
171,3.42,103,103,1,0.0017658467404544353,0.01159091666340828,533,1,0.000978314084932208,0.014504784718155861,138,1,0.0014220597222447395,0.008648433722555637,163,1,0.002095510484650731,0.012799303978681564,315
172,3.44,103,103,1,0.0017658467404544353,0.01159091666340828,533,1,0.000978314084932208,0.014504784718155861,138,1,0.0014220597222447395,0.008648433722555637,163,1,0.002095510484650731,0.012799303978681564,315
173,3.46,104,104,1,0.0012292598839849234,0.006794378161430359,524,1,0.001778215984813869,0.01349809393286705,127,1,0.010532178916037083,0.020105117931962013,84,1,0.0016468021785840392,0.006072652991861105,341
174,3.48,104,104,1,0.0012292598839849234,0.006794378161430359,524,1,0.001778215984813869,0.01349809393286705,127,1,0.010532178916037083,0.020105117931962013,84,1,0.0016468021785840392,0.006072652991861105,341
175,3.5,105,105,1,0.001256450079381466,0.006629873998463154,531,1,0.001478394609875977,0.01200677640736103,106,1,0.0044864690862596035,0.018761280924081802,109,1,0.0008189970976673067,0.004257111810147762,348
176,3.52,106,106,1,0.0016297276597470045,0.006777078378945589,523,1,0.0015378904063254595,0.011666861362755299,105,1,0.006792963948100805,0.01846369542181492,96,1,0.001850766479037702,0.006305897608399391,380
177,3.54,106,106,1,0.0016297276597470045,0.006777078378945589,523,1,0.0015378904063254595,0.011666861362755299,105,1,0.006792963948100805,0.01846369542181492,96,1,0.001850766479037702,0.006305897608399391,380
178,3.56,107,107,1,0.000592272961512208,0.003835148410871625,538,1,0.0020193320233374834,0.0047934697940945625,119,1,0.0009586078813299537,0.020401351153850555,165,1,0.0021956360433250666,0.013317462056875229,189
179,3.58,107,107,1,0.000592272961512208,0.003835148410871625,538,1,0.0020193320233374834,0.0047934697940945625,119,1,0.0009586078813299537,0.020401351153850555,165,1,0.0021956360433250666,0.013317462056875229,189
180,3.6,108,108,1,0.0017506548902019858,0.009503016248345375,535,1,0.0008823873358778656,0.01446488406509161,134,1,0.010028621181845665,0.025171596556901932,90,1,0.0015346857253462076,0.010205110535025597,319
181,3.62,109,109,1,0.0008478570380248129,0.007466367911547422,474,1,0.0024801050312817097,0.014774360693991184,174,1,0.008177803829312325,0.017927097156643867,96,1,0.002248165663331747,0.01075274869799614,335
182,3.64,109,109,1,0.0008478570380248129,0.007466367911547422,474,1,0.0024801050312817097,0.014774360693991184,174,1,0.008177803829312325,0.017927097156643867,96,1,0.002248165663331747,0.01075274869799614,335
183,3.66,110,110,1,0.0007604416459798813,0.002698244759812951,545,1,0.002666110871359706,0.010618552565574646,139,1,0.01675461046397686,0.026395078748464584,41,1,0.0024582073092460632,0.015917809680104256,250
184,3.68,110,110,1,0.0007604416459798813,0.002698244759812951,545,1,0.002666110871359706,0.010618552565574646,139,1,0.01675461046397686,0.026395078748464584,41,1,0.0024582073092460632,0.015917809680104256,250
185,3.7,111,111,1,0.000936030934099108,0.0024913870729506016,522,1,0.0027310685254633427,0.005105653312057257,156,1,0.016469666734337807,0.023571742698550224,43,1,0.0017546317540109158,0.015564150176942348,248
186,3.72,112,112,1,0.0007547899149358273,0.004041801206767559,530,1,0.0022555470932275057,0.005598975345492363,151,1,0.014742479659616947,0.02128375880420208,50,1,0.0020981268025934696,0.012541452422738075,280
187,3.74,112,112,1,0.0007547899149358273,0.004041801206767559,530,1,0.0022555470932275057,0.005598975345492363,151,1,0.014742479659616947,0.02128375880420208,50,1,0.0020981268025934696,0.012541452422738075,280
188,3.76,113,113,1,0.0019040590850636363,0.009492777287960052,518,1,0.0011933210771530867,0.01045905239880085,141,1,0.010710790753364563,0.01715315878391266,79,1,0.001685888390056789,0.008729653432965279,316
189,3.78,113,113,1,0.0019040590850636363,0.009492777287960052,518,1,0.0011933210771530867,0.01045905239880085,141,1,0.010710790753364563,0.01715315878391266,79,1,0.001685888390056789,0.008729653432965279,316
190,3.8,114,114,1,0.0006377529352903366,0.006390206515789032,463,1,0.0019793990068137646,0.015348288230597973,192,1,0.011533450335264206,0.015188552439212799,102,1,0.0015494213439524174,0.007165446877479553,323
191,3.82,115,115,1,0.0017819273052737117,0.010869077406823635,389,1,0.0031824493780732155,0.011946458369493484,185,1,0.0020222363527864218,0.006420481950044632,190,1,0.001925518736243248,0.006546326447278261,359
192,3.84,115,115,1,0.0017819273052737117,0.010869077406823635,389,1,0.0031824493780732155,0.011946458369493484,185,1,0.0020222363527864218,0.006420481950044632,190,1,0.001925518736243248,0.006546326447278261,359
193,3.86,116,116,1,0.0009985596407204866,0.0035475995391607285,331,1,0.0010777160059660673,0.006943074986338615,184,1,0.0010745342588052154,0.004348143935203552,228,1,0.0017712116241455078,0.007581322453916073,357
194,3.88,116,116,1,0.0009985596407204866,0.0035475995391607285,331,1,0.0010777160059660673,0.006943074986338615,184,1,0.0010745342588052154,0.004348143935203552,228,1,0.0017712116241455078,0.007581322453916073,357
195,3.9,117,117,1,0.0010558092035353184,0.0028944998048245907,295,1,0.0013413510750979185,0.01025947742164135,112,1,0.001140613341704011,0.006789219565689564,231,1,0.0010778139112517238,0.007517348974943161,356
196,3.92,118,118,1,0.010105849243700504,0.012820540927350521,149,1,0.004342798143625259,0.008265024982392788,86,1,0.0010170103050768375,0.005639547482132912,162,1,0.001442244159989059,0.010788505896925926,262
197,3.94,118,118,1,0.010105849243700504,0.012820540927350521,149,1,0.004342798143625259,0.008265024982392788,86,1,0.0010170103050768375,0.005639547482132912,162,1,0.001442244159989059,0.010788505896925926,262
198,3.96,119,119,0,0.04879806935787201,0.05153120309114456,0,1,0.01685512810945511,0.024518895894289017,81,0,0.0303527619689703,0.03215523064136505,0,1,0.004183778073638678,0.01597529463469982,95
199,3.98,119,119,0,0.04879806935787201,0.05153120309114456,0,1,0.01685512810945511,0.024518895894289017,81,0,0.0303527619689703,0.03215523064136505,0,1,0.004183778073638678,0.01597529463469982,95
200,4.0,120,120,0,0.09280779212713242,0.0955761969089508,0,1,0.01374670211225748,0.017420198768377304,61,0,0.07772916555404663,0.08109644800424576,0,1,0.024044185876846313,0.02651294134557247,14
201,4.02,120,120,0,0.09280779212713242,0.0955761969089508,0,1,0.01374670211225748,0.017420198768377304,61,0,0.07772916555404663,0.08109644800424576,0,1,0.024044185876846313,0.02651294134557247,14
