ordinal	case_id	object_key	retarget_variant_id	arm	wave	worker	execution_profile	assigned_gpu	gpu_id	target_task	target_scene	trajectory	trajectory_sha256	contact_mask	contact_mask_sha256	override_id	override_path	override_sha256	scene_act	scene_name	effective_scene_sha256	scene_act_meta_path	scene_act_meta_sha256	meta_repair_action	resolved_euler_convention	compiled_xml_axis_sequence	reference_contract_version	compiled_physical_sha256	axis_target_vs_raw_ori_err_deg_max	axis_target_vs_raw_pos_err_cm_max	kp_pos	kp_rot	gravcomp	cem_samples	cem_opt_steps	cem_seed	extra_overrides	e194_variant	e194_result_npz	e194_outdir_npz	e194_config_act	e194_config_sha256	e194_video	e194_log	variant	result_npz	outdir_npz	config_act	video	log	status	failure_mode	execution_mode	updated_at
1	box001_20231003_2_041_p1	box001	omnirt_v1	G1_reference_corrected	wave0	local-gpu0	local-gpu0	0	0	dcv3_omnirt_v1_ref_fk_box001_20231003_2_041_p1	example_datasets/processed/core4d/unitree_g1/humanoid_object/dcv3_omnirt_v1_ref_fk_box001_20231003_2_041_p1/scene.xml	example_datasets/processed/core4d/unitree_g1/humanoid_object/dcv3_omnirt_v1_ref_fk_box001_20231003_2_041_p1/0/trajectory_kinematic.npz	bbb14f9d630e6ee1ab27ecb5d94c7b5db2b845e29e1ed5710f13a613c07df948	workspace/core4d/results/E173/s3_retarget/omnirt_v1/ref_fk/results/omnirt_v1_ref_fk/contact_masks/dcv3_omnirt_v1_ref_fk_box001_20231003_2_041_p1/raw_contact_mask_3cm.npz	5b08eb55c2d3461997b223fae1ed57563fb14e2d7be3fa15be30a8430cb8b84b	core4d_E173_box001_20231003_2_041_p1_PRG	examples/config/override/core4d_E173_box001_20231003_2_041_p1_PRG.yaml	d4c2737796e2ea96df42f54fd88518dd5fcb6bf71b4de812173d98fa94273327	example_datasets/processed/core4d/unitree_g1/humanoid_object/dcv3_omnirt_v1_ref_fk_box001_20231003_2_041_p1/scene_act_E194_G1_expansion_rubberHull_PRG_gravcomp.xml	scene_act_E194_G1_expansion_rubberHull_PRG_gravcomp	7de10ee3d4108fac2fcbe4134ede29fd357e13358d07c5e4833351b28b6096c4	example_datasets/processed/core4d/unitree_g1/humanoid_object/dcv3_omnirt_v1_ref_fk_box001_20231003_2_041_p1/scene_act_meta.json	0a2150f97b0253275bef08d1f3643e86feb44005054aaa1e7b0ac4571de1e70c	generated_from_compiled_axes	XZY	XZY	E196-v1-fail-closed-compiled-axis	a969fc2dc69bed3ba014c32efccd83b51421e643c0737957e97e69a6a8b946ee	2.4148365394514667e-06	6.690187733356917e-14	500.0	50.0	1.0	1024	32	0	scene_name=scene_act_E194_G1_expansion_rubberHull_PRG_gravcomp	E194_box001_20231003_2_041_p1_G1_expansion	workspace/core4d/results/E194/s6_downstream/cem/full_g1_expansion/E194_box001_20231003_2_041_p1_G1_expansion.npz	workspace/core4d/results/E194/s6_downstream/cem/full_g1_expansion/E194_box001_20231003_2_041_p1_G1_expansion_outdir/trajectory_mjwp_act.npz	workspace/core4d/results/E194/s6_downstream/cem/full_g1_expansion/E194_box001_20231003_2_041_p1_G1_expansion_outdir/config_act.yaml	1c3d74e1e29539be53f43131ef6ac06037f490c816346c40f2d5d8f2b7da8a31	workspace/core4d/results/E194/s6_downstream/render/full_g1_expansion/E194_box001_20231003_2_041_p1_G1_expansion.mp4	logs/E194/cem/full_g1_expansion/E194_box001_20231003_2_041_p1_G1_expansion.log	E196_box001_20231003_2_041_p1_G1_reference_fix	workspace/core4d/results/E196/s6_downstream/cem/full_reference_fix/E196_box001_20231003_2_041_p1_G1_reference_fix.npz	workspace/core4d/results/E196/s6_downstream/cem/full_reference_fix/E196_box001_20231003_2_041_p1_G1_reference_fix_outdir/trajectory_mjwp_act.npz	workspace/core4d/results/E196/s6_downstream/cem/full_reference_fix/E196_box001_20231003_2_041_p1_G1_reference_fix_outdir/config_act.yaml	workspace/core4d/results/E196/s6_downstream/render/full_reference_fix/E196_box001_20231003_2_041_p1_G1_reference_fix.mp4	logs/E196/cem/full_reference_fix/E196_box001_20231003_2_041_p1_G1_reference_fix.log	run_complete_pending_eval		wave0	2026-08-12T03:32:36+08:00
2	box001_20231003_1_039_p1	box001	omnirt_v1	G1_reference_corrected	remaining	local-gpu0	local-gpu0	0	0	dcv3_omnirt_v1_ref_fk_box001_20231003_1_039_p1	example_datasets/processed/core4d/unitree_g1/humanoid_object/dcv3_omnirt_v1_ref_fk_box001_20231003_1_039_p1/scene.xml	example_datasets/processed/core4d/unitree_g1/humanoid_object/dcv3_omnirt_v1_ref_fk_box001_20231003_1_039_p1/0/trajectory_kinematic.npz	e199d8f2f55179e98cef6cdbe52ebc954ba033d1ee4bd795756d850a309e94a0	workspace/core4d/results/E173/s3_retarget/omnirt_v1/ref_fk/results/omnirt_v1_ref_fk/contact_masks/dcv3_omnirt_v1_ref_fk_box001_20231003_1_039_p1/raw_contact_mask_3cm.npz	a169c93200db65c7eb58970e3f06d8881d6eac16ba6cf327433b6abd83b4ba25	core4d_E173_box001_20231003_1_039_p1_PRG	examples/config/override/core4d_E173_box001_20231003_1_039_p1_PRG.yaml	836f51c4c350109522b4a48ef8c59e10a00e6b41698e45f7437d37e747067e52	example_datasets/processed/core4d/unitree_g1/humanoid_object/dcv3_omnirt_v1_ref_fk_box001_20231003_1_039_p1/scene_act_E194_G1_expansion_rubberHull_PRG_gravcomp.xml	scene_act_E194_G1_expansion_rubberHull_PRG_gravcomp	977b508af57d7efc505715d87d07d63db3c9a5fd36ebe948a72d0894fb186a38	example_datasets/processed/core4d/unitree_g1/humanoid_object/dcv3_omnirt_v1_ref_fk_box001_20231003_1_039_p1/scene_act_meta.json	0a2150f97b0253275bef08d1f3643e86feb44005054aaa1e7b0ac4571de1e70c	generated_from_compiled_axes	XZY	XZY	E196-v1-fail-closed-compiled-axis	950f5f8e45da8bf779755f8c205bf1b6238d669ae004a3262b9d4f90a316b6cf	1.7075472925031877e-06	7.021666937153403e-14	500.0	50.0	1.0	1024	32	0	scene_name=scene_act_E194_G1_expansion_rubberHull_PRG_gravcomp	E194_box001_20231003_1_039_p1_G1_expansion	workspace/core4d/results/E194/s6_downstream/cem/full_g1_expansion/E194_box001_20231003_1_039_p1_G1_expansion.npz	workspace/core4d/results/E194/s6_downstream/cem/full_g1_expansion/E194_box001_20231003_1_039_p1_G1_expansion_outdir/trajectory_mjwp_act.npz	workspace/core4d/results/E194/s6_downstream/cem/full_g1_expansion/E194_box001_20231003_1_039_p1_G1_expansion_outdir/config_act.yaml	ad8b695ccafe59b88ac90ca6801965996e5efcd44b8d4a375f4cd8e551d228f4	workspace/core4d/results/E194/s6_downstream/render/full_g1_expansion/E194_box001_20231003_1_039_p1_G1_expansion.mp4	logs/E194/cem/full_g1_expansion/E194_box001_20231003_1_039_p1_G1_expansion.log	E196_box001_20231003_1_039_p1_G1_reference_fix	workspace/core4d/results/E196/s6_downstream/cem/full_reference_fix/E196_box001_20231003_1_039_p1_G1_reference_fix.npz	workspace/core4d/results/E196/s6_downstream/cem/full_reference_fix/E196_box001_20231003_1_039_p1_G1_reference_fix_outdir/trajectory_mjwp_act.npz	workspace/core4d/results/E196/s6_downstream/cem/full_reference_fix/E196_box001_20231003_1_039_p1_G1_reference_fix_outdir/config_act.yaml	workspace/core4d/results/E196/s6_downstream/render/full_reference_fix/E196_box001_20231003_1_039_p1_G1_reference_fix.mp4	logs/E196/cem/full_reference_fix/E196_box001_20231003_1_039_p1_G1_reference_fix.log	run_complete_pending_eval		remaining	2026-08-12T12:37:51+08:00
3	box001_20231003_1_041_p1	box001	omnirt_v2	G1_reference_corrected	remaining	local-gpu0	local-gpu0	0	0	dcv3_omnirt_v2_ref_fk_box001_20231003_1_041_p1	example_datasets/processed/core4d/unitree_g1/humanoid_object/dcv3_omnirt_v2_ref_fk_box001_20231003_1_041_p1/scene.xml	example_datasets/processed/core4d/unitree_g1/humanoid_object/dcv3_omnirt_v2_ref_fk_box001_20231003_1_041_p1/0/trajectory_kinematic.npz	34765c4de314ed17edd53a2afab0aa18abd0315f6298cb459594aa75bf36f3b7	workspace/core4d/results/E173/s3_retarget/omnirt_v2/ref_fk/results/omnirt_v2_ref_fk/contact_masks/dcv3_omnirt_v2_ref_fk_box001_20231003_1_041_p1/raw_contact_mask_3cm.npz	7bb8e148f043243a5519521fc70fbd5658141d15f86f7765ff6c97a2d339cf66	core4d_E173_box001_20231003_1_041_p1_PRG	examples/config/override/core4d_E173_box001_20231003_1_041_p1_PRG.yaml	36d769db516bd0118d2a05911802fac9359e26be72aac290ad0b11456558fbb0	example_datasets/processed/core4d/unitree_g1/humanoid_object/dcv3_omnirt_v2_ref_fk_box001_20231003_1_041_p1/scene_act_E194_G1_expansion_rubberHull_PRG_gravcomp.xml	scene_act_E194_G1_expansion_rubberHull_PRG_gravcomp	8ac0a17569c29148af7a002b353f8a237ac6282dce2ba040fbab7bc3f36afb88	example_datasets/processed/core4d/unitree_g1/humanoid_object/dcv3_omnirt_v2_ref_fk_box001_20231003_1_041_p1/scene_act_meta.json	75edfa8c21cd66ad755820b38e88965b10f11e9860e4c9e529415ac4d608d4b9	generated_from_compiled_axes	ZYX	ZYX	E196-v1-fail-closed-compiled-axis	16b264245ceeb20b8615ed121ecf0277cfb3d5f1d08e2b257ebf9652b2f87995	2.9575586669421963e-06	8.08254562088053e-14	500.0	50.0	1.0	1024	32	0	scene_name=scene_act_E194_G1_expansion_rubberHull_PRG_gravcomp	E194_box001_20231003_1_041_p1_G1_expansion	workspace/core4d/results/E194/s6_downstream/cem/full_g1_expansion/E194_box001_20231003_1_041_p1_G1_expansion.npz	workspace/core4d/results/E194/s6_downstream/cem/full_g1_expansion/E194_box001_20231003_1_041_p1_G1_expansion_outdir/trajectory_mjwp_act.npz	workspace/core4d/results/E194/s6_downstream/cem/full_g1_expansion/E194_box001_20231003_1_041_p1_G1_expansion_outdir/config_act.yaml	56a39122b142fe9e2a55481938d1d89c0c22e0e5194f6e858c1ea8351bf1b39a	workspace/core4d/results/E194/s6_downstream/render/full_g1_expansion/E194_box001_20231003_1_041_p1_G1_expansion.mp4	logs/E194/cem/full_g1_expansion/E194_box001_20231003_1_041_p1_G1_expansion.log	E196_box001_20231003_1_041_p1_G1_reference_fix	workspace/core4d/results/E196/s6_downstream/cem/full_reference_fix/E196_box001_20231003_1_041_p1_G1_reference_fix.npz	workspace/core4d/results/E196/s6_downstream/cem/full_reference_fix/E196_box001_20231003_1_041_p1_G1_reference_fix_outdir/trajectory_mjwp_act.npz	workspace/core4d/results/E196/s6_downstream/cem/full_reference_fix/E196_box001_20231003_1_041_p1_G1_reference_fix_outdir/config_act.yaml	workspace/core4d/results/E196/s6_downstream/render/full_reference_fix/E196_box001_20231003_1_041_p1_G1_reference_fix.mp4	logs/E196/cem/full_reference_fix/E196_box001_20231003_1_041_p1_G1_reference_fix.log	run_complete_pending_eval		remaining	2026-08-12T13:04:47+08:00
4	box001_20231003_2_037_p1	box001	omnirt_v1	G1_reference_corrected	remaining	local-gpu0	local-gpu0	0	0	dcv3_omnirt_v1_ref_fk_box001_20231003_2_037_p1	example_datasets/processed/core4d/unitree_g1/humanoid_object/dcv3_omnirt_v1_ref_fk_box001_20231003_2_037_p1/scene.xml	example_datasets/processed/core4d/unitree_g1/humanoid_object/dcv3_omnirt_v1_ref_fk_box001_20231003_2_037_p1/0/trajectory_kinematic.npz	4539ce4f62042ec1e56efe17073715ad01b7c3a1e9fa7c9f1581c5ddeca5bd0d	workspace/core4d/results/E173/s3_retarget/omnirt_v1/ref_fk/results/omnirt_v1_ref_fk/contact_masks/dcv3_omnirt_v1_ref_fk_box001_20231003_2_037_p1/raw_contact_mask_3cm.npz	8bcd43b3255f0a6b263fff0207293a936e55f92a7175708bfd3d33d0d9d59c3c	core4d_E173_box001_20231003_2_037_p1_PRG	examples/config/override/core4d_E173_box001_20231003_2_037_p1_PRG.yaml	4b843a276e90202ffb9babd8e6d9729a95ff8bc9da02799582c4870a989a8178	example_datasets/processed/core4d/unitree_g1/humanoid_object/dcv3_omnirt_v1_ref_fk_box001_20231003_2_037_p1/scene_act_E194_G1_expansion_rubberHull_PRG_gravcomp.xml	scene_act_E194_G1_expansion_rubberHull_PRG_gravcomp	3e9a3d684b9568960895d3413fa44b52ab3035018eb9c3823419a7606949f891	example_datasets/processed/core4d/unitree_g1/humanoid_object/dcv3_omnirt_v1_ref_fk_box001_20231003_2_037_p1/scene_act_meta.json	0a2150f97b0253275bef08d1f3643e86feb44005054aaa1e7b0ac4571de1e70c	generated_from_compiled_axes	XZY	XZY	E196-v1-fail-closed-compiled-axis	5c7cbe725d7253575516ec57b11a64236873cd909d3ee174c0a291075eacb8f1	1.7075472925031877e-06	2.7194799110210365e-14	500.0	50.0	1.0	1024	32	0	scene_name=scene_act_E194_G1_expansion_rubberHull_PRG_gravcomp	E194_box001_20231003_2_037_p1_G1_expansion	workspace/core4d/results/E194/s6_downstream/cem/full_g1_expansion/E194_box001_20231003_2_037_p1_G1_expansion.npz	workspace/core4d/results/E194/s6_downstream/cem/full_g1_expansion/E194_box001_20231003_2_037_p1_G1_expansion_outdir/trajectory_mjwp_act.npz	workspace/core4d/results/E194/s6_downstream/cem/full_g1_expansion/E194_box001_20231003_2_037_p1_G1_expansion_outdir/config_act.yaml	2f5f7ab3651717477b9dc79cfc647ca3a1e9a5cebb498a0f67e1eab57ef90c65	workspace/core4d/results/E194/s6_downstream/render/full_g1_expansion/E194_box001_20231003_2_037_p1_G1_expansion.mp4	logs/E194/cem/full_g1_expansion/E194_box001_20231003_2_037_p1_G1_expansion.log	E196_box001_20231003_2_037_p1_G1_reference_fix	workspace/core4d/results/E196/s6_downstream/cem/full_reference_fix/E196_box001_20231003_2_037_p1_G1_reference_fix.npz	workspace/core4d/results/E196/s6_downstream/cem/full_reference_fix/E196_box001_20231003_2_037_p1_G1_reference_fix_outdir/trajectory_mjwp_act.npz	workspace/core4d/results/E196/s6_downstream/cem/full_reference_fix/E196_box001_20231003_2_037_p1_G1_reference_fix_outdir/config_act.yaml	workspace/core4d/results/E196/s6_downstream/render/full_reference_fix/E196_box001_20231003_2_037_p1_G1_reference_fix.mp4	logs/E196/cem/full_reference_fix/E196_box001_20231003_2_037_p1_G1_reference_fix.log	run_complete_pending_eval		remaining	2026-08-12T13:24:38+08:00
5	box001_20231003_2_039_p1	box001	omnirt_v2	G1_reference_corrected	remaining	local-gpu0	local-gpu0	0	0	dcv3_omnirt_v2_ref_fk_box001_20231003_2_039_p1	example_datasets/processed/core4d/unitree_g1/humanoid_object/dcv3_omnirt_v2_ref_fk_box001_20231003_2_039_p1/scene.xml	example_datasets/processed/core4d/unitree_g1/humanoid_object/dcv3_omnirt_v2_ref_fk_box001_20231003_2_039_p1/0/trajectory_kinematic.npz	cc5a55ff79c38c04b222ef53f6191ef0425346977e29d65bdbedefea2df89a1f	workspace/core4d/results/E173/s3_retarget/omnirt_v2/ref_fk/results/omnirt_v2_ref_fk/contact_masks/dcv3_omnirt_v2_ref_fk_box001_20231003_2_039_p1/raw_contact_mask_3cm.npz	17c76c33c09d283f4cf1fba40f5224340fcdcc9d12119495a105e2529ae81ce6	core4d_E173_box001_20231003_2_039_p1_PRG	examples/config/override/core4d_E173_box001_20231003_2_039_p1_PRG.yaml	7703576a57829391510ea6f816c6b4a92aac56e5db766fe316c18f42355929d2	example_datasets/processed/core4d/unitree_g1/humanoid_object/dcv3_omnirt_v2_ref_fk_box001_20231003_2_039_p1/scene_act_E194_G1_expansion_rubberHull_PRG_gravcomp.xml	scene_act_E194_G1_expansion_rubberHull_PRG_gravcomp	3d9aa9006e0b853e2870b5729516cb7a034c5981396af94f40668f0a6ce70a3b	example_datasets/processed/core4d/unitree_g1/humanoid_object/dcv3_omnirt_v2_ref_fk_box001_20231003_2_039_p1/scene_act_meta.json	0a2150f97b0253275bef08d1f3643e86feb44005054aaa1e7b0ac4571de1e70c	generated_from_compiled_axes	XZY	XZY	E196-v1-fail-closed-compiled-axis	be12d964c9abaf091301fa476cb1980ce38c739d88728a2e34af9281c31686e5	2.4148365394514667e-06	2.5438405243138007e-14	500.0	50.0	1.0	1024	32	0	scene_name=scene_act_E194_G1_expansion_rubberHull_PRG_gravcomp	E194_box001_20231003_2_039_p1_G1_expansion	workspace/core4d/results/E194/s6_downstream/cem/full_g1_expansion/E194_box001_20231003_2_039_p1_G1_expansion.npz	workspace/core4d/results/E194/s6_downstream/cem/full_g1_expansion/E194_box001_20231003_2_039_p1_G1_expansion_outdir/trajectory_mjwp_act.npz	workspace/core4d/results/E194/s6_downstream/cem/full_g1_expansion/E194_box001_20231003_2_039_p1_G1_expansion_outdir/config_act.yaml	0de90dbab6f197f124ea68c5e06d20ce520b046233cf473d9eb6ae957ca36441	workspace/core4d/results/E194/s6_downstream/render/full_g1_expansion/E194_box001_20231003_2_039_p1_G1_expansion.mp4	logs/E194/cem/full_g1_expansion/E194_box001_20231003_2_039_p1_G1_expansion.log	E196_box001_20231003_2_039_p1_G1_reference_fix	workspace/core4d/results/E196/s6_downstream/cem/full_reference_fix/E196_box001_20231003_2_039_p1_G1_reference_fix.npz	workspace/core4d/results/E196/s6_downstream/cem/full_reference_fix/E196_box001_20231003_2_039_p1_G1_reference_fix_outdir/trajectory_mjwp_act.npz	workspace/core4d/results/E196/s6_downstream/cem/full_reference_fix/E196_box001_20231003_2_039_p1_G1_reference_fix_outdir/config_act.yaml	workspace/core4d/results/E196/s6_downstream/render/full_reference_fix/E196_box001_20231003_2_039_p1_G1_reference_fix.mp4	logs/E196/cem/full_reference_fix/E196_box001_20231003_2_039_p1_G1_reference_fix.log	run_complete_pending_eval		remaining	2026-08-12T13:45:31+08:00
6	box001_20231023_107_p2	box001	omnirt_v1	G1_reference_corrected	remaining	local-gpu0	local-gpu0	0	0	dcv3_omnirt_v1_ref_fk_box001_20231023_107_p2	example_datasets/processed/core4d/unitree_g1/humanoid_object/dcv3_omnirt_v1_ref_fk_box001_20231023_107_p2/scene.xml	example_datasets/processed/core4d/unitree_g1/humanoid_object/dcv3_omnirt_v1_ref_fk_box001_20231023_107_p2/0/trajectory_kinematic.npz	f75cd1a3eb31859c35c942be45fc05e87f6d8237330546b7c2092a2a12166376	workspace/core4d/results/E173/s3_retarget/omnirt_v1/ref_fk/results/omnirt_v1_ref_fk/contact_masks/dcv3_omnirt_v1_ref_fk_box001_20231023_107_p2/raw_contact_mask_3cm.npz	a7382d783f94314e9243fb12c081414b4652edb0ff98c61278946d74add0b706	core4d_E173_box001_20231023_107_p2_PRG	examples/config/override/core4d_E173_box001_20231023_107_p2_PRG.yaml	e01d33d70ffd07d3895bb50dd6df91878e9ac7fc0233732165c2e94cf5ebb6d2	example_datasets/processed/core4d/unitree_g1/humanoid_object/dcv3_omnirt_v1_ref_fk_box001_20231023_107_p2/scene_act_E194_G1_expansion_rubberHull_PRG_gravcomp.xml	scene_act_E194_G1_expansion_rubberHull_PRG_gravcomp	e26629bb3ce495d6cae0a18c92fcee4b866b6f380dd867f35b555363ddcea67b	example_datasets/processed/core4d/unitree_g1/humanoid_object/dcv3_omnirt_v1_ref_fk_box001_20231023_107_p2/scene_act_meta.json	0a2150f97b0253275bef08d1f3643e86feb44005054aaa1e7b0ac4571de1e70c	generated_from_compiled_axes	XZY	XZY	E196-v1-fail-closed-compiled-axis	934b3ec3e200dba77da006d9e241bc0290c69e9dacbea01b753caed63101878d	2.4148365394514667e-06	5.034405433428661e-14	500.0	50.0	1.0	1024	32	0	scene_name=scene_act_E194_G1_expansion_rubberHull_PRG_gravcomp	E194_box001_20231023_107_p2_G1_expansion	workspace/core4d/results/E194/s6_downstream/cem/full_g1_expansion/E194_box001_20231023_107_p2_G1_expansion.npz	workspace/core4d/results/E194/s6_downstream/cem/full_g1_expansion/E194_box001_20231023_107_p2_G1_expansion_outdir/trajectory_mjwp_act.npz	workspace/core4d/results/E194/s6_downstream/cem/full_g1_expansion/E194_box001_20231023_107_p2_G1_expansion_outdir/config_act.yaml	1218700a2fe16b7fb8a01f51ab375978c6aef060bc696b11a8165835265bc041	workspace/core4d/results/E194/s6_downstream/render/full_g1_expansion/E194_box001_20231023_107_p2_G1_expansion.mp4	logs/E194/cem/full_g1_expansion/E194_box001_20231023_107_p2_G1_expansion.log	E196_box001_20231023_107_p2_G1_reference_fix	workspace/core4d/results/E196/s6_downstream/cem/full_reference_fix/E196_box001_20231023_107_p2_G1_reference_fix.npz	workspace/core4d/results/E196/s6_downstream/cem/full_reference_fix/E196_box001_20231023_107_p2_G1_reference_fix_outdir/trajectory_mjwp_act.npz	workspace/core4d/results/E196/s6_downstream/cem/full_reference_fix/E196_box001_20231023_107_p2_G1_reference_fix_outdir/config_act.yaml	workspace/core4d/results/E196/s6_downstream/render/full_reference_fix/E196_box001_20231023_107_p2_G1_reference_fix.mp4	logs/E196/cem/full_reference_fix/E196_box001_20231023_107_p2_G1_reference_fix.log	run_complete_pending_eval		remaining	2026-08-12T14:05:30+08:00
7	box001_20231023_109_p2	box001	omnirt_v1	G1_reference_corrected	remaining	local-gpu0	local-gpu0	0	0	dcv3_omnirt_v1_ref_fk_box001_20231023_109_p2	example_datasets/processed/core4d/unitree_g1/humanoid_object/dcv3_omnirt_v1_ref_fk_box001_20231023_109_p2/scene.xml	example_datasets/processed/core4d/unitree_g1/humanoid_object/dcv3_omnirt_v1_ref_fk_box001_20231023_109_p2/0/trajectory_kinematic.npz	64b913737ea733d1079c976d507cf9f7f1ea4731a0362cae7a6e51ed699102f1	workspace/core4d/results/E173/s3_retarget/omnirt_v1/ref_fk/results/omnirt_v1_ref_fk/contact_masks/dcv3_omnirt_v1_ref_fk_box001_20231023_109_p2/raw_contact_mask_3cm.npz	3159e08757fbc07f86c0a54fb745d870bf204e0768e19793eb75782c831e3f20	core4d_E173_box001_20231023_109_p2_PRG	examples/config/override/core4d_E173_box001_20231023_109_p2_PRG.yaml	8d2fa8676bbcb82402cd8967ad8c60a88cf745913e1afeeb2adcd54f951caed6	example_datasets/processed/core4d/unitree_g1/humanoid_object/dcv3_omnirt_v1_ref_fk_box001_20231023_109_p2/scene_act_E194_G1_expansion_rubberHull_PRG_gravcomp.xml	scene_act_E194_G1_expansion_rubberHull_PRG_gravcomp	1d18716e875a9ad81ed0b1724c6ccd5c7eee058b00bf54887cddcaa51a5338d2	example_datasets/processed/core4d/unitree_g1/humanoid_object/dcv3_omnirt_v1_ref_fk_box001_20231023_109_p2/scene_act_meta.json	75edfa8c21cd66ad755820b38e88965b10f11e9860e4c9e529415ac4d608d4b9	generated_from_compiled_axes	ZYX	ZYX	E196-v1-fail-closed-compiled-axis	8f958f956491ab26f8bdc7a9b58b920cb2c60e5add762324c14770e1388f17b7	2.4148365394514667e-06	4.4475278790663195e-14	500.0	50.0	1.0	1024	32	0	scene_name=scene_act_E194_G1_expansion_rubberHull_PRG_gravcomp	E194_box001_20231023_109_p2_G1_expansion	workspace/core4d/results/E194/s6_downstream/cem/full_g1_expansion/E194_box001_20231023_109_p2_G1_expansion.npz	workspace/core4d/results/E194/s6_downstream/cem/full_g1_expansion/E194_box001_20231023_109_p2_G1_expansion_outdir/trajectory_mjwp_act.npz	workspace/core4d/results/E194/s6_downstream/cem/full_g1_expansion/E194_box001_20231023_109_p2_G1_expansion_outdir/config_act.yaml	4e0e64d93ed48a385e0ebdabe4cff3bf586a3bb5166ccfff718260427655dd04	workspace/core4d/results/E194/s6_downstream/render/full_g1_expansion/E194_box001_20231023_109_p2_G1_expansion.mp4	logs/E194/cem/full_g1_expansion/E194_box001_20231023_109_p2_G1_expansion.log	E196_box001_20231023_109_p2_G1_reference_fix	workspace/core4d/results/E196/s6_downstream/cem/full_reference_fix/E196_box001_20231023_109_p2_G1_reference_fix.npz	workspace/core4d/results/E196/s6_downstream/cem/full_reference_fix/E196_box001_20231023_109_p2_G1_reference_fix_outdir/trajectory_mjwp_act.npz	workspace/core4d/results/E196/s6_downstream/cem/full_reference_fix/E196_box001_20231023_109_p2_G1_reference_fix_outdir/config_act.yaml	workspace/core4d/results/E196/s6_downstream/render/full_reference_fix/E196_box001_20231023_109_p2_G1_reference_fix.mp4	logs/E196/cem/full_reference_fix/E196_box001_20231023_109_p2_G1_reference_fix.log	run_complete_pending_eval		remaining	2026-08-12T14:28:32+08:00
8	box023_20231008_046_p1	box023	omnirt_v1	G1_reference_corrected	remaining	local-gpu0	local-gpu0	0	0	dcv3_omnirt_v1_ref_fk_box023_20231008_046_p1	example_datasets/processed/core4d/unitree_g1/humanoid_object/dcv3_omnirt_v1_ref_fk_box023_20231008_046_p1/scene.xml	example_datasets/processed/core4d/unitree_g1/humanoid_object/dcv3_omnirt_v1_ref_fk_box023_20231008_046_p1/0/trajectory_kinematic.npz	bb7458209babbecef7fb1083068cf3c11921222426a0e31080e17861a548ee12	workspace/core4d/results/E173/s3_retarget/omnirt_v1/ref_fk/results/omnirt_v1_ref_fk/contact_masks/dcv3_omnirt_v1_ref_fk_box023_20231008_046_p1/raw_contact_mask_3cm.npz	d5af8ac26d64f166e0297eb4ce4ba7972288ebfdd559f410fee782133a742439	core4d_E173_box023_20231008_046_p1_PRG	examples/config/override/core4d_E173_box023_20231008_046_p1_PRG.yaml	89a0dfc541c72855e5b8ebcb90885681f9f9b8abe565935eb311643941e1cdf8	example_datasets/processed/core4d/unitree_g1/humanoid_object/dcv3_omnirt_v1_ref_fk_box023_20231008_046_p1/scene_act_E194_G1_expansion_rubberHull_PRG_gravcomp.xml	scene_act_E194_G1_expansion_rubberHull_PRG_gravcomp	cd50388468445be516c4c3238185aa88100d8c25690770de85fbeca526480de1	example_datasets/processed/core4d/unitree_g1/humanoid_object/dcv3_omnirt_v1_ref_fk_box023_20231008_046_p1/scene_act_meta.json	40cb82c8fe5a3dc06685d3f06832592d5b7db7cd447fd4061c468f4b8e2f4edb	preserved_existing	XZY	XZY	E196-v1-fail-closed-compiled-axis	1eb973b7dc2b4cc4776ad22e3e7d4abdf50f1bcd2570a6fb04b1072fca6b8a38	2.4148365394514667e-06	1.6653345369377348e-14	500.0	50.0	1.0	1024	32	0	scene_name=scene_act_E194_G1_expansion_rubberHull_PRG_gravcomp	E194_box023_20231008_046_p1_G1_expansion	workspace/core4d/results/E194/s6_downstream/cem/full_g1_expansion/E194_box023_20231008_046_p1_G1_expansion.npz	workspace/core4d/results/E194/s6_downstream/cem/full_g1_expansion/E194_box023_20231008_046_p1_G1_expansion_outdir/trajectory_mjwp_act.npz	workspace/core4d/results/E194/s6_downstream/cem/full_g1_expansion/E194_box023_20231008_046_p1_G1_expansion_outdir/config_act.yaml	302b170927d79a7916f5313ba3be173b670952451dae738a338e431cffe576f3	workspace/core4d/results/E194/s6_downstream/render/full_g1_expansion/E194_box023_20231008_046_p1_G1_expansion.mp4	logs/E194/cem/full_g1_expansion/E194_box023_20231008_046_p1_G1_expansion.log	E196_box023_20231008_046_p1_G1_reference_fix	workspace/core4d/results/E196/s6_downstream/cem/full_reference_fix/E196_box023_20231008_046_p1_G1_reference_fix.npz	workspace/core4d/results/E196/s6_downstream/cem/full_reference_fix/E196_box023_20231008_046_p1_G1_reference_fix_outdir/trajectory_mjwp_act.npz	workspace/core4d/results/E196/s6_downstream/cem/full_reference_fix/E196_box023_20231008_046_p1_G1_reference_fix_outdir/config_act.yaml	workspace/core4d/results/E196/s6_downstream/render/full_reference_fix/E196_box023_20231008_046_p1_G1_reference_fix.mp4	logs/E196/cem/full_reference_fix/E196_box023_20231008_046_p1_G1_reference_fix.log	run_complete_pending_eval		remaining	2026-08-12T14:44:25+08:00
9	box023_20231011_021_p1	box023	omnirt_v1	G1_reference_corrected	remaining	local-gpu0	local-gpu0	0	0	dcv3_omnirt_v1_ref_fk_box023_20231011_021_p1	example_datasets/processed/core4d/unitree_g1/humanoid_object/dcv3_omnirt_v1_ref_fk_box023_20231011_021_p1/scene.xml	example_datasets/processed/core4d/unitree_g1/humanoid_object/dcv3_omnirt_v1_ref_fk_box023_20231011_021_p1/0/trajectory_kinematic.npz	269aa1e354e819b134ab5a5c4d9d3b3104ab222e6075c67a45cc4e8fa19ebc19	workspace/core4d/results/E173/s3_retarget/omnirt_v1/ref_fk/results/omnirt_v1_ref_fk/contact_masks/dcv3_omnirt_v1_ref_fk_box023_20231011_021_p1/raw_contact_mask_3cm.npz	490e8f57f2c48a0f164b11f92c4b1727161a25f6f9a8e7ce885b2e44e7530ea6	core4d_E173_box023_20231011_021_p1_PRG	examples/config/override/core4d_E173_box023_20231011_021_p1_PRG.yaml	a2aa5184540c207fef33a8e351dc4c1506d2df34ff1aca5b3de9757cd4eeb4ea	example_datasets/processed/core4d/unitree_g1/humanoid_object/dcv3_omnirt_v1_ref_fk_box023_20231011_021_p1/scene_act_E194_G1_expansion_rubberHull_PRG_gravcomp.xml	scene_act_E194_G1_expansion_rubberHull_PRG_gravcomp	ef89dce0b6b56d7c7fece0d3852eb5a0fcc356a9ba0b4f05640a05dca2d7b4c0	example_datasets/processed/core4d/unitree_g1/humanoid_object/dcv3_omnirt_v1_ref_fk_box023_20231011_021_p1/scene_act_meta.json	8a7721efaa78f204293f777175b4e421eff824d45cb20c1296be39d8db4d1a94	preserved_existing	ZYX	ZYX	E196-v1-fail-closed-compiled-axis	b4db48ca70f597f8beaccf28a4cfc115cb8eefb025e7a63d3d9659631e79a501	1.7075472925031877e-06	1.4499465946348186e-13	500.0	50.0	1.0	1024	32	0	scene_name=scene_act_E194_G1_expansion_rubberHull_PRG_gravcomp	E194_box023_20231011_021_p1_G1_expansion	workspace/core4d/results/E194/s6_downstream/cem/full_g1_expansion/E194_box023_20231011_021_p1_G1_expansion.npz	workspace/core4d/results/E194/s6_downstream/cem/full_g1_expansion/E194_box023_20231011_021_p1_G1_expansion_outdir/trajectory_mjwp_act.npz	workspace/core4d/results/E194/s6_downstream/cem/full_g1_expansion/E194_box023_20231011_021_p1_G1_expansion_outdir/config_act.yaml	16b793493d2aaf31cce2318db4a25bd25d6289376a6ba90a4c4327255befb14a	workspace/core4d/results/E194/s6_downstream/render/full_g1_expansion/E194_box023_20231011_021_p1_G1_expansion.mp4	logs/E194/cem/full_g1_expansion/E194_box023_20231011_021_p1_G1_expansion.log	E196_box023_20231011_021_p1_G1_reference_fix	workspace/core4d/results/E196/s6_downstream/cem/full_reference_fix/E196_box023_20231011_021_p1_G1_reference_fix.npz	workspace/core4d/results/E196/s6_downstream/cem/full_reference_fix/E196_box023_20231011_021_p1_G1_reference_fix_outdir/trajectory_mjwp_act.npz	workspace/core4d/results/E196/s6_downstream/cem/full_reference_fix/E196_box023_20231011_021_p1_G1_reference_fix_outdir/config_act.yaml	workspace/core4d/results/E196/s6_downstream/render/full_reference_fix/E196_box023_20231011_021_p1_G1_reference_fix.mp4	logs/E196/cem/full_reference_fix/E196_box023_20231011_021_p1_G1_reference_fix.log	run_complete_pending_eval		remaining	2026-08-12T15:08:15+08:00
10	box023_20231020_042_p1	box023	omnirt_v1	G1_reference_corrected	remaining	local-gpu0	local-gpu0	0	0	dcv3_omnirt_v1_ref_fk_box023_20231020_042_p1	example_datasets/processed/core4d/unitree_g1/humanoid_object/dcv3_omnirt_v1_ref_fk_box023_20231020_042_p1/scene.xml	example_datasets/processed/core4d/unitree_g1/humanoid_object/dcv3_omnirt_v1_ref_fk_box023_20231020_042_p1/0/trajectory_kinematic.npz	4dba4fa6032e060ca34dac5fe211108d7712c5605fbe62057eabb499b9b43c8f	workspace/core4d/results/E173/s3_retarget/omnirt_v1/ref_fk/results/omnirt_v1_ref_fk/contact_masks/dcv3_omnirt_v1_ref_fk_box023_20231020_042_p1/raw_contact_mask_3cm.npz	6763168a0a71f5777efac919c336ba1dfd979b42b954c5108c7ad0fa4e84cfa9	core4d_E173_box023_20231020_042_p1_PRG	examples/config/override/core4d_E173_box023_20231020_042_p1_PRG.yaml	f10381f7072a4b7ba7e874964812f2fd187572168dc10a3b3d64c1e9e461714f	example_datasets/processed/core4d/unitree_g1/humanoid_object/dcv3_omnirt_v1_ref_fk_box023_20231020_042_p1/scene_act_E194_G1_expansion_rubberHull_PRG_gravcomp.xml	scene_act_E194_G1_expansion_rubberHull_PRG_gravcomp	784c039485e202af84703725bec9cbca908b98477dd31e99dd21364c46592b32	example_datasets/processed/core4d/unitree_g1/humanoid_object/dcv3_omnirt_v1_ref_fk_box023_20231020_042_p1/scene_act_meta.json	40cb82c8fe5a3dc06685d3f06832592d5b7db7cd447fd4061c468f4b8e2f4edb	preserved_existing	XZY	XZY	E196-v1-fail-closed-compiled-axis	23e05d7b9d7d4bba908641b0b0e88a684147133073183957f56808e06d534b80	2.4148365394514667e-06	9.159339953157541e-14	500.0	50.0	1.0	1024	32	0	scene_name=scene_act_E194_G1_expansion_rubberHull_PRG_gravcomp	E194_box023_20231020_042_p1_G1_expansion	workspace/core4d/results/E194/s6_downstream/cem/full_g1_expansion/E194_box023_20231020_042_p1_G1_expansion.npz	workspace/core4d/results/E194/s6_downstream/cem/full_g1_expansion/E194_box023_20231020_042_p1_G1_expansion_outdir/trajectory_mjwp_act.npz	workspace/core4d/results/E194/s6_downstream/cem/full_g1_expansion/E194_box023_20231020_042_p1_G1_expansion_outdir/config_act.yaml	3c5da415e6b28204ed490a05e15e374688b3557915d37cd9cb42e76775b7a409	workspace/core4d/results/E194/s6_downstream/render/full_g1_expansion/E194_box023_20231020_042_p1_G1_expansion.mp4	logs/E194/cem/full_g1_expansion/E194_box023_20231020_042_p1_G1_expansion.log	E196_box023_20231020_042_p1_G1_reference_fix	workspace/core4d/results/E196/s6_downstream/cem/full_reference_fix/E196_box023_20231020_042_p1_G1_reference_fix.npz	workspace/core4d/results/E196/s6_downstream/cem/full_reference_fix/E196_box023_20231020_042_p1_G1_reference_fix_outdir/trajectory_mjwp_act.npz	workspace/core4d/results/E196/s6_downstream/cem/full_reference_fix/E196_box023_20231020_042_p1_G1_reference_fix_outdir/config_act.yaml	workspace/core4d/results/E196/s6_downstream/render/full_reference_fix/E196_box023_20231020_042_p1_G1_reference_fix.mp4	logs/E196/cem/full_reference_fix/E196_box023_20231020_042_p1_G1_reference_fix.log	run_complete_pending_eval		remaining	2026-08-12T15:27:05+08:00
11	box001_20231020_014_p1	box001	omnirt_v1	G1_reference_corrected	wave0	ada-gpu0	ada-gpu0	0	0	dcv3_omnirt_v1_ref_fk_box001_20231020_014_p1	example_datasets/processed/core4d/unitree_g1/humanoid_object/dcv3_omnirt_v1_ref_fk_box001_20231020_014_p1/scene.xml	example_datasets/processed/core4d/unitree_g1/humanoid_object/dcv3_omnirt_v1_ref_fk_box001_20231020_014_p1/0/trajectory_kinematic.npz	099510bd23ada050943351a06cedbb787687b786f4589b688425b057ad7cd0a9	workspace/core4d/results/E173/s3_retarget/omnirt_v1/ref_fk/results/omnirt_v1_ref_fk/contact_masks/dcv3_omnirt_v1_ref_fk_box001_20231020_014_p1/raw_contact_mask_3cm.npz	1a185578e6defac185981322314b395ee358837c71a5a219bd0c4a1abd286050	core4d_E173_box001_20231020_014_p1_PRG	examples/config/override/core4d_E173_box001_20231020_014_p1_PRG.yaml	dabb5f57f2abfc40c676fcca439f99ef4181ce3cb812228161ff24fae68c471d	example_datasets/processed/core4d/unitree_g1/humanoid_object/dcv3_omnirt_v1_ref_fk_box001_20231020_014_p1/scene_act_E194_G1_expansion_rubberHull_PRG_gravcomp.xml	scene_act_E194_G1_expansion_rubberHull_PRG_gravcomp	0b13f9776b460190e2b9efb3db252c36b9f5a850245485a06eb9d5571c4d899c	example_datasets/processed/core4d/unitree_g1/humanoid_object/dcv3_omnirt_v1_ref_fk_box001_20231020_014_p1/scene_act_meta.json	40cb82c8fe5a3dc06685d3f06832592d5b7db7cd447fd4061c468f4b8e2f4edb	preserved_existing	XZY	XZY	E196-v1-fail-closed-compiled-axis	b27e8cd83cba6102169cbcfea16e5a0ac0a01bbc7c4bc18852e0c67338634aa7	1.7075472925031877e-06	4.871083751574258e-14	500.0	50.0	1.0	1024	32	0	scene_name=scene_act_E194_G1_expansion_rubberHull_PRG_gravcomp	E194_box001_20231020_014_p1_G1_expansion	workspace/core4d/results/E194/s6_downstream/cem/full_g1_expansion/E194_box001_20231020_014_p1_G1_expansion.npz	workspace/core4d/results/E194/s6_downstream/cem/full_g1_expansion/E194_box001_20231020_014_p1_G1_expansion_outdir/trajectory_mjwp_act.npz	workspace/core4d/results/E194/s6_downstream/cem/full_g1_expansion/E194_box001_20231020_014_p1_G1_expansion_outdir/config_act.yaml	bc91926f21f4a9408a988b6f7cea8ee8d3b79503a9dc8c851b937f9af49d46ac	workspace/core4d/results/E194/s6_downstream/render/full_g1_expansion/E194_box001_20231020_014_p1_G1_expansion.mp4	logs/E194/cem/full_g1_expansion/E194_box001_20231020_014_p1_G1_expansion.log	E196_box001_20231020_014_p1_G1_reference_fix	workspace/core4d/results/E196/s6_downstream/cem/full_reference_fix/E196_box001_20231020_014_p1_G1_reference_fix.npz	workspace/core4d/results/E196/s6_downstream/cem/full_reference_fix/E196_box001_20231020_014_p1_G1_reference_fix_outdir/trajectory_mjwp_act.npz	workspace/core4d/results/E196/s6_downstream/cem/full_reference_fix/E196_box001_20231020_014_p1_G1_reference_fix_outdir/config_act.yaml	workspace/core4d/results/E196/s6_downstream/render/full_reference_fix/E196_box001_20231020_014_p1_G1_reference_fix.mp4	logs/E196/cem/full_reference_fix/E196_box001_20231020_014_p1_G1_reference_fix.log	run_complete_pending_eval		wave0	2026-08-12T04:01:42+08:00
12	box001_20231003_1_040_p1	box001	omnirt_v1	G1_reference_corrected	remaining	ada-gpu0	ada-gpu0	0	0	dcv3_omnirt_v1_ref_fk_box001_20231003_1_040_p1	example_datasets/processed/core4d/unitree_g1/humanoid_object/dcv3_omnirt_v1_ref_fk_box001_20231003_1_040_p1/scene.xml	example_datasets/processed/core4d/unitree_g1/humanoid_object/dcv3_omnirt_v1_ref_fk_box001_20231003_1_040_p1/0/trajectory_kinematic.npz	d47c4c144c9b5f6282aa9a38ec243399626fe32ff7ad5b59a92d1c05bb85121a	workspace/core4d/results/E173/s3_retarget/omnirt_v1/ref_fk/results/omnirt_v1_ref_fk/contact_masks/dcv3_omnirt_v1_ref_fk_box001_20231003_1_040_p1/raw_contact_mask_3cm.npz	71699f49a5edbe310775ea8d2f42bfa7935e8e0025e2c43381f9a53da06721da	core4d_E173_box001_20231003_1_040_p1_PRG	examples/config/override/core4d_E173_box001_20231003_1_040_p1_PRG.yaml	15e60e75bbf3b8e8b428c811bae9b0500e14b9222a35c33d20d8d5bf2aa3489b	example_datasets/processed/core4d/unitree_g1/humanoid_object/dcv3_omnirt_v1_ref_fk_box001_20231003_1_040_p1/scene_act_E194_G1_expansion_rubberHull_PRG_gravcomp.xml	scene_act_E194_G1_expansion_rubberHull_PRG_gravcomp	e3a080c7b06dff227d98e29da8f8a7ff9a44ac5be1845f5bf039dfeedbe3d28e	example_datasets/processed/core4d/unitree_g1/humanoid_object/dcv3_omnirt_v1_ref_fk_box001_20231003_1_040_p1/scene_act_meta.json	8a7721efaa78f204293f777175b4e421eff824d45cb20c1296be39d8db4d1a94	preserved_existing	ZYX	ZYX	E196-v1-fail-closed-compiled-axis	634ad752b1e909983c837c5b19f281dde717ede79cc3cf3aa831984e902ae8b8	2.4148365394514667e-06	5.2369115333442704e-14	500.0	50.0	1.0	1024	32	0	scene_name=scene_act_E194_G1_expansion_rubberHull_PRG_gravcomp	E194_box001_20231003_1_040_p1_G1_expansion	workspace/core4d/results/E194/s6_downstream/cem/full_g1_expansion/E194_box001_20231003_1_040_p1_G1_expansion.npz	workspace/core4d/results/E194/s6_downstream/cem/full_g1_expansion/E194_box001_20231003_1_040_p1_G1_expansion_outdir/trajectory_mjwp_act.npz	workspace/core4d/results/E194/s6_downstream/cem/full_g1_expansion/E194_box001_20231003_1_040_p1_G1_expansion_outdir/config_act.yaml	bd524a4a431120018e9cf7ef012819ea58644745c6e0c96261ddea016105ebd5	workspace/core4d/results/E194/s6_downstream/render/full_g1_expansion/E194_box001_20231003_1_040_p1_G1_expansion.mp4	logs/E194/cem/full_g1_expansion/E194_box001_20231003_1_040_p1_G1_expansion.log	E196_box001_20231003_1_040_p1_G1_reference_fix	workspace/core4d/results/E196/s6_downstream/cem/full_reference_fix/E196_box001_20231003_1_040_p1_G1_reference_fix.npz	workspace/core4d/results/E196/s6_downstream/cem/full_reference_fix/E196_box001_20231003_1_040_p1_G1_reference_fix_outdir/trajectory_mjwp_act.npz	workspace/core4d/results/E196/s6_downstream/cem/full_reference_fix/E196_box001_20231003_1_040_p1_G1_reference_fix_outdir/config_act.yaml	workspace/core4d/results/E196/s6_downstream/render/full_reference_fix/E196_box001_20231003_1_040_p1_G1_reference_fix.mp4	logs/E196/cem/full_reference_fix/E196_box001_20231003_1_040_p1_G1_reference_fix.log	run_complete_pending_eval		remaining	2026-08-12T13:18:44+08:00
13	box001_20231003_1_042_p1	box001	omnirt_v1	G1_reference_corrected	remaining	ada-gpu0	ada-gpu0	0	0	dcv3_omnirt_v1_ref_fk_box001_20231003_1_042_p1	example_datasets/processed/core4d/unitree_g1/humanoid_object/dcv3_omnirt_v1_ref_fk_box001_20231003_1_042_p1/scene.xml	example_datasets/processed/core4d/unitree_g1/humanoid_object/dcv3_omnirt_v1_ref_fk_box001_20231003_1_042_p1/0/trajectory_kinematic.npz	693133944d7b8ca91547743b57c6df08b47318de6722f2728c8f47347f311e39	workspace/core4d/results/E173/s3_retarget/omnirt_v1/ref_fk/results/omnirt_v1_ref_fk/contact_masks/dcv3_omnirt_v1_ref_fk_box001_20231003_1_042_p1/raw_contact_mask_3cm.npz	cb5d820da879141253160041b0cce9414cfe6fa4074d34f69bf4d069465215f2	core4d_E173_box001_20231003_1_042_p1_PRG	examples/config/override/core4d_E173_box001_20231003_1_042_p1_PRG.yaml	d683d53f715de89d0a07eff5ee7e3bd9da7dec680d13cacb8f0f606ff4869dfc	example_datasets/processed/core4d/unitree_g1/humanoid_object/dcv3_omnirt_v1_ref_fk_box001_20231003_1_042_p1/scene_act_E194_G1_expansion_rubberHull_PRG_gravcomp.xml	scene_act_E194_G1_expansion_rubberHull_PRG_gravcomp	843ef8a8b9d944ab03aa59d21eb3d55c1eee6d6efbc2d6540178416ea71361ce	example_datasets/processed/core4d/unitree_g1/humanoid_object/dcv3_omnirt_v1_ref_fk_box001_20231003_1_042_p1/scene_act_meta.json	40cb82c8fe5a3dc06685d3f06832592d5b7db7cd447fd4061c468f4b8e2f4edb	preserved_existing	XZY	XZY	E196-v1-fail-closed-compiled-axis	670db1f2008ee71fc6f99cb999593ff484d1f5e12d711257179ec7fa0c412971	2.4148365394514667e-06	4.6526822989446135e-14	500.0	50.0	1.0	1024	32	0	scene_name=scene_act_E194_G1_expansion_rubberHull_PRG_gravcomp	E194_box001_20231003_1_042_p1_G1_expansion	workspace/core4d/results/E194/s6_downstream/cem/full_g1_expansion/E194_box001_20231003_1_042_p1_G1_expansion.npz	workspace/core4d/results/E194/s6_downstream/cem/full_g1_expansion/E194_box001_20231003_1_042_p1_G1_expansion_outdir/trajectory_mjwp_act.npz	workspace/core4d/results/E194/s6_downstream/cem/full_g1_expansion/E194_box001_20231003_1_042_p1_G1_expansion_outdir/config_act.yaml	e9a51d54c7b5f9764e08c167080a7dae0097f1522673987a6a12d06320ee7d7e	workspace/core4d/results/E194/s6_downstream/render/full_g1_expansion/E194_box001_20231003_1_042_p1_G1_expansion.mp4	logs/E194/cem/full_g1_expansion/E194_box001_20231003_1_042_p1_G1_expansion.log	E196_box001_20231003_1_042_p1_G1_reference_fix	workspace/core4d/results/E196/s6_downstream/cem/full_reference_fix/E196_box001_20231003_1_042_p1_G1_reference_fix.npz	workspace/core4d/results/E196/s6_downstream/cem/full_reference_fix/E196_box001_20231003_1_042_p1_G1_reference_fix_outdir/trajectory_mjwp_act.npz	workspace/core4d/results/E196/s6_downstream/cem/full_reference_fix/E196_box001_20231003_1_042_p1_G1_reference_fix_outdir/config_act.yaml	workspace/core4d/results/E196/s6_downstream/render/full_reference_fix/E196_box001_20231003_1_042_p1_G1_reference_fix.mp4	logs/E196/cem/full_reference_fix/E196_box001_20231003_1_042_p1_G1_reference_fix.log	run_complete_pending_eval		remaining	2026-08-12T13:47:17+08:00
14	box001_20231003_2_037_p2	box001	omnirt_v1	G1_reference_corrected	remaining	ada-gpu0	ada-gpu0	0	0	dcv3_omnirt_v1_ref_fk_box001_20231003_2_037_p2	example_datasets/processed/core4d/unitree_g1/humanoid_object/dcv3_omnirt_v1_ref_fk_box001_20231003_2_037_p2/scene.xml	example_datasets/processed/core4d/unitree_g1/humanoid_object/dcv3_omnirt_v1_ref_fk_box001_20231003_2_037_p2/0/trajectory_kinematic.npz	f2eb95976d4e8b2bbf9041288b32f3c2da697aba7cd971e7453e8f71fec6e4bb	workspace/core4d/results/E173/s3_retarget/omnirt_v1/ref_fk/results/omnirt_v1_ref_fk/contact_masks/dcv3_omnirt_v1_ref_fk_box001_20231003_2_037_p2/raw_contact_mask_3cm.npz	426c70687f01458b6b1b659dc02d029a5d05001bdd766d60da228409a7b0f48e	core4d_E173_box001_20231003_2_037_p2_PRG	examples/config/override/core4d_E173_box001_20231003_2_037_p2_PRG.yaml	b19843eeca65e1d48cf5a688ba1409b732dd35c62b444a4ec6e54859dfb01ce2	example_datasets/processed/core4d/unitree_g1/humanoid_object/dcv3_omnirt_v1_ref_fk_box001_20231003_2_037_p2/scene_act_E194_G1_expansion_rubberHull_PRG_gravcomp.xml	scene_act_E194_G1_expansion_rubberHull_PRG_gravcomp	aa155cc96d40059aefba9185ff3334d554055337c16f81136062dd18ff7155d4	example_datasets/processed/core4d/unitree_g1/humanoid_object/dcv3_omnirt_v1_ref_fk_box001_20231003_2_037_p2/scene_act_meta.json	40cb82c8fe5a3dc06685d3f06832592d5b7db7cd447fd4061c468f4b8e2f4edb	preserved_existing	XZY	XZY	E196-v1-fail-closed-compiled-axis	3d89b486f246664a7c64dab319def82a25d7dfab3d9e1d2ab25d131a5cfb390c	2.4148365394514667e-06	8.916411167297361e-14	500.0	50.0	1.0	1024	32	0	scene_name=scene_act_E194_G1_expansion_rubberHull_PRG_gravcomp	E194_box001_20231003_2_037_p2_G1_expansion	workspace/core4d/results/E194/s6_downstream/cem/full_g1_expansion/E194_box001_20231003_2_037_p2_G1_expansion.npz	workspace/core4d/results/E194/s6_downstream/cem/full_g1_expansion/E194_box001_20231003_2_037_p2_G1_expansion_outdir/trajectory_mjwp_act.npz	workspace/core4d/results/E194/s6_downstream/cem/full_g1_expansion/E194_box001_20231003_2_037_p2_G1_expansion_outdir/config_act.yaml	974cdbe03925f11b76e94c7d7a0c21cd286e8d138c3bdca0ef8defdc399687fb	workspace/core4d/results/E194/s6_downstream/render/full_g1_expansion/E194_box001_20231003_2_037_p2_G1_expansion.mp4	logs/E194/cem/full_g1_expansion/E194_box001_20231003_2_037_p2_G1_expansion.log	E196_box001_20231003_2_037_p2_G1_reference_fix	workspace/core4d/results/E196/s6_downstream/cem/full_reference_fix/E196_box001_20231003_2_037_p2_G1_reference_fix.npz	workspace/core4d/results/E196/s6_downstream/cem/full_reference_fix/E196_box001_20231003_2_037_p2_G1_reference_fix_outdir/trajectory_mjwp_act.npz	workspace/core4d/results/E196/s6_downstream/cem/full_reference_fix/E196_box001_20231003_2_037_p2_G1_reference_fix_outdir/config_act.yaml	workspace/core4d/results/E196/s6_downstream/render/full_reference_fix/E196_box001_20231003_2_037_p2_G1_reference_fix.mp4	logs/E196/cem/full_reference_fix/E196_box001_20231003_2_037_p2_G1_reference_fix.log	run_complete_pending_eval		remaining	2026-08-12T14:19:16+08:00
15	box001_20231020_010_p1	box001	omnirt_v1	G1_reference_corrected	remaining	ada-gpu0	ada-gpu0	0	0	dcv3_omnirt_v1_ref_fk_box001_20231020_010_p1	example_datasets/processed/core4d/unitree_g1/humanoid_object/dcv3_omnirt_v1_ref_fk_box001_20231020_010_p1/scene.xml	example_datasets/processed/core4d/unitree_g1/humanoid_object/dcv3_omnirt_v1_ref_fk_box001_20231020_010_p1/0/trajectory_kinematic.npz	f33bba81c28909ddb1f9f0636c930fd92d04d12d0f9f01d4f87f41bf99fc148a	workspace/core4d/results/E173/s3_retarget/omnirt_v1/ref_fk/results/omnirt_v1_ref_fk/contact_masks/dcv3_omnirt_v1_ref_fk_box001_20231020_010_p1/raw_contact_mask_3cm.npz	a4d621ef2902537a01c9caac69bee9fa09c1c0f0b6975827a2c6bb33817da722	core4d_E173_box001_20231020_010_p1_PRG	examples/config/override/core4d_E173_box001_20231020_010_p1_PRG.yaml	c4ae2a538046697adb2459afd130db121501dd525d2f8104359a86ca9e943b85	example_datasets/processed/core4d/unitree_g1/humanoid_object/dcv3_omnirt_v1_ref_fk_box001_20231020_010_p1/scene_act_E194_G1_expansion_rubberHull_PRG_gravcomp.xml	scene_act_E194_G1_expansion_rubberHull_PRG_gravcomp	01cdb27aa82a6ae54ed78ba67cce68fce0cc06c60e51282af8f65544f679a7fb	example_datasets/processed/core4d/unitree_g1/humanoid_object/dcv3_omnirt_v1_ref_fk_box001_20231020_010_p1/scene_act_meta.json	40cb82c8fe5a3dc06685d3f06832592d5b7db7cd447fd4061c468f4b8e2f4edb	preserved_existing	XZY	XZY	E196-v1-fail-closed-compiled-axis	0498133d5e0d52796318e66c5184f08d65c224482f4c7679a263bd9c26882af5	2.4148365394514667e-06	7.108895957933346e-14	500.0	50.0	1.0	1024	32	0	scene_name=scene_act_E194_G1_expansion_rubberHull_PRG_gravcomp	E194_box001_20231020_010_p1_G1_expansion	workspace/core4d/results/E194/s6_downstream/cem/full_g1_expansion/E194_box001_20231020_010_p1_G1_expansion.npz	workspace/core4d/results/E194/s6_downstream/cem/full_g1_expansion/E194_box001_20231020_010_p1_G1_expansion_outdir/trajectory_mjwp_act.npz	workspace/core4d/results/E194/s6_downstream/cem/full_g1_expansion/E194_box001_20231020_010_p1_G1_expansion_outdir/config_act.yaml	e638adbd0d92523e66240a12d78b25655ed07928cd04a5a7f28b4d12f539df72	workspace/core4d/results/E194/s6_downstream/render/full_g1_expansion/E194_box001_20231020_010_p1_G1_expansion.mp4	logs/E194/cem/full_g1_expansion/E194_box001_20231020_010_p1_G1_expansion.log	E196_box001_20231020_010_p1_G1_reference_fix	workspace/core4d/results/E196/s6_downstream/cem/full_reference_fix/E196_box001_20231020_010_p1_G1_reference_fix.npz	workspace/core4d/results/E196/s6_downstream/cem/full_reference_fix/E196_box001_20231020_010_p1_G1_reference_fix_outdir/trajectory_mjwp_act.npz	workspace/core4d/results/E196/s6_downstream/cem/full_reference_fix/E196_box001_20231020_010_p1_G1_reference_fix_outdir/config_act.yaml	workspace/core4d/results/E196/s6_downstream/render/full_reference_fix/E196_box001_20231020_010_p1_G1_reference_fix.mp4	logs/E196/cem/full_reference_fix/E196_box001_20231020_010_p1_G1_reference_fix.log	run_complete_pending_eval		remaining	2026-08-12T14:46:06+08:00
16	box001_20231023_108_p1	box001	omnirt_v2	G1_reference_corrected	remaining	ada-gpu0	ada-gpu0	0	0	dcv3_omnirt_v2_ref_fk_box001_20231023_108_p1	example_datasets/processed/core4d/unitree_g1/humanoid_object/dcv3_omnirt_v2_ref_fk_box001_20231023_108_p1/scene.xml	example_datasets/processed/core4d/unitree_g1/humanoid_object/dcv3_omnirt_v2_ref_fk_box001_20231023_108_p1/0/trajectory_kinematic.npz	bb132b3428c37005a5948d3277ae3d4f420eccbd32a606d48a7de6608bdf907d	workspace/core4d/results/E173/s3_retarget/omnirt_v2/ref_fk/results/omnirt_v2_ref_fk/contact_masks/dcv3_omnirt_v2_ref_fk_box001_20231023_108_p1/raw_contact_mask_3cm.npz	551baf6097cba5632e675c6cb19ac42e05a2989337674e9917deef3bcc41e3fb	core4d_E173_box001_20231023_108_p1_PRG	examples/config/override/core4d_E173_box001_20231023_108_p1_PRG.yaml	88669934fbaab7376ddc2df07cc05f9554b73c93f5b130531868b490fd4bdce2	example_datasets/processed/core4d/unitree_g1/humanoid_object/dcv3_omnirt_v2_ref_fk_box001_20231023_108_p1/scene_act_E194_G1_expansion_rubberHull_PRG_gravcomp.xml	scene_act_E194_G1_expansion_rubberHull_PRG_gravcomp	acee348d138cbbcb5f1f34ffc957b053367811013c70c012e2fc75b2b6a82e96	example_datasets/processed/core4d/unitree_g1/humanoid_object/dcv3_omnirt_v2_ref_fk_box001_20231023_108_p1/scene_act_meta.json	0a2150f97b0253275bef08d1f3643e86feb44005054aaa1e7b0ac4571de1e70c	generated_from_compiled_axes	XZY	XZY	E196-v1-fail-closed-compiled-axis	c8a8af27c121025e28f4ff5196812089cf55ba4c17930eb7b7c4f9178aa35f38	2.4148365394514667e-06	5.900916318210353e-14	500.0	50.0	1.0	1024	32	0	scene_name=scene_act_E194_G1_expansion_rubberHull_PRG_gravcomp	E194_box001_20231023_108_p1_G1_expansion	workspace/core4d/results/E194/s6_downstream/cem/full_g1_expansion/E194_box001_20231023_108_p1_G1_expansion.npz	workspace/core4d/results/E194/s6_downstream/cem/full_g1_expansion/E194_box001_20231023_108_p1_G1_expansion_outdir/trajectory_mjwp_act.npz	workspace/core4d/results/E194/s6_downstream/cem/full_g1_expansion/E194_box001_20231023_108_p1_G1_expansion_outdir/config_act.yaml	d808d1f1f96e1c158ae83a33804650d1312cfe04adcbfd8e75b67908de41d275	workspace/core4d/results/E194/s6_downstream/render/full_g1_expansion/E194_box001_20231023_108_p1_G1_expansion.mp4	logs/E194/cem/full_g1_expansion/E194_box001_20231023_108_p1_G1_expansion.log	E196_box001_20231023_108_p1_G1_reference_fix	workspace/core4d/results/E196/s6_downstream/cem/full_reference_fix/E196_box001_20231023_108_p1_G1_reference_fix.npz	workspace/core4d/results/E196/s6_downstream/cem/full_reference_fix/E196_box001_20231023_108_p1_G1_reference_fix_outdir/trajectory_mjwp_act.npz	workspace/core4d/results/E196/s6_downstream/cem/full_reference_fix/E196_box001_20231023_108_p1_G1_reference_fix_outdir/config_act.yaml	workspace/core4d/results/E196/s6_downstream/render/full_reference_fix/E196_box001_20231023_108_p1_G1_reference_fix.mp4	logs/E196/cem/full_reference_fix/E196_box001_20231023_108_p1_G1_reference_fix.log	run_complete_pending_eval		remaining	2026-08-12T15:16:53+08:00
17	box001_20231023_110_p1	box001	omnirt_v2	G1_reference_corrected	remaining	ada-gpu0	ada-gpu0	0	0	dcv3_omnirt_v2_ref_fk_box001_20231023_110_p1	example_datasets/processed/core4d/unitree_g1/humanoid_object/dcv3_omnirt_v2_ref_fk_box001_20231023_110_p1/scene.xml	example_datasets/processed/core4d/unitree_g1/humanoid_object/dcv3_omnirt_v2_ref_fk_box001_20231023_110_p1/0/trajectory_kinematic.npz	a6489404f7027e5ad00b2015ff15dd554e3a3b7c44bfffc7a1458c85bf7f7e37	workspace/core4d/results/E173/s3_retarget/omnirt_v2/ref_fk/results/omnirt_v2_ref_fk/contact_masks/dcv3_omnirt_v2_ref_fk_box001_20231023_110_p1/raw_contact_mask_3cm.npz	1f110268c3af5a29f8b2ee2e8d4ee7efde4e5982116cef75476b33774d528928	core4d_E173_box001_20231023_110_p1_PRG	examples/config/override/core4d_E173_box001_20231023_110_p1_PRG.yaml	39223d8924abbdeef0c156fef62e8ed8007c3619143ebaed65da4d411b02fdbf	example_datasets/processed/core4d/unitree_g1/humanoid_object/dcv3_omnirt_v2_ref_fk_box001_20231023_110_p1/scene_act_E194_G1_expansion_rubberHull_PRG_gravcomp.xml	scene_act_E194_G1_expansion_rubberHull_PRG_gravcomp	c0f3a0beefb83b7631a01914fb55a8896407ac76f0c467155ed5e227c13e23e1	example_datasets/processed/core4d/unitree_g1/humanoid_object/dcv3_omnirt_v2_ref_fk_box001_20231023_110_p1/scene_act_meta.json	40cb82c8fe5a3dc06685d3f06832592d5b7db7cd447fd4061c468f4b8e2f4edb	preserved_existing	XZY	XZY	E196-v1-fail-closed-compiled-axis	e168e783e1786ef84d637da6c71102170bdf1e655ee28337e32c7f6d1563451b	2.4148365394514667e-06	4.8393499691331265e-14	500.0	50.0	1.0	1024	32	0	scene_name=scene_act_E194_G1_expansion_rubberHull_PRG_gravcomp	E194_box001_20231023_110_p1_G1_expansion	workspace/core4d/results/E194/s6_downstream/cem/full_g1_expansion/E194_box001_20231023_110_p1_G1_expansion.npz	workspace/core4d/results/E194/s6_downstream/cem/full_g1_expansion/E194_box001_20231023_110_p1_G1_expansion_outdir/trajectory_mjwp_act.npz	workspace/core4d/results/E194/s6_downstream/cem/full_g1_expansion/E194_box001_20231023_110_p1_G1_expansion_outdir/config_act.yaml	266e2973504c44c1e42d319659b2e6a7780e4feadea03d520a9edb53cfc01a87	workspace/core4d/results/E194/s6_downstream/render/full_g1_expansion/E194_box001_20231023_110_p1_G1_expansion.mp4	logs/E194/cem/full_g1_expansion/E194_box001_20231023_110_p1_G1_expansion.log	E196_box001_20231023_110_p1_G1_reference_fix	workspace/core4d/results/E196/s6_downstream/cem/full_reference_fix/E196_box001_20231023_110_p1_G1_reference_fix.npz	workspace/core4d/results/E196/s6_downstream/cem/full_reference_fix/E196_box001_20231023_110_p1_G1_reference_fix_outdir/trajectory_mjwp_act.npz	workspace/core4d/results/E196/s6_downstream/cem/full_reference_fix/E196_box001_20231023_110_p1_G1_reference_fix_outdir/config_act.yaml	workspace/core4d/results/E196/s6_downstream/render/full_reference_fix/E196_box001_20231023_110_p1_G1_reference_fix.mp4	logs/E196/cem/full_reference_fix/E196_box001_20231023_110_p1_G1_reference_fix.log	run_complete_pending_eval		remaining	2026-08-12T15:57:05+08:00
18	box023_20231008_046_p2	box023	omnirt_v1	G1_reference_corrected	remaining	ada-gpu0	ada-gpu0	0	0	dcv3_omnirt_v1_ref_fk_box023_20231008_046_p2	example_datasets/processed/core4d/unitree_g1/humanoid_object/dcv3_omnirt_v1_ref_fk_box023_20231008_046_p2/scene.xml	example_datasets/processed/core4d/unitree_g1/humanoid_object/dcv3_omnirt_v1_ref_fk_box023_20231008_046_p2/0/trajectory_kinematic.npz	19e0079dd8f6f0030ee8dbc282cb01592bd5f919cc9198f0740556f2e367dd8c	workspace/core4d/results/E173/s3_retarget/omnirt_v1/ref_fk/results/omnirt_v1_ref_fk/contact_masks/dcv3_omnirt_v1_ref_fk_box023_20231008_046_p2/raw_contact_mask_3cm.npz	0ec8c6055aa0813a028b6abbb33fa6ea78a94394af77ca105f44f6adf3ee0057	core4d_E173_box023_20231008_046_p2_PRG	examples/config/override/core4d_E173_box023_20231008_046_p2_PRG.yaml	c86f9d594c4dcac456ca24a9f766377ede146896ed85407417b7416bc7a3684e	example_datasets/processed/core4d/unitree_g1/humanoid_object/dcv3_omnirt_v1_ref_fk_box023_20231008_046_p2/scene_act_E194_G1_expansion_rubberHull_PRG_gravcomp.xml	scene_act_E194_G1_expansion_rubberHull_PRG_gravcomp	333e8f9cbbf309d08b220ea7ca72baaa52e49b92f40a80fd71f4d61e9bad620c	example_datasets/processed/core4d/unitree_g1/humanoid_object/dcv3_omnirt_v1_ref_fk_box023_20231008_046_p2/scene_act_meta.json	40cb82c8fe5a3dc06685d3f06832592d5b7db7cd447fd4061c468f4b8e2f4edb	preserved_existing	XZY	XZY	E196-v1-fail-closed-compiled-axis	dc1794176db99799c74d22f0cdc7d1d16cc16d85699a18b54efb9cf1b79dfd18	1.7075472925031877e-06	1.3597399555105182e-14	500.0	50.0	1.0	1024	32	0	scene_name=scene_act_E194_G1_expansion_rubberHull_PRG_gravcomp	E194_box023_20231008_046_p2_G1_expansion	workspace/core4d/results/E194/s6_downstream/cem/full_g1_expansion/E194_box023_20231008_046_p2_G1_expansion.npz	workspace/core4d/results/E194/s6_downstream/cem/full_g1_expansion/E194_box023_20231008_046_p2_G1_expansion_outdir/trajectory_mjwp_act.npz	workspace/core4d/results/E194/s6_downstream/cem/full_g1_expansion/E194_box023_20231008_046_p2_G1_expansion_outdir/config_act.yaml	68767d69a40d7e442b0aa10986f7bb36cabd84708385a492bc7eaf1bd4e0ebfa	workspace/core4d/results/E194/s6_downstream/render/full_g1_expansion/E194_box023_20231008_046_p2_G1_expansion.mp4	logs/E194/cem/full_g1_expansion/E194_box023_20231008_046_p2_G1_expansion.log	E196_box023_20231008_046_p2_G1_reference_fix	workspace/core4d/results/E196/s6_downstream/cem/full_reference_fix/E196_box023_20231008_046_p2_G1_reference_fix.npz	workspace/core4d/results/E196/s6_downstream/cem/full_reference_fix/E196_box023_20231008_046_p2_G1_reference_fix_outdir/trajectory_mjwp_act.npz	workspace/core4d/results/E196/s6_downstream/cem/full_reference_fix/E196_box023_20231008_046_p2_G1_reference_fix_outdir/config_act.yaml	workspace/core4d/results/E196/s6_downstream/render/full_reference_fix/E196_box023_20231008_046_p2_G1_reference_fix.mp4	logs/E196/cem/full_reference_fix/E196_box023_20231008_046_p2_G1_reference_fix.log	run_complete_pending_eval		remaining	2026-08-12T16:15:09+08:00
19	box023_20231020_040_p1	box023	omnirt_v1	G1_reference_corrected	remaining	ada-gpu0	ada-gpu0	0	0	dcv3_omnirt_v1_ref_fk_box023_20231020_040_p1	example_datasets/processed/core4d/unitree_g1/humanoid_object/dcv3_omnirt_v1_ref_fk_box023_20231020_040_p1/scene.xml	example_datasets/processed/core4d/unitree_g1/humanoid_object/dcv3_omnirt_v1_ref_fk_box023_20231020_040_p1/0/trajectory_kinematic.npz	046e7c094c4b7b5edc0e81502c662a60f2bfaf34eb20700c619664a63c13c548	workspace/core4d/results/E173/s3_retarget/omnirt_v1/ref_fk/results/omnirt_v1_ref_fk/contact_masks/dcv3_omnirt_v1_ref_fk_box023_20231020_040_p1/raw_contact_mask_3cm.npz	38beca33fd0e91f625adb5ebc2623ba9edc9fa0134508b50bdcdc9af43929f79	core4d_E173_box023_20231020_040_p1_PRG	examples/config/override/core4d_E173_box023_20231020_040_p1_PRG.yaml	535b85c9fa900d8c21a867cb3664ccf60694c97374bbeea58be5989138c12c4b	example_datasets/processed/core4d/unitree_g1/humanoid_object/dcv3_omnirt_v1_ref_fk_box023_20231020_040_p1/scene_act_E194_G1_expansion_rubberHull_PRG_gravcomp.xml	scene_act_E194_G1_expansion_rubberHull_PRG_gravcomp	576b71ca653a3423a7dab5b549a8ea20938e50cb76c3dcc49855fe8253907fae	example_datasets/processed/core4d/unitree_g1/humanoid_object/dcv3_omnirt_v1_ref_fk_box023_20231020_040_p1/scene_act_meta.json	40cb82c8fe5a3dc06685d3f06832592d5b7db7cd447fd4061c468f4b8e2f4edb	preserved_existing	XZY	XZY	E196-v1-fail-closed-compiled-axis	b5a380b624bad53ec5bb3c073f25be4e9262a3ba3717d3bf55fab75463b22c87	2.4148365394514667e-06	4.08865160135725e-14	500.0	50.0	1.0	1024	32	0	scene_name=scene_act_E194_G1_expansion_rubberHull_PRG_gravcomp	E194_box023_20231020_040_p1_G1_expansion	workspace/core4d/results/E194/s6_downstream/cem/full_g1_expansion/E194_box023_20231020_040_p1_G1_expansion.npz	workspace/core4d/results/E194/s6_downstream/cem/full_g1_expansion/E194_box023_20231020_040_p1_G1_expansion_outdir/trajectory_mjwp_act.npz	workspace/core4d/results/E194/s6_downstream/cem/full_g1_expansion/E194_box023_20231020_040_p1_G1_expansion_outdir/config_act.yaml	09249547b4003600d3d5815ff1c722a944c3c3630fdfedeb8f586378d982c4a2	workspace/core4d/results/E194/s6_downstream/render/full_g1_expansion/E194_box023_20231020_040_p1_G1_expansion.mp4	logs/E194/cem/full_g1_expansion/E194_box023_20231020_040_p1_G1_expansion.log	E196_box023_20231020_040_p1_G1_reference_fix	workspace/core4d/results/E196/s6_downstream/cem/full_reference_fix/E196_box023_20231020_040_p1_G1_reference_fix.npz	workspace/core4d/results/E196/s6_downstream/cem/full_reference_fix/E196_box023_20231020_040_p1_G1_reference_fix_outdir/trajectory_mjwp_act.npz	workspace/core4d/results/E196/s6_downstream/cem/full_reference_fix/E196_box023_20231020_040_p1_G1_reference_fix_outdir/config_act.yaml	workspace/core4d/results/E196/s6_downstream/render/full_reference_fix/E196_box023_20231020_040_p1_G1_reference_fix.mp4	logs/E196/cem/full_reference_fix/E196_box023_20231020_040_p1_G1_reference_fix.log	run_complete_pending_eval		remaining	2026-08-12T16:39:36+08:00
20	box023_20231020_042_p2	box023	omnirt_v1	G1_reference_corrected	remaining	ada-gpu0	ada-gpu0	0	0	dcv3_omnirt_v1_ref_fk_box023_20231020_042_p2	example_datasets/processed/core4d/unitree_g1/humanoid_object/dcv3_omnirt_v1_ref_fk_box023_20231020_042_p2/scene.xml	example_datasets/processed/core4d/unitree_g1/humanoid_object/dcv3_omnirt_v1_ref_fk_box023_20231020_042_p2/0/trajectory_kinematic.npz	98319da08dccffa00dc4e0e36fc602aa8aaf7a5b7bffcd944c94afd9043b61e2	workspace/core4d/results/E173/s3_retarget/omnirt_v1/ref_fk/results/omnirt_v1_ref_fk/contact_masks/dcv3_omnirt_v1_ref_fk_box023_20231020_042_p2/raw_contact_mask_3cm.npz	3e90235cd86bb5a5781568f5e00702fef7eb72a244e703babcbc75742b3e0bf4	core4d_E173_box023_20231020_042_p2_PRG	examples/config/override/core4d_E173_box023_20231020_042_p2_PRG.yaml	1d7657241c57723aec109332fae3dd9682c2df36b6af2fe9aee19825d6df4857	example_datasets/processed/core4d/unitree_g1/humanoid_object/dcv3_omnirt_v1_ref_fk_box023_20231020_042_p2/scene_act_E194_G1_expansion_rubberHull_PRG_gravcomp.xml	scene_act_E194_G1_expansion_rubberHull_PRG_gravcomp	3da0f7531aa765d895ea01820fef2d977c1bbb9238c531b601e910acd4e4e791	example_datasets/processed/core4d/unitree_g1/humanoid_object/dcv3_omnirt_v1_ref_fk_box023_20231020_042_p2/scene_act_meta.json	40cb82c8fe5a3dc06685d3f06832592d5b7db7cd447fd4061c468f4b8e2f4edb	preserved_existing	XZY	XZY	E196-v1-fail-closed-compiled-axis	e5acfbaaadc2251ddc5d7b99ea718be3d94205adbe2ec81266a5d86841004312	2.4148365394514667e-06	8.1773032027145e-14	500.0	50.0	1.0	1024	32	0	scene_name=scene_act_E194_G1_expansion_rubberHull_PRG_gravcomp	E194_box023_20231020_042_p2_G1_expansion	workspace/core4d/results/E194/s6_downstream/cem/full_g1_expansion/E194_box023_20231020_042_p2_G1_expansion.npz	workspace/core4d/results/E194/s6_downstream/cem/full_g1_expansion/E194_box023_20231020_042_p2_G1_expansion_outdir/trajectory_mjwp_act.npz	workspace/core4d/results/E194/s6_downstream/cem/full_g1_expansion/E194_box023_20231020_042_p2_G1_expansion_outdir/config_act.yaml	a52c9f299bb2571c9763c748a51dfd80d881c004250a15602b37e70e95445560	workspace/core4d/results/E194/s6_downstream/render/full_g1_expansion/E194_box023_20231020_042_p2_G1_expansion.mp4	logs/E194/cem/full_g1_expansion/E194_box023_20231020_042_p2_G1_expansion.log	E196_box023_20231020_042_p2_G1_reference_fix	workspace/core4d/results/E196/s6_downstream/cem/full_reference_fix/E196_box023_20231020_042_p2_G1_reference_fix.npz	workspace/core4d/results/E196/s6_downstream/cem/full_reference_fix/E196_box023_20231020_042_p2_G1_reference_fix_outdir/trajectory_mjwp_act.npz	workspace/core4d/results/E196/s6_downstream/cem/full_reference_fix/E196_box023_20231020_042_p2_G1_reference_fix_outdir/config_act.yaml	workspace/core4d/results/E196/s6_downstream/render/full_reference_fix/E196_box023_20231020_042_p2_G1_reference_fix.mp4	logs/E196/cem/full_reference_fix/E196_box023_20231020_042_p2_G1_reference_fix.log	run_complete_pending_eval		remaining	2026-08-12T17:03:41+08:00
21	box001_20231020_014_p2	box001	omnirt_v2	G1_reference_corrected	wave0	ada-gpu1	ada-gpu1	1	1	dcv3_omnirt_v2_ref_fk_box001_20231020_014_p2	example_datasets/processed/core4d/unitree_g1/humanoid_object/dcv3_omnirt_v2_ref_fk_box001_20231020_014_p2/scene.xml	example_datasets/processed/core4d/unitree_g1/humanoid_object/dcv3_omnirt_v2_ref_fk_box001_20231020_014_p2/0/trajectory_kinematic.npz	b6dbdca5fdb928bea47a2ff944ece7ec9ac1cb5d03aeeadae16fbcae0f8e2c7e	workspace/core4d/results/E173/s3_retarget/omnirt_v2/ref_fk/results/omnirt_v2_ref_fk/contact_masks/dcv3_omnirt_v2_ref_fk_box001_20231020_014_p2/raw_contact_mask_3cm.npz	f6f2bf32ce062dc091369a2b23ecce79b18417683c48635a64228fe79161c2b3	core4d_E173_box001_20231020_014_p2_PRG	examples/config/override/core4d_E173_box001_20231020_014_p2_PRG.yaml	06657fd294d99e869f505b87862002a7a694924f7f8bcced9427961d65a9a684	example_datasets/processed/core4d/unitree_g1/humanoid_object/dcv3_omnirt_v2_ref_fk_box001_20231020_014_p2/scene_act_E194_G1_expansion_rubberHull_PRG_gravcomp.xml	scene_act_E194_G1_expansion_rubberHull_PRG_gravcomp	526d58e79f293156707b76fd74f8bdfa7aee6301cec4ce924469c6a03a0af103	example_datasets/processed/core4d/unitree_g1/humanoid_object/dcv3_omnirt_v2_ref_fk_box001_20231020_014_p2/scene_act_meta.json	0a2150f97b0253275bef08d1f3643e86feb44005054aaa1e7b0ac4571de1e70c	generated_from_compiled_axes	XZY	XZY	E196-v1-fail-closed-compiled-axis	14cf0af20828479d66109dd7252bfb7aece6ec1328438a0c9959973b4db7a0a4	1.7075472925031877e-06	9.694605782913356e-14	500.0	50.0	1.0	1024	32	0	scene_name=scene_act_E194_G1_expansion_rubberHull_PRG_gravcomp	E194_box001_20231020_014_p2_G1_expansion	workspace/core4d/results/E194/s6_downstream/cem/full_g1_expansion/E194_box001_20231020_014_p2_G1_expansion.npz	workspace/core4d/results/E194/s6_downstream/cem/full_g1_expansion/E194_box001_20231020_014_p2_G1_expansion_outdir/trajectory_mjwp_act.npz	workspace/core4d/results/E194/s6_downstream/cem/full_g1_expansion/E194_box001_20231020_014_p2_G1_expansion_outdir/config_act.yaml	99c89d4176004f64360ac2271fee672d8868be5b8f56de8a296e51dcdfcbdbb6	workspace/core4d/results/E194/s6_downstream/render/full_g1_expansion/E194_box001_20231020_014_p2_G1_expansion.mp4	logs/E194/cem/full_g1_expansion/E194_box001_20231020_014_p2_G1_expansion.log	E196_box001_20231020_014_p2_G1_reference_fix	workspace/core4d/results/E196/s6_downstream/cem/full_reference_fix/E196_box001_20231020_014_p2_G1_reference_fix.npz	workspace/core4d/results/E196/s6_downstream/cem/full_reference_fix/E196_box001_20231020_014_p2_G1_reference_fix_outdir/trajectory_mjwp_act.npz	workspace/core4d/results/E196/s6_downstream/cem/full_reference_fix/E196_box001_20231020_014_p2_G1_reference_fix_outdir/config_act.yaml	workspace/core4d/results/E196/s6_downstream/render/full_reference_fix/E196_box001_20231020_014_p2_G1_reference_fix.mp4	logs/E196/cem/full_reference_fix/E196_box001_20231020_014_p2_G1_reference_fix.log	run_complete_pending_eval		wave0	2026-08-12T04:05:46+08:00
22	box001_20231003_1_040_p2	box001	omnirt_v2	G1_reference_corrected	remaining	ada-gpu1	ada-gpu1	1	1	dcv3_omnirt_v2_ref_fk_box001_20231003_1_040_p2	example_datasets/processed/core4d/unitree_g1/humanoid_object/dcv3_omnirt_v2_ref_fk_box001_20231003_1_040_p2/scene.xml	example_datasets/processed/core4d/unitree_g1/humanoid_object/dcv3_omnirt_v2_ref_fk_box001_20231003_1_040_p2/0/trajectory_kinematic.npz	0a50e9c5a1a5d5385089df7b9d6a3703a4707f2b415ef09d2be1cc50c45d4d39	workspace/core4d/results/E173/s3_retarget/omnirt_v2/ref_fk/results/omnirt_v2_ref_fk/contact_masks/dcv3_omnirt_v2_ref_fk_box001_20231003_1_040_p2/raw_contact_mask_3cm.npz	ff6bc37767f4c306d07eab81dd8d62d3a89e0238ca717def83972ba8e1e5b949	core4d_E173_box001_20231003_1_040_p2_PRG	examples/config/override/core4d_E173_box001_20231003_1_040_p2_PRG.yaml	cc37d923eef6d9d12afa99989c65db31361a103eebf575c9ab70de05222bf781	example_datasets/processed/core4d/unitree_g1/humanoid_object/dcv3_omnirt_v2_ref_fk_box001_20231003_1_040_p2/scene_act_E194_G1_expansion_rubberHull_PRG_gravcomp.xml	scene_act_E194_G1_expansion_rubberHull_PRG_gravcomp	f7c92731326895abee5e67c49f8968de884d4629d239874fcfe59a61753b040f	example_datasets/processed/core4d/unitree_g1/humanoid_object/dcv3_omnirt_v2_ref_fk_box001_20231003_1_040_p2/scene_act_meta.json	75edfa8c21cd66ad755820b38e88965b10f11e9860e4c9e529415ac4d608d4b9	generated_from_compiled_axes	ZYX	ZYX	E196-v1-fail-closed-compiled-axis	54a0bf9e10fca730641a320ab624a498d82bc29b7c63eb2c41bdd40a2e3b1b3a	2.4148365394514667e-06	8.08254562088053e-14	500.0	50.0	1.0	1024	32	0	scene_name=scene_act_E194_G1_expansion_rubberHull_PRG_gravcomp	E194_box001_20231003_1_040_p2_G1_expansion	workspace/core4d/results/E194/s6_downstream/cem/full_g1_expansion/E194_box001_20231003_1_040_p2_G1_expansion.npz	workspace/core4d/results/E194/s6_downstream/cem/full_g1_expansion/E194_box001_20231003_1_040_p2_G1_expansion_outdir/trajectory_mjwp_act.npz	workspace/core4d/results/E194/s6_downstream/cem/full_g1_expansion/E194_box001_20231003_1_040_p2_G1_expansion_outdir/config_act.yaml	83203da24d6523e7b7669953de57e1d932a662221a489eec6b33820b301719f2	workspace/core4d/results/E194/s6_downstream/render/full_g1_expansion/E194_box001_20231003_1_040_p2_G1_expansion.mp4	logs/E194/cem/full_g1_expansion/E194_box001_20231003_1_040_p2_G1_expansion.log	E196_box001_20231003_1_040_p2_G1_reference_fix	workspace/core4d/results/E196/s6_downstream/cem/full_reference_fix/E196_box001_20231003_1_040_p2_G1_reference_fix.npz	workspace/core4d/results/E196/s6_downstream/cem/full_reference_fix/E196_box001_20231003_1_040_p2_G1_reference_fix_outdir/trajectory_mjwp_act.npz	workspace/core4d/results/E196/s6_downstream/cem/full_reference_fix/E196_box001_20231003_1_040_p2_G1_reference_fix_outdir/config_act.yaml	workspace/core4d/results/E196/s6_downstream/render/full_reference_fix/E196_box001_20231003_1_040_p2_G1_reference_fix.mp4	logs/E196/cem/full_reference_fix/E196_box001_20231003_1_040_p2_G1_reference_fix.log	run_complete_pending_eval		remaining	2026-08-12T13:19:06+08:00
23	box001_20231003_1_042_p2	box001	omnirt_v1	G1_reference_corrected	remaining	ada-gpu1	ada-gpu1	1	1	dcv3_omnirt_v1_ref_fk_box001_20231003_1_042_p2	example_datasets/processed/core4d/unitree_g1/humanoid_object/dcv3_omnirt_v1_ref_fk_box001_20231003_1_042_p2/scene.xml	example_datasets/processed/core4d/unitree_g1/humanoid_object/dcv3_omnirt_v1_ref_fk_box001_20231003_1_042_p2/0/trajectory_kinematic.npz	db6c4e6adb3d1688648041a9b597a2c2a27f7cb6a5af64cad923f0115e27170d	workspace/core4d/results/E173/s3_retarget/omnirt_v1/ref_fk/results/omnirt_v1_ref_fk/contact_masks/dcv3_omnirt_v1_ref_fk_box001_20231003_1_042_p2/raw_contact_mask_3cm.npz	68e952cabeedd065baee229cb439f6568b580d384ff52ddfe138f5027ef371ad	core4d_E173_box001_20231003_1_042_p2_PRG	examples/config/override/core4d_E173_box001_20231003_1_042_p2_PRG.yaml	57fed818549d4ccbff090d200f70ac344de3f40f44817d9924340659b9d1afab	example_datasets/processed/core4d/unitree_g1/humanoid_object/dcv3_omnirt_v1_ref_fk_box001_20231003_1_042_p2/scene_act_E194_G1_expansion_rubberHull_PRG_gravcomp.xml	scene_act_E194_G1_expansion_rubberHull_PRG_gravcomp	5576e28afdf4d710bc415595a0a265269a89e5c2134e36b3035f62d96b5acc91	example_datasets/processed/core4d/unitree_g1/humanoid_object/dcv3_omnirt_v1_ref_fk_box001_20231003_1_042_p2/scene_act_meta.json	40cb82c8fe5a3dc06685d3f06832592d5b7db7cd447fd4061c468f4b8e2f4edb	preserved_existing	XZY	XZY	E196-v1-fail-closed-compiled-axis	e46f0ee58708c57b9f6c790abc6e3b4ed199840064bbffc36b5aa316cca90c26	2.4148365394514667e-06	3.6427540840452096e-14	500.0	50.0	1.0	1024	32	0	scene_name=scene_act_E194_G1_expansion_rubberHull_PRG_gravcomp	E194_box001_20231003_1_042_p2_G1_expansion	workspace/core4d/results/E194/s6_downstream/cem/full_g1_expansion/E194_box001_20231003_1_042_p2_G1_expansion.npz	workspace/core4d/results/E194/s6_downstream/cem/full_g1_expansion/E194_box001_20231003_1_042_p2_G1_expansion_outdir/trajectory_mjwp_act.npz	workspace/core4d/results/E194/s6_downstream/cem/full_g1_expansion/E194_box001_20231003_1_042_p2_G1_expansion_outdir/config_act.yaml	3ccc43e6a510e18b44b59b48d60af7a656ea4dc7560976adf881e4fb662c5b9d	workspace/core4d/results/E194/s6_downstream/render/full_g1_expansion/E194_box001_20231003_1_042_p2_G1_expansion.mp4	logs/E194/cem/full_g1_expansion/E194_box001_20231003_1_042_p2_G1_expansion.log	E196_box001_20231003_1_042_p2_G1_reference_fix	workspace/core4d/results/E196/s6_downstream/cem/full_reference_fix/E196_box001_20231003_1_042_p2_G1_reference_fix.npz	workspace/core4d/results/E196/s6_downstream/cem/full_reference_fix/E196_box001_20231003_1_042_p2_G1_reference_fix_outdir/trajectory_mjwp_act.npz	workspace/core4d/results/E196/s6_downstream/cem/full_reference_fix/E196_box001_20231003_1_042_p2_G1_reference_fix_outdir/config_act.yaml	workspace/core4d/results/E196/s6_downstream/render/full_reference_fix/E196_box001_20231003_1_042_p2_G1_reference_fix.mp4	logs/E196/cem/full_reference_fix/E196_box001_20231003_1_042_p2_G1_reference_fix.log	run_complete_pending_eval		remaining	2026-08-12T13:50:11+08:00
24	box001_20231003_2_038_p1	box001	omnirt_v1	G1_reference_corrected	remaining	ada-gpu1	ada-gpu1	1	1	dcv3_omnirt_v1_ref_fk_box001_20231003_2_038_p1	example_datasets/processed/core4d/unitree_g1/humanoid_object/dcv3_omnirt_v1_ref_fk_box001_20231003_2_038_p1/scene.xml	example_datasets/processed/core4d/unitree_g1/humanoid_object/dcv3_omnirt_v1_ref_fk_box001_20231003_2_038_p1/0/trajectory_kinematic.npz	2dbbd5c8a30589dee6f92754492532dbbebef8d28d5db8d1d453d112d8a9410b	workspace/core4d/results/E173/s3_retarget/omnirt_v1/ref_fk/results/omnirt_v1_ref_fk/contact_masks/dcv3_omnirt_v1_ref_fk_box001_20231003_2_038_p1/raw_contact_mask_3cm.npz	63f85e8b2e41506a836340f010e15fbfda67b993ba6983b9413195227a37cc8a	core4d_E173_box001_20231003_2_038_p1_PRG	examples/config/override/core4d_E173_box001_20231003_2_038_p1_PRG.yaml	264ab76cbfa1ee8f921c231c26520b6fab9a02b23ce3a5e1b5aed3c3977ab232	example_datasets/processed/core4d/unitree_g1/humanoid_object/dcv3_omnirt_v1_ref_fk_box001_20231003_2_038_p1/scene_act_E194_G1_expansion_rubberHull_PRG_gravcomp.xml	scene_act_E194_G1_expansion_rubberHull_PRG_gravcomp	9722a6fe342b0487db8cecd3b11ac1b91c37098d5e59e1ea0f19c6cd9f30dda9	example_datasets/processed/core4d/unitree_g1/humanoid_object/dcv3_omnirt_v1_ref_fk_box001_20231003_2_038_p1/scene_act_meta.json	0a2150f97b0253275bef08d1f3643e86feb44005054aaa1e7b0ac4571de1e70c	generated_from_compiled_axes	XZY	XZY	E196-v1-fail-closed-compiled-axis	57b1dfb345dd2560f9208fc74fcd399c2ac3b8753880ef970ac0955692ae963f	1.7075472925031877e-06	4.871083751574258e-14	500.0	50.0	1.0	1024	32	0	scene_name=scene_act_E194_G1_expansion_rubberHull_PRG_gravcomp	E194_box001_20231003_2_038_p1_G1_expansion	workspace/core4d/results/E194/s6_downstream/cem/full_g1_expansion/E194_box001_20231003_2_038_p1_G1_expansion.npz	workspace/core4d/results/E194/s6_downstream/cem/full_g1_expansion/E194_box001_20231003_2_038_p1_G1_expansion_outdir/trajectory_mjwp_act.npz	workspace/core4d/results/E194/s6_downstream/cem/full_g1_expansion/E194_box001_20231003_2_038_p1_G1_expansion_outdir/config_act.yaml	163a78456c4bf8a307ab39fe15a879b67e9fdf6cad55f49c3f9578aae80297c7	workspace/core4d/results/E194/s6_downstream/render/full_g1_expansion/E194_box001_20231003_2_038_p1_G1_expansion.mp4	logs/E194/cem/full_g1_expansion/E194_box001_20231003_2_038_p1_G1_expansion.log	E196_box001_20231003_2_038_p1_G1_reference_fix	workspace/core4d/results/E196/s6_downstream/cem/full_reference_fix/E196_box001_20231003_2_038_p1_G1_reference_fix.npz	workspace/core4d/results/E196/s6_downstream/cem/full_reference_fix/E196_box001_20231003_2_038_p1_G1_reference_fix_outdir/trajectory_mjwp_act.npz	workspace/core4d/results/E196/s6_downstream/cem/full_reference_fix/E196_box001_20231003_2_038_p1_G1_reference_fix_outdir/config_act.yaml	workspace/core4d/results/E196/s6_downstream/render/full_reference_fix/E196_box001_20231003_2_038_p1_G1_reference_fix.mp4	logs/E196/cem/full_reference_fix/E196_box001_20231003_2_038_p1_G1_reference_fix.log	run_complete_pending_eval		remaining	2026-08-12T14:19:37+08:00
25	box001_20231020_011_p1	box001	omnirt_v1	G1_reference_corrected	remaining	ada-gpu1	ada-gpu1	1	1	dcv3_omnirt_v1_ref_fk_box001_20231020_011_p1	example_datasets/processed/core4d/unitree_g1/humanoid_object/dcv3_omnirt_v1_ref_fk_box001_20231020_011_p1/scene.xml	example_datasets/processed/core4d/unitree_g1/humanoid_object/dcv3_omnirt_v1_ref_fk_box001_20231020_011_p1/0/trajectory_kinematic.npz	7cd6a8f1a0b7aef9da7f506e52c768072f0f9d739de2bfd84ab9d42ab900fd88	workspace/core4d/results/E173/s3_retarget/omnirt_v1/ref_fk/results/omnirt_v1_ref_fk/contact_masks/dcv3_omnirt_v1_ref_fk_box001_20231020_011_p1/raw_contact_mask_3cm.npz	2a8cc5ca6352e10dd3b0d61cd90b1b8dfafef3f19da8bc52585fdb3bc47e5040	core4d_E173_box001_20231020_011_p1_PRG	examples/config/override/core4d_E173_box001_20231020_011_p1_PRG.yaml	f26efeb48114264d3cf8ac1cf383840c3a602cbbc64b3fa0ab8552bc70b46543	example_datasets/processed/core4d/unitree_g1/humanoid_object/dcv3_omnirt_v1_ref_fk_box001_20231020_011_p1/scene_act_E194_G1_expansion_rubberHull_PRG_gravcomp.xml	scene_act_E194_G1_expansion_rubberHull_PRG_gravcomp	2866f84564e52d9bf599cdbd1809f55e04b814d40621fac185fe02dee9bc83cc	example_datasets/processed/core4d/unitree_g1/humanoid_object/dcv3_omnirt_v1_ref_fk_box001_20231020_011_p1/scene_act_meta.json	75edfa8c21cd66ad755820b38e88965b10f11e9860e4c9e529415ac4d608d4b9	generated_from_compiled_axes	ZYX	ZYX	E196-v1-fail-closed-compiled-axis	8193c96d0ec096836c38841889013ee3ca2179d7481b72f886dd5ebf86d074b5	2.4148365394514667e-06	3.682193206295148e-14	500.0	50.0	1.0	1024	32	0	scene_name=scene_act_E194_G1_expansion_rubberHull_PRG_gravcomp	E194_box001_20231020_011_p1_G1_expansion	workspace/core4d/results/E194/s6_downstream/cem/full_g1_expansion/E194_box001_20231020_011_p1_G1_expansion.npz	workspace/core4d/results/E194/s6_downstream/cem/full_g1_expansion/E194_box001_20231020_011_p1_G1_expansion_outdir/trajectory_mjwp_act.npz	workspace/core4d/results/E194/s6_downstream/cem/full_g1_expansion/E194_box001_20231020_011_p1_G1_expansion_outdir/config_act.yaml	49a40b04c1c915e82fcec42381aec5a39fd3cdc6190623ac8c964e67d56ed568	workspace/core4d/results/E194/s6_downstream/render/full_g1_expansion/E194_box001_20231020_011_p1_G1_expansion.mp4	logs/E194/cem/full_g1_expansion/E194_box001_20231020_011_p1_G1_expansion.log	E196_box001_20231020_011_p1_G1_reference_fix	workspace/core4d/results/E196/s6_downstream/cem/full_reference_fix/E196_box001_20231020_011_p1_G1_reference_fix.npz	workspace/core4d/results/E196/s6_downstream/cem/full_reference_fix/E196_box001_20231020_011_p1_G1_reference_fix_outdir/trajectory_mjwp_act.npz	workspace/core4d/results/E196/s6_downstream/cem/full_reference_fix/E196_box001_20231020_011_p1_G1_reference_fix_outdir/config_act.yaml	workspace/core4d/results/E196/s6_downstream/render/full_reference_fix/E196_box001_20231020_011_p1_G1_reference_fix.mp4	logs/E196/cem/full_reference_fix/E196_box001_20231020_011_p1_G1_reference_fix.log	run_complete_pending_eval		remaining	2026-08-12T14:46:37+08:00
26	box001_20231023_108_p2	box001	omnirt_v1	G1_reference_corrected	remaining	ada-gpu1	ada-gpu1	1	1	dcv3_omnirt_v1_ref_fk_box001_20231023_108_p2	example_datasets/processed/core4d/unitree_g1/humanoid_object/dcv3_omnirt_v1_ref_fk_box001_20231023_108_p2/scene.xml	example_datasets/processed/core4d/unitree_g1/humanoid_object/dcv3_omnirt_v1_ref_fk_box001_20231023_108_p2/0/trajectory_kinematic.npz	2321c3e30adb91503595fde994915716e395404b2c937b37c2b23f70d403b34a	workspace/core4d/results/E173/s3_retarget/omnirt_v1/ref_fk/results/omnirt_v1_ref_fk/contact_masks/dcv3_omnirt_v1_ref_fk_box001_20231023_108_p2/raw_contact_mask_3cm.npz	ea684f7d17007d19a25148e034b9ca09603816411b1caf6303d85531be8bde1f	core4d_E173_box001_20231023_108_p2_PRG	examples/config/override/core4d_E173_box001_20231023_108_p2_PRG.yaml	cd0b871e1f427eb0f7aa924448a747759f6f76dbe2c465bc0f8689ff784de763	example_datasets/processed/core4d/unitree_g1/humanoid_object/dcv3_omnirt_v1_ref_fk_box001_20231023_108_p2/scene_act_E194_G1_expansion_rubberHull_PRG_gravcomp.xml	scene_act_E194_G1_expansion_rubberHull_PRG_gravcomp	efc851852f0025cebc29c95f05d15d8ee0555cffa55f0dbd4ced73e3aeead137	example_datasets/processed/core4d/unitree_g1/humanoid_object/dcv3_omnirt_v1_ref_fk_box001_20231023_108_p2/scene_act_meta.json	0a2150f97b0253275bef08d1f3643e86feb44005054aaa1e7b0ac4571de1e70c	generated_from_compiled_axes	XZY	XZY	E196-v1-fail-closed-compiled-axis	c3134d3fea7e8140fb28051381203260ce0f3fcec55ca503989679ab95cf8df1	2.4148365394514667e-06	2.5438405243138007e-14	500.0	50.0	1.0	1024	32	0	scene_name=scene_act_E194_G1_expansion_rubberHull_PRG_gravcomp	E194_box001_20231023_108_p2_G1_expansion	workspace/core4d/results/E194/s6_downstream/cem/full_g1_expansion/E194_box001_20231023_108_p2_G1_expansion.npz	workspace/core4d/results/E194/s6_downstream/cem/full_g1_expansion/E194_box001_20231023_108_p2_G1_expansion_outdir/trajectory_mjwp_act.npz	workspace/core4d/results/E194/s6_downstream/cem/full_g1_expansion/E194_box001_20231023_108_p2_G1_expansion_outdir/config_act.yaml	873a0f58029bb21d10e5b2a555a96a3e5b854ff018024fca4335e42fa7eebe0a	workspace/core4d/results/E194/s6_downstream/render/full_g1_expansion/E194_box001_20231023_108_p2_G1_expansion.mp4	logs/E194/cem/full_g1_expansion/E194_box001_20231023_108_p2_G1_expansion.log	E196_box001_20231023_108_p2_G1_reference_fix	workspace/core4d/results/E196/s6_downstream/cem/full_reference_fix/E196_box001_20231023_108_p2_G1_reference_fix.npz	workspace/core4d/results/E196/s6_downstream/cem/full_reference_fix/E196_box001_20231023_108_p2_G1_reference_fix_outdir/trajectory_mjwp_act.npz	workspace/core4d/results/E196/s6_downstream/cem/full_reference_fix/E196_box001_20231023_108_p2_G1_reference_fix_outdir/config_act.yaml	workspace/core4d/results/E196/s6_downstream/render/full_reference_fix/E196_box001_20231023_108_p2_G1_reference_fix.mp4	logs/E196/cem/full_reference_fix/E196_box001_20231023_108_p2_G1_reference_fix.log	run_complete_pending_eval		remaining	2026-08-12T15:12:44+08:00
27	box001_20231023_110_p2	box001	omnirt_v1	G1_reference_corrected	remaining	ada-gpu1	ada-gpu1	1	1	dcv3_omnirt_v1_ref_fk_box001_20231023_110_p2	example_datasets/processed/core4d/unitree_g1/humanoid_object/dcv3_omnirt_v1_ref_fk_box001_20231023_110_p2/scene.xml	example_datasets/processed/core4d/unitree_g1/humanoid_object/dcv3_omnirt_v1_ref_fk_box001_20231023_110_p2/0/trajectory_kinematic.npz	8599ad9e257c8f161271d94f1acc02205efa8ef9a34a88ecd051eb758df01a93	workspace/core4d/results/E173/s3_retarget/omnirt_v1/ref_fk/results/omnirt_v1_ref_fk/contact_masks/dcv3_omnirt_v1_ref_fk_box001_20231023_110_p2/raw_contact_mask_3cm.npz	45a9c1f4ad60a0a7e1797882400827fb11525c8c91ce112fec449cf8e6a54e45	core4d_E173_box001_20231023_110_p2_PRG	examples/config/override/core4d_E173_box001_20231023_110_p2_PRG.yaml	b7f12ef0dc80d4013e27fd73c5317beb3e5b9c5b807731ee48b7714fbdc34dcb	example_datasets/processed/core4d/unitree_g1/humanoid_object/dcv3_omnirt_v1_ref_fk_box001_20231023_110_p2/scene_act_E194_G1_expansion_rubberHull_PRG_gravcomp.xml	scene_act_E194_G1_expansion_rubberHull_PRG_gravcomp	1f65a6985d5ed9e82044a1889d450e487f60f46ca9d6090f5988138a2f69ba2d	example_datasets/processed/core4d/unitree_g1/humanoid_object/dcv3_omnirt_v1_ref_fk_box001_20231023_110_p2/scene_act_meta.json	40cb82c8fe5a3dc06685d3f06832592d5b7db7cd447fd4061c468f4b8e2f4edb	preserved_existing	XZY	XZY	E196-v1-fail-closed-compiled-axis	29e316286c33738c26569e0116f37238b24a2b4cbc44ecc0a32f3002a9b567d5	2.4148365394514667e-06	3.764949453935611e-14	500.0	50.0	1.0	1024	32	0	scene_name=scene_act_E194_G1_expansion_rubberHull_PRG_gravcomp	E194_box001_20231023_110_p2_G1_expansion	workspace/core4d/results/E194/s6_downstream/cem/full_g1_expansion/E194_box001_20231023_110_p2_G1_expansion.npz	workspace/core4d/results/E194/s6_downstream/cem/full_g1_expansion/E194_box001_20231023_110_p2_G1_expansion_outdir/trajectory_mjwp_act.npz	workspace/core4d/results/E194/s6_downstream/cem/full_g1_expansion/E194_box001_20231023_110_p2_G1_expansion_outdir/config_act.yaml	aace930faa0ce56e9ae551eeb02d9c0e1cd6de20e108a7b0808aaca07f391c5f	workspace/core4d/results/E194/s6_downstream/render/full_g1_expansion/E194_box001_20231023_110_p2_G1_expansion.mp4	logs/E194/cem/full_g1_expansion/E194_box001_20231023_110_p2_G1_expansion.log	E196_box001_20231023_110_p2_G1_reference_fix	workspace/core4d/results/E196/s6_downstream/cem/full_reference_fix/E196_box001_20231023_110_p2_G1_reference_fix.npz	workspace/core4d/results/E196/s6_downstream/cem/full_reference_fix/E196_box001_20231023_110_p2_G1_reference_fix_outdir/trajectory_mjwp_act.npz	workspace/core4d/results/E196/s6_downstream/cem/full_reference_fix/E196_box001_20231023_110_p2_G1_reference_fix_outdir/config_act.yaml	workspace/core4d/results/E196/s6_downstream/render/full_reference_fix/E196_box001_20231023_110_p2_G1_reference_fix.mp4	logs/E196/cem/full_reference_fix/E196_box001_20231023_110_p2_G1_reference_fix.log	run_complete_pending_eval		remaining	2026-08-12T15:56:35+08:00
28	box023_20231011_019_p2	box023	omnirt_v1	G1_reference_corrected	remaining	ada-gpu1	ada-gpu1	1	1	dcv3_omnirt_v1_ref_fk_box023_20231011_019_p2	example_datasets/processed/core4d/unitree_g1/humanoid_object/dcv3_omnirt_v1_ref_fk_box023_20231011_019_p2/scene.xml	example_datasets/processed/core4d/unitree_g1/humanoid_object/dcv3_omnirt_v1_ref_fk_box023_20231011_019_p2/0/trajectory_kinematic.npz	17307c0c031401a45a6b0c72bc65ceb42b7cfd6d418f0670b7849d820a2e1861	workspace/core4d/results/E173/s3_retarget/omnirt_v1/ref_fk/results/omnirt_v1_ref_fk/contact_masks/dcv3_omnirt_v1_ref_fk_box023_20231011_019_p2/raw_contact_mask_3cm.npz	76234e08ab743ca4f13de0a809647259fc3b88a6ca2d71285f573ed672a5eeb4	core4d_E173_box023_20231011_019_p2_PRG	examples/config/override/core4d_E173_box023_20231011_019_p2_PRG.yaml	1e67595abc291cfc85ab116a8329363504eae6f4304f3eee00742f144260dee6	example_datasets/processed/core4d/unitree_g1/humanoid_object/dcv3_omnirt_v1_ref_fk_box023_20231011_019_p2/scene_act_E194_G1_expansion_rubberHull_PRG_gravcomp.xml	scene_act_E194_G1_expansion_rubberHull_PRG_gravcomp	c49d81b91e9acd503d8bc9019c8c970f74ccc493b93dc007c7de679e3ee6880b	example_datasets/processed/core4d/unitree_g1/humanoid_object/dcv3_omnirt_v1_ref_fk_box023_20231011_019_p2/scene_act_meta.json	40cb82c8fe5a3dc06685d3f06832592d5b7db7cd447fd4061c468f4b8e2f4edb	preserved_existing	XZY	XZY	E196-v1-fail-closed-compiled-axis	3d3f12d2b8c13badcf29bf3d428fb4d4a0bb53ec520169e74949723508a07c82	1.7075472925031877e-06	6.574029810705879e-14	500.0	50.0	1.0	1024	32	0	scene_name=scene_act_E194_G1_expansion_rubberHull_PRG_gravcomp	E194_box023_20231011_019_p2_G1_expansion	workspace/core4d/results/E194/s6_downstream/cem/full_g1_expansion/E194_box023_20231011_019_p2_G1_expansion.npz	workspace/core4d/results/E194/s6_downstream/cem/full_g1_expansion/E194_box023_20231011_019_p2_G1_expansion_outdir/trajectory_mjwp_act.npz	workspace/core4d/results/E194/s6_downstream/cem/full_g1_expansion/E194_box023_20231011_019_p2_G1_expansion_outdir/config_act.yaml	3a6710c251b202799775a1a1d0116b7b2c62d86a2953fbbe16db9b59008dc217	workspace/core4d/results/E194/s6_downstream/render/full_g1_expansion/E194_box023_20231011_019_p2_G1_expansion.mp4	logs/E194/cem/full_g1_expansion/E194_box023_20231011_019_p2_G1_expansion.log	E196_box023_20231011_019_p2_G1_reference_fix	workspace/core4d/results/E196/s6_downstream/cem/full_reference_fix/E196_box023_20231011_019_p2_G1_reference_fix.npz	workspace/core4d/results/E196/s6_downstream/cem/full_reference_fix/E196_box023_20231011_019_p2_G1_reference_fix_outdir/trajectory_mjwp_act.npz	workspace/core4d/results/E196/s6_downstream/cem/full_reference_fix/E196_box023_20231011_019_p2_G1_reference_fix_outdir/config_act.yaml	workspace/core4d/results/E196/s6_downstream/render/full_reference_fix/E196_box023_20231011_019_p2_G1_reference_fix.mp4	logs/E196/cem/full_reference_fix/E196_box023_20231011_019_p2_G1_reference_fix.log	run_complete_pending_eval		remaining	2026-08-12T16:19:14+08:00
29	box023_20231020_040_p2	box023	omnirt_v1	G1_reference_corrected	remaining	ada-gpu1	ada-gpu1	1	1	dcv3_omnirt_v1_ref_fk_box023_20231020_040_p2	example_datasets/processed/core4d/unitree_g1/humanoid_object/dcv3_omnirt_v1_ref_fk_box023_20231020_040_p2/scene.xml	example_datasets/processed/core4d/unitree_g1/humanoid_object/dcv3_omnirt_v1_ref_fk_box023_20231020_040_p2/0/trajectory_kinematic.npz	357a1c0be080c1eee65bc79fa7792f8fa66ebf90c2d3c52a25d916c6c537b2cf	workspace/core4d/results/E173/s3_retarget/omnirt_v1/ref_fk/results/omnirt_v1_ref_fk/contact_masks/dcv3_omnirt_v1_ref_fk_box023_20231020_040_p2/raw_contact_mask_3cm.npz	1dd4798abdd5e8b5d7ea6ef75c94be4b07d2688e7a61b884deec9f899f1fda4a	core4d_E173_box023_20231020_040_p2_PRG	examples/config/override/core4d_E173_box023_20231020_040_p2_PRG.yaml	3802bb4f1509188cea509a96ae824efbf1eefc3fbf110a031b5c46f27f048e45	example_datasets/processed/core4d/unitree_g1/humanoid_object/dcv3_omnirt_v1_ref_fk_box023_20231020_040_p2/scene_act_E194_G1_expansion_rubberHull_PRG_gravcomp.xml	scene_act_E194_G1_expansion_rubberHull_PRG_gravcomp	8a94ee86dac307e66d249547a060c5f95c733b28800c8759c9216295ba5c9469	example_datasets/processed/core4d/unitree_g1/humanoid_object/dcv3_omnirt_v1_ref_fk_box023_20231020_040_p2/scene_act_meta.json	40cb82c8fe5a3dc06685d3f06832592d5b7db7cd447fd4061c468f4b8e2f4edb	preserved_existing	XZY	XZY	E196-v1-fail-closed-compiled-axis	80ecb974cc0e3675064777901ae125c56801a2aea6987c16fb5b9b5a1e0bb27c	2.4148365394514667e-06	4.9960036108132044e-14	500.0	50.0	1.0	1024	32	0	scene_name=scene_act_E194_G1_expansion_rubberHull_PRG_gravcomp	E194_box023_20231020_040_p2_G1_expansion	workspace/core4d/results/E194/s6_downstream/cem/full_g1_expansion/E194_box023_20231020_040_p2_G1_expansion.npz	workspace/core4d/results/E194/s6_downstream/cem/full_g1_expansion/E194_box023_20231020_040_p2_G1_expansion_outdir/trajectory_mjwp_act.npz	workspace/core4d/results/E194/s6_downstream/cem/full_g1_expansion/E194_box023_20231020_040_p2_G1_expansion_outdir/config_act.yaml	21cb86cc74003a0f8bcf502110e9c10dfabe7bbf7069da131f09a8f96f3ec62d	workspace/core4d/results/E194/s6_downstream/render/full_g1_expansion/E194_box023_20231020_040_p2_G1_expansion.mp4	logs/E194/cem/full_g1_expansion/E194_box023_20231020_040_p2_G1_expansion.log	E196_box023_20231020_040_p2_G1_reference_fix	workspace/core4d/results/E196/s6_downstream/cem/full_reference_fix/E196_box023_20231020_040_p2_G1_reference_fix.npz	workspace/core4d/results/E196/s6_downstream/cem/full_reference_fix/E196_box023_20231020_040_p2_G1_reference_fix_outdir/trajectory_mjwp_act.npz	workspace/core4d/results/E196/s6_downstream/cem/full_reference_fix/E196_box023_20231020_040_p2_G1_reference_fix_outdir/config_act.yaml	workspace/core4d/results/E196/s6_downstream/render/full_reference_fix/E196_box023_20231020_040_p2_G1_reference_fix.mp4	logs/E196/cem/full_reference_fix/E196_box023_20231020_040_p2_G1_reference_fix.log	run_complete_pending_eval		remaining	2026-08-12T16:44:11+08:00
